start_time_s,end_time_s,pitch_midi,velocity,pitch_bend
301.7862498866213,301.8791297052154,61,35,1,1,1,1,1,1,1,1
301.7862498866213,301.94878956916097,58,40,1,1,1,1,1,1,1,1,1,1,1,1,1,1
301.7862498866213,302.20549297052156,53,53,1,1,1,1,1,1,1,1,1,1,1,1,1,1,1,1,1,1,1,1,1,1,1,1,1,1,1,1,1,1,1,1,1,1,1,1,1
301.7862498866213,302.0545632653061,49,33,1,1,1,1,1,1,1,1,-8,-8,-8,-8,-8,-8,-8,-8,-8,1,1,1,1,1,1,1
301.7862498866213,302.8208217687075,46,80,1,1,1,1,1,1,1,1,1,1,1,1,1,1,1,1,1,1,1,1,1,1,1,1,1,1,1,1,1,1,1,1,1,1,1,1,1,1,1,1,1,1,1,1,1,1,1,1,1,1,1,1,1,1,1,1,1,1,1,1,1,1,1,1,1,1,1,1,1,1,1,1,1,1,1,1,1,1,1,1,1,1,1,1,1,1,1,1,1,1
301.7862498866213,302.44930249433105,39,45,1,1,1,1,1,1,1,1,1,1,1,1,1,1,1,1,1,1,1,1,1,1,1,1,1,1,1,1,1,1,1,1,1,1,1,1,1,1,1,1,1,1,1,1,1,1,1,1,1,1,1,1,1,1,1,1,1,1
299.509410430839,300.845841723356,58,86,1,1,1,1,1,1,1,1,1,1,1,1,1,1,1,1,1,1,1,1,1,1,1,1,1,1,1,1,1,1,1,1,1,1,1,1,1,1,1,1,1,1,1,1,1,1,1,1,1,1,1,1,1,1,1,1,1,1,1,1,1,1,1,1,1,1,1,1,1,1,1,1,1,1,1,1,1,1,1,1,1,1,1,1,1,1,1,1,1,1,1,1,1,1,1,1,1,1,1,1,1,1,1,1,1,1,1,1,1,1,1,1,1,1,1,1
299.509410430839,300.95033151927436,53,48,0,0,1,1,1,1,1,1,1,1,1,1,1,1,1,1,1,1,1,1,1,1,1,1,1,1,1,1,1,1,1,1,1,1,1,1,1,1,1,1,1,1,1,1,1,1,1,1,1,1,1,1,1,1,1,1,1,1,1,1,1,1,1,1,1,1,1,1,1,1,1,1,1,1,1,1,1,1,1,1,1,1,1,1,1,1,1,1,1,1,1,1,1,1,1,1,1,1,1,1,1,1,1,1,1,1,1,1,1,1,1,1,1,1,1,1,1,1,1,1,1,1,1,1,1
299.509410430839,301.7862498866213,46,82,1,1,1,1,1,1,1,1,1,1,1,1,1,1,1,1,1,1,1,1,1,1,1,1,1,1,1,1,1,1,1,1,1,1,1,1,1,1,1,1,1,1,1,1,1,1,1,1,1,1,1,1,1,1,1,1,1,1,1,1,1,1,1,1,1,1,1,1,1,1,1,1,1,1,1,1,1,1,1,1,1,1,1,1,1,1,1,1,1,1,1,1,1,1,1,1,1,1,1,1,1,1,1,1,1,1,1,1,1,1,1,1,1,1,1,1,1,1,1,1,1,1,1,1,1,1,1,1,1,1,1,1,1,1,1,1,1,1,1,1,1,1,1,1,1,1,1,1,1,1,1,1,1,1,1,1,1,1,1,1,1,1,1,1,1,1,1,1,1,1,1,1,1,1,1,1,1,1,1,1,1,1,1,1,1,1,1,1,1,1,1,1,1,1,1,1,1
299.509410430839,300.72974195011335,39,57,1,1,1,1,1,1,1,1,1,1,1,1,1,1,1,1,1,1,1,1,1,1,1,1,1,1,1,1,1,1,1,1,1,1,1,1,1,1,1,1,1,1,1,1,1,1,1,1,1,1,1,1,1,1,1,1,1,1,1,1,1,1,1,1,1,1,1,1,1,1,1,1,1,1,1,1,1,1,1,1,1,1,1,1,1,1,1,1,1,1,1,1,1,1,1,1,1,1,1,1,1,1,1,1,1,1
299.49780045351474,299.7067800453515,49,43,1,1,1,1,1,1,1,1,1,1,1,1,1,1,1,1,1,1
297.9872195011338,298.185873015873,42,64,0,0,0,0,0,0,0,0,0,0,0,0,0,0,0,0,0,0
297.952389569161,298.139433106576,51,65,1,1,1,1,1,1,1,1,1,1,1,1,1,1,1,0,0
297.87111972789114,297.9872195011338,54,38,1,1,1,1,0,0,0,1,1,1
297.87111972789114,297.9872195011338,42,76,0,0,0,0,0,0,0,0,0,0
297.8014598639456,297.90594965986395,63,39,0,0,0,0,0,0,1,1,1
297.8014598639456,298.02333333333337,58,34,0,0,1,0,0,0,0,0,0,0,0,1,1,1,1,1,1,1,1,1
297.8014598639456,297.952389569161,51,78,1,1,1,1,0,1,1,1,1,1,1,1,1
296.5591922902494,296.72173197278914,39,56,1,1,1,1,1,1,1,1,1,1,1,2,2,2
296.4430925170068,297.27901088435374,46,51,1,1,1,1,1,1,1,1,1,1,1,0,0,0,0,1,1,1,1,1,1,1,1,1,1,1,1,1,1,1,1,1,1,1,1,1,1,1,1,1,1,1,1,1,1,1,1,1,1,1,1,1,1,1,1,1,1,1,1,1,1,1,1,1,1,1,1,1,1,1,1,1
296.3850426303855,296.5591922902494,39,64,-1,1,1,1,1,1,1,1,1,1,1,1,1,1,1
296.37343265306123,296.7913918367347,54,60,1,1,1,1,1,1,1,1,1,1,1,1,1,1,1,1,1,1,1,0,1,1,1,1,1,1,1,1,1,0,0,0,0,0,1,1
296.3502126984127,296.48953242630387,51,38,1,1,1,1,1,1,1,1,1,1,1,1
296.30377278911567,296.76817188208616,58,44,1,1,1,1,1,1,1,1,1,1,1,1,1,1,1,1,1,1,1,0,0,0,0,0,0,0,0,0,0,1,1,1,1,1,1,1,1,1,1,1
296.1992829931973,296.3386027210884,53,57,1,1,1,1,1,1,1,1,1,1,1,1
296.1064031746032,296.1992829931973,53,63,1,1,1,1,1,1,1,1
296.09479319727893,296.4430925170068,46,39,1,1,1,1,1,1,1,1,1,1,1,1,1,1,1,1,1,1,1,1,1,1,1,1,0,1,1,1,1,1
296.0599632653061,296.18767301587303,60,45,1,1,1,1,1,1,1,1,1,1,1
296.0599632653061,296.2921628117914,56,51,1,1,1,1,1,1,1,1,1,1,1,1,1,1,1,1,1,1,1,1
295.8961396825397,296.0599632653061,56,51,1,1,1,1,1,1,1,1,1,1,1,1,1,1,1
295.87291972789114,296.1064031746032,53,50,1,1,1,1,1,1,1,1,1,1,1,1,1,1,1,1,1,1,1,1,1
295.8613097505669,295.954189569161,46,46,1,1,1,1,1,1,1,1
295.83808979591834,296.0599632653061,62,62,1,1,1,1,1,1,1,1,1,1,1,1,1,1,1,1,1,1,1,1
295.8032598639456,295.8961396825397,56,40,1,1,1,1,1,1,1,1
295.74520997732424,295.8613097505669,46,32,1,1,1,1,1,1,1,1,1,1
295.7103800453515,295.8032598639456,56,31,-1,1,1,1,1,1,1,1
295.59428027210885,295.87291972789114,53,41,1,1,1,1,1,1,1,1,1,1,1,1,1,1,1,1,1,1,1,1,1,1,1,1
295.5710603174603,295.6755501133787,58,53,1,1,1,1,1,1,1,1,1
295.46657052154194,295.59428027210885,53,59,1,1,1,1,1,1,1,1,1,1,1
295.3969106575964,295.5710603174603,58,40,1,1,1,1,1,1,1,1,1,1,1,1,1,1,1
295.3969106575964,295.513010430839,46,49,1,1,1,1,1,1,1,1,1,1
295.37369070294784,295.46657052154194,53,46,1,1,1,1,1,1,1,1
295.04861133786846,295.37369070294784,53,60,1,1,1,1,1,1,1,1,1,1,1,1,1,1,1,1,1,1,1,1,1,1,1,1,1,1,1,1
295.0370013605442,295.3969106575964,46,54,1,1,1,1,1,1,1,1,1,1,1,1,1,1,1,1,1,1,1,1,1,1,1,1,1,1,1,1,1,0,1
294.92090158730156,295.0370013605442,46,43,1,1,1,1,1,1,1,1,1,1
294.54938231292516,294.68870204081634,58,39,1,1,1,1,1,1,1,1,1,1,1,1
294.4797224489796,294.59582222222224,62,46,1,1,1,1,1,1,1,1,1,1
294.37523265306123,294.6190421768707,53,58,1,1,1,1,1,1,1,1,1,1,1,1,1,1,1,1,1,1,1,1,1
294.36362267573696,294.4797224489796,62,53,1,1,1,1,1,1,1,1,1,1
294.10820317460315,294.37523265306123,53,53,1,1,1,1,1,1,1,1,1,1,1,1,1,1,1,1,1,1,1,1,1,1,1
293.8863297052154,293.9792095238095,58,40,1,1,1,1,1,1,1,1
293.8514997732426,293.96759954648525,73,39,1,1,1,1,1,1,1,1,1,1
293.80505986394553,294.1662530612245,62,61,1,1,1,1,1,1,1,1,1,1,1,1,1,1,0,0,0,0,0,1,1,1,1,1,1,1,1,1,0,0,0,0
293.71218004535143,293.96759954648525,53,47,1,1,1,1,1,1,1,1,1,1,1,1,1,1,1,1,1,1,1,1,1,1
293.56125034013604,293.71218004535143,53,42,1,1,1,1,1,1,1,1,1,1,1,1,1
293.5496403628118,293.7586199546485,65,30,1,1,1,1,1,1,1,1,1,1,1,1,1,1,1,1,1,1
293.52642040816323,293.61930022675733,70,47,1,1,1,1,1,1,1,1
293.37549070294784,293.5032004535147,63,48,1,1,1,1,1,1,1,1,1,1,1
293.3638807256236,293.5032004535147,67,47,1,1,1,1,1,1,1,1,1,1,1,1
293.3638807256236,293.78183990929705,58,53,1,1,1,1,1,1,1,1,1,1,1,1,1,1,1,1,1,1,1,1,1,1,1,1,1,1,1,1,1,1,1,1,1,1,1,1
293.3638807256236,293.5728603174603,51,32,1,1,1,1,1,1,1,1,0,0,0,1,1,1,1,1,1,1
293.1316811791383,293.2593909297052,60,62,1,1,1,1,1,1,1,1,1,1,1
293.1316811791383,293.3638807256236,58,63,1,1,1,1,1,1,1,1,1,1,1,1,1,1,1,1,1,1,1,1
293.120071201814,293.2826108843537,68,33,1,1,1,1,1,1,1,1,1,1,1,1,1,1
293.120071201814,293.2593909297052,56,52,1,1,1,1,1,1,1,1,1,1,1,1
293.073631292517,293.1781210884354,53,41,0,0,1,1,1,1,1,1,1
293.06202131519274,293.24778095238094,65,47,1,1,1,1,1,1,1,1,1,1,1,1,1,1,1,1
293.0388013605442,293.1316811791383,60,42,1,1,1,-5,-5,-5,-5,1
293.01558140589566,293.1316811791383,58,65,1,1,1,1,1,1,1,1,1,1
292.98075147392285,293.120071201814,56,37,1,1,1,1,1,1,1,1,1,1,1,1
292.48152244897955,292.632452154195,58,63,1,1,1,1,1,1,1,1,1,1,1,1,1
292.4002526077097,292.5860122448979,56,59,1,1,1,1,1,1,1,1,1,1,1,1,1,1,1,1
292.3538126984127,292.48152244897955,58,62,1,1,1,1,1,1,1,1,1,1,1
292.3422027210884,292.5395723356009,63,49,1,1,1,1,1,1,1,1,1,1,1,1,1,1,1,1,1
292.2144929705215,292.3538126984127,58,45,1,1,1,1,1,1,1,1,1,1,1,1
292.1332231292517,292.2841528344671,55,42,0,0,0,0,0,0,0,0,0,0,0,1,1
292.0403433106576,292.2144929705215,58,61,1,1,1,1,1,1,1,1,1,1,1,1,1,1,1
292.0287333333333,292.1332231292517,55,33,1,1,1,1,1,1,1,1,1
291.8649097505669,292.0403433106576,58,62,1,1,1,1,1,1,1,1,1,1,1,1,1,1,1,1
291.8068598639456,291.96939954648525,61,34,-2,-2,-2,-2,-2,-2,1,1,1,1,1,1,1,1
291.7720299319728,291.8649097505669,65,46,1,1,1,1,1,1,1,1
291.7139800453515,291.8068598639456,60,34,-5,-5,-5,-5,-5,-5,-5,-5
291.69076009070295,291.8649097505669,58,70,1,1,1,1,1,1,1,1,1,1,1,1,1,1,1
291.6791501133787,291.8068598639456,56,38,1,1,1,1,1,1,1,1,1,1,1
291.55144036281183,291.69076009070295,58,34,1,1,1,1,1,1,1,1,1,1,1,1
291.2031410430839,291.3656807256236,54,52,1,1,1,1,1,1,1,1,1,1,1,1,1,1
291.19153106575965,291.31924081632656,58,50,1,1,1,1,1,1,1,1,1,1,1
291.09865124716555,291.19153106575965,58,49,1,1,1,1,1,1,1,1
291.0870412698413,291.2031410430839,54,79,1,1,1,1,1,1,1,1,1,1
291.04060136054426,291.19153106575965,51,60,1,1,1,1,1,1,1,1,1,1,1,1,1
290.9361115646259,291.09865124716555,58,53,1,1,1,1,1,1,1,1,1,1,1,1,1,1
290.87806167800454,291.04060136054426,51,48,1,1,1,1,1,1,1,1,1,1,1,1,1,1
290.82001179138325,290.9361115646259,58,56,1,1,1,1,1,1,1,1,1,1
290.78518185941044,290.87806167800454,51,32,1,1,1,1,1,1,1,1
290.7155219954649,290.9012816326531,70,36,1,1,1,0,1,1,1,1,1,1,1,1,1,1,1,1
290.6690820861678,290.9361115646259,53,50,1,1,1,1,1,1,1,1,1,1,1,1,1,1,1,1,1,1,1,1,1,1,1
290.65747210884354,290.84323174603173,65,45,1,1,1,1,1,1,1,1,1,1,1,1,1,1,1,1
290.64586213151927,290.82001179138325,58,34,1,1,1,1,1,1,1,1,1,1,1,1,1,1,1
290.5762022675737,290.7155219954649,70,31,1,1,1,1,1,1,1,1,1,1,0,1
290.36722267573697,290.5413723356009,56,44,1,1,1,1,1,1,1,1,1,1,1,1,1,1,1
290.2279029478458,290.34400272108843,65,55,1,1,1,1,1,1,1,1,1,1
290.2046829931973,290.46010249433107,58,40,1,1,1,1,1,1,1,1,1,1,1,1,1,1,-1,-1,-1,1,1,1,1,1
289.75060997732425,289.8550997732426,62,53,1,1,1,1,1,1,1,1,1
289.6809501133787,289.959589569161,65,36,1,1,1,1,1,1,1,1,1,1,1,1,1,1,1,1,1,1,1,1,1,1,1,1
289.6693401360544,289.87831972789115,60,50,1,1,1,1,1,1,1,1,1,1,1,1,1,1,1,1,1,1
289.6693401360544,289.8899297052154,56,56,1,1,1,1,1,1,1,1,1,1,1,1,1,1,1,1,1,1,1
289.6693401360544,289.8318798185941,53,45,1,1,1,1,1,1,1,1,1,1,1,1,1,1
289.41392063492066,289.53002040816324,68,46,1,1,1,1,1,1,1,1,1,1
289.4023106575964,289.53002040816324,61,47,1,1,1,1,1,1,1,1,1,1,1
289.21655102040813,289.4023106575964,61,47,1,1,1,1,1,1,1,1,1,1,1,1,1,1,1,1
289.0540113378685,289.2049410430839,60,61,1,1,1,1,1,1,1,1,1,1,1,1,1
288.53156235827663,288.70571201814056,65,70,1,1,1,1,1,1,1,1,1,1,1,1,1,1,1
288.53156235827663,288.6708820861678,61,48,1,1,1,1,1,1,1,1,1,1,1,1
288.53156235827663,288.64766213151927,53,43,1,1,1,1,1,1,1,1,1,1
288.415462585034,288.53156235827663,62,56,1,1,1,1,1,1,1,1,1,1
288.3922426303855,288.6012222222222,56,46,1,1,1,1,1,1,1,1,1,1,1,1,1,1,1,1,1,1
288.33419274376416,288.53156235827663,53,41,1,1,1,1,1,1,1,1,1,1,1,1,1,1,1,1,1
288.0787732426304,288.1832630385488,67,39,1,1,1,1,1,1,1,1,1
288.06716326530614,288.43868253968253,58,53,1,1,1,1,1,1,1,1,1,1,1,1,1,1,1,1,1,1,1,1,1,1,1,1,1,1,1,1,1,1,1,1
288.007829478458,288.14843310657596,51,45,1,1,1,1,1,1,1,1,1,1,1,1,1
287.99621950113374,288.1832630385488,63,34,1,1,1,1,1,1,1,1,1,1,1,1,1,1,1,1,1
287.7408,287.9265596371882,60,56,1,1,1,1,1,1,1,1,1,1,1,1,1,1,1,1
287.7291900226757,287.8220698412698,72,38,0,1,1,1,1,1,1,1
287.71758004535144,287.9149496598639,56,53,1,1,1,1,1,1,1,1,1,1,1,1,1,1,1,1,1
287.1719111111111,287.34606077097504,58,66,1,1,1,1,1,1,1,1,1,1,1,1,1,1,1
287.06742131519275,287.1719111111111,58,67,1,1,1,1,1,1,1,1,1
286.99776145124713,287.20674104308387,56,53,1,1,1,1,1,1,1,1,1,1,1,1,1,1,1,1,1,1
286.98615147392286,287.2880108843537,63,58,1,1,1,1,1,1,1,1,1,1,1,1,1,1,1,1,1,1,1,1,1,1,1,1,1,1
286.89327165532876,287.07903129251696,60,34,1,1,1,1,1,1,1,1,1,1,1,1,1,1,1,1
286.8700517006803,287.06742131519275,58,37,1,1,1,1,1,1,1,1,1,1,-5,-5,-5,-5,1,1,1
286.74234195011337,286.84683174603174,61,55,1,1,1,1,1,1,1,1,1
286.74234195011337,286.99776145124713,56,42,1,1,1,1,1,1,1,1,1,1,1,1,1,1,1,1,1,1,1,1,1,1
286.53336235827663,286.637852154195,58,44,1,1,1,1,1,1,1,1,1
286.42887256235826,286.52175238095236,61,50,1,1,1,1,1,-2,-2,-2
286.4056526077097,286.74234195011337,56,40,1,1,1,1,1,1,1,1,1,1,1,1,1,1,1,1,1,1,1,1,1,1,1,1,1,1,1,1,1
286.3592126984127,286.53336235827663,58,41,1,1,1,1,1,1,1,1,1,-5,-5,-5,1,1,1
286.3243827664399,286.42887256235826,61,67,1,1,1,1,1,1,1,1,1
286.3243827664399,286.48692244897956,53,53,1,1,1,1,1,1,1,1,1,1,1,1,1,1
286.3127727891156,286.44048253968253,65,41,1,1,1,1,1,1,1,1,1,1,1
285.9399696145125,286.05606938775514,58,58,1,1,1,1,1,1,1,1,1,1
285.8703097505669,286.06767936507936,63,43,1,1,1,1,1,1,1,-5,1,1,1,1,1,1,1,1,1
285.8703097505669,286.1386231292517,61,57,1,1,1,1,1,1,1,1,1,1,1,1,1,1,1,1,1,1,1,1,1,1,1,1
285.8470897959184,285.9515795918368,78,32,1,1,1,1,1,1,1,1,1
285.7658199546485,286.00962947845807,54,59,1,1,1,1,1,1,1,1,1,1,1,1,1,1,1,1,1,1,1,1,1
285.74260000000004,285.8703097505669,61,60,1,1,1,1,1,1,1,1,1,1,1
285.73099002267577,285.88191972789116,46,49,1,1,1,1,1,1,1,1,1,1,1,1,1
285.6845501133787,285.9399696145125,58,60,1,1,1,1,1,1,1,1,1,1,1,1,1,1,1,1,1,1,1,1,1,1
285.6729401360544,285.8703097505669,63,58,1,1,1,1,1,1,1,1,1,1,1,1,1,1,1,1,1
285.66133015873015,285.7658199546485,51,44,1,1,1,1,1,1,1,1,1
285.56845034013605,285.74260000000004,61,60,1,1,1,1,1,1,1,1,1,1,1,1,1,1,1
285.5568403628118,285.73099002267577,46,33,0,0,1,1,1,1,1,1,1,1,1,1,1,1,1
285.54523038548757,285.64972018140594,73,54,1,1,1,1,1,1,1,1,1
285.5336204081633,285.6845501133787,58,63,1,1,1,1,1,1,1,1,1,1,1,1,1
285.47557052154195,285.56845034013605,61,70,1,1,1,1,1,1,1,1
285.33625079365083,285.47557052154195,61,60,-2,-2,-2,1,1,1,1,1,1,1,1,1
285.33625079365083,285.4987904761905,56,36,1,1,1,1,1,1,1,1,1,1,1,1,1,1
285.33625079365083,285.4523505668934,49,33,1,1,1,1,1,1,1,1,1,1
285.32464081632656,285.4871804988662,63,64,1,1,1,1,1,1,1,1,1,1,1,1,1,1
285.01117142857146,285.33625079365083,61,43,1,1,1,1,1,1,1,1,1,1,1,1,1,1,1,1,1,1,1,1,1,1,1,1,1,1,-2,-2
284.9995614512472,285.0924412698413,65,42,1,1,1,1,1,1,1,1
284.9879514739229,285.2201510204082,56,45,1,1,1,1,1,1,1,1,1,1,1,1,1,1,1,1,1,1,1,1
284.79058185941045,285.01117142857146,61,39,-2,-2,1,1,1,1,1,1,1,1,1,1,1,1,1,1,1,1,1
284.6164321995465,284.79058185941045,60,56,1,1,1,1,1,1,1,1,1,1,1,1,1,1,1
284.5235523809524,284.6512621315193,65,50,1,1,1,1,1,1,1,1,1,1,1
284.51194240362815,284.7789718820862,46,38,1,1,1,1,1,1,1,1,1,1,1,1,1,1,1,1,1,1,1,1,1,1,1
284.4655024943311,284.593212244898,61,37,1,1,1,1,0,1,1,1,1,1,1
284.4538925170068,284.60482222222225,53,35,1,1,1,1,1,1,1,1,1,1,1,1,1
284.2100829931973,284.3958426303855,61,53,1,1,1,1,1,1,1,1,1,1,1,1,1,1,1,1
284.2100829931973,284.33779274376417,58,51,1,1,1,1,1,1,1,1,1,1,1
284.19847301587305,284.3145727891157,73,50,1,1,1,1,1,1,1,1,1,1
284.15203310657597,284.5235523809524,65,53,1,1,1,1,1,1,1,1,1,1,1,1,1,1,1,1,1,1,1,1,1,1,1,1,1,1,1,1,1,1,1,1
284.0823732426304,284.2216929705216,56,62,1,1,1,1,1,1,1,1,1,1,1,1
284.03464943310655,284.1752530612245,72,38,1,1,1,1,1,1,1,1,1,1,1,1,1
284.03464943310655,284.1868630385488,60,59,1,1,1,1,1,1,1,1,1,1,1,1,1,1
284.01142947845807,284.19847301587305,63,44,1,1,1,1,1,1,1,1,1,1,1,1,1,1,1,1,1
283.964989569161,284.0823732426304,56,67,1,1,1,1,1,1,1,1,1,1,1
283.84888979591835,284.01142947845807,61,43,-2,1,1,1,1,1,1,1,1,1,1,1,1,1
283.7327900226757,283.84888979591835,60,76,1,1,1,1,1,1,1,1,1,1
283.70957006802723,283.8256698412698,75,36,0,0,1,1,1,1,1,1,1,1
283.69796009070296,283.94176961451245,46,40,1,1,1,1,1,1,1,1,1,1,1,1,2,2,2,2,1,1,1,1,1
283.6863501133787,283.98820952380953,65,41,1,1,1,1,1,1,1,1,1,1,1,1,1,1,1,1,1,1,1,1,1,1,1,1,1,1
283.6515201814059,283.964989569161,56,66,1,1,1,1,1,1,1,1,1,1,1,1,1,1,1,1,1,1,1,1,1,1,1,1,1,1,1
283.61669024943313,283.88371972789116,68,40,1,1,1,1,1,1,1,1,1,1,1,1,1,1,1,1,1,1,1,1,1,1,1
283.3728807256236,283.6863501133787,65,50,1,1,1,1,1,1,1,1,1,1,1,1,1,1,1,1,1,1,1,1,1,1,1,1,1,1,1
283.31483083900224,283.51220045351477,61,73,1,1,1,1,1,1,1,1,1,1,1,1,1,1,1,1,1
282.9897514739229,283.12907120181404,72,36,1,1,1,1,1,1,1,1,1,1,1,1
282.9897514739229,283.1522911564626,46,46,1,1,1,1,1,1,1,1,1,1,1,1,1,1
282.97814149659865,283.16390113378685,68,54,1,1,1,1,1,1,1,1,1,1,1,1,1,1,1,1
282.97814149659865,283.3728807256236,56,36,1,1,1,1,1,1,1,1,1,1,1,1,1,1,1,1,1,1,1,1,1,1,1,1,1,1,1,1,1,1,1,1,1,1
282.9665315192744,283.3728807256236,65,48,1,1,1,1,1,1,1,1,1,1,1,1,1,1,1,1,1,1,1,1,1,1,1,1,1,1,1,1,1,1,1,1,1,1,1
282.85043174603175,282.9665315192744,61,67,1,1,1,1,1,1,1,1,1,1
282.8388217687075,282.9665315192744,65,32,1,1,1,1,1,1,1,1,1,1,1
282.50213242630383,282.61823219954647,65,40,1,1,1,1,1,1,1,1,1,1
282.38603265306125,282.5137424036281,56,63,1,1,1,1,1,1,1,1,1,1,1
282.374422675737,282.47891247165535,63,49,1,1,1,1,1,1,1,1,1
282.374422675737,282.52535238095237,60,68,1,1,1,1,1,1,1,1,1,1,1,1,1
282.374422675737,282.4673024943311,53,50,1,1,1,1,1,1,1,1
282.2931528344671,282.44408253968254,65,53,1,1,1,1,1,1,1,1,1,1,1,1,1
282.0248394557823,282.2931528344671,65,45,1,1,1,1,1,1,1,1,1,1,1,1,1,1,1,1,1,1,1,1,1,1,1,1
281.966789569161,282.1422231292517,61,62,1,1,1,1,1,1,1,1,1,1,1,1,1,1,1,1
281.8390798185941,281.9551795918367,58,32,-5,1,1,1,1,1,1,1,1,1
281.63010022675735,281.88551972789116,56,39,1,1,1,1,1,1,1,1,1,1,1,1,1,1,1,1,1,1,1,1,1,1
281.6068802721088,281.90873968253965,68,50,1,1,1,1,1,1,1,1,1,1,1,1,1,1,1,1,1,1,1,1,1,1,1,1,1,1
281.5488303854875,281.72298004535145,53,36,1,1,1,1,1,1,1,1,1,1,1,1,1,1,1
281.53722040816325,281.6533201814059,61,44,-2,1,1,1,1,1,1,1,1,1
281.525610430839,282.0248394557823,65,41,1,1,1,1,1,1,1,1,1,1,1,1,1,1,1,1,1,1,1,1,1,1,1,1,1,1,1,1,1,1,1,1,1,1,1,1,1,1,1,1,1,1,1
281.44434058956915,281.63010022675735,56,34,1,1,1,1,1,1,1,1,1,-2,-2,-2,1,1,1,1
281.3862907029478,281.53722040816325,60,55,1,1,1,1,1,1,1,1,1,1,1,1,1
281.18892108843534,281.35146077097505,61,62,1,1,1,1,1,1,1,1,1,1,1,1,0,0
281.17731111111107,281.3282408163265,73,57,1,1,1,1,1,1,1,1,1,1,1,1,1
281.0496013605442,281.1424811791383,63,51,1,1,1,1,1,1,1,1
281.03799138321995,281.18892108843534,61,42,-2,-2,-2,-2,-2,-2,-2,-2,-2,-2,-2,1,1
281.0263814058957,281.1424811791383,72,47,1,1,1,1,1,1,1,1,1,1
281.0263814058957,281.44434058956915,56,54,1,1,1,1,1,1,1,1,1,1,1,1,1,1,1,1,1,1,1,1,1,1,1,1,1,1,1,1,1,1,1,1,1,1,1,1
281.0147714285714,281.16570113378685,51,46,1,1,1,1,1,1,1,1,1,1,1,1,1
280.6548621315193,280.8406217687075,65,75,1,1,1,1,1,1,1,1,1,1,1,1,1,1,1,1
280.6548621315193,280.81740181405894,61,77,1,1,1,1,1,1,1,1,1,1,1,1,1,1
280.63164217687074,280.75935192743765,77,41,1,1,1,1,1,1,1,1,1,1,1
280.53876235827664,280.63164217687074,60,51,1,1,1,1,1,1,1,1
280.35300272108844,280.5155424036281,54,65,1,1,1,1,1,1,1,1,1,1,1,1,1,1
280.3297827664399,280.4807124716553,73,34,1,1,1,1,1,1,1,1,1,1,1,1,1
280.17885306122446,280.3413927437642,61,57,1,1,1,1,1,1,1,1,1,1,1,1,1,1
280.0498594104309,280.17885306122446,61,39,-2,-2,-2,-2,-2,-2,-2,-2,-2,-2,1,1
279.98019954648527,280.22529297052154,65,47,1,1,1,1,1,1,1,1,1,1,1,1,1,1,1,1,1,1,1,1,1,1
279.968589569161,280.1556331065759,77,42,1,1,1,1,1,1,1,1,1,1,1,1,1,1,1,1,1
279.968589569161,280.0962993197279,72,35,1,1,1,1,1,1,1,1,1,1,1
279.968589569161,280.1556331065759,68,42,1,1,1,1,1,1,1,1,1,1,1,1,1,1,1,1,1
279.66673015873016,279.98019954648527,65,53,1,1,1,1,1,1,1,1,1,1,1,1,1,1,1,1,1,1,1,1,1,1,1,1,1,1,1
279.5970702947846,279.89892970521544,73,40,1,1,1,1,1,1,1,1,1,1,1,1,1,1,1,1,1,1,1,1,1,1,1,1,1,1
279.58546031746033,279.8524897959184,61,59,1,1,1,1,1,1,1,1,1,1,1,1,1,1,1,1,1,1,1,1,1,1,1
279.51580045351477,279.66673015873016,70,34,1,1,1,1,1,1,1,1,1,1,1,1,1
279.3764807256236,279.4693605442177,60,52,1,1,1,1,1,1,1,1
279.34165079365084,279.57385034013606,58,42,1,1,1,1,1,1,1,1,1,1,1,1,1,1,1,1,1,1,1,1
279.2836009070295,279.43453061224494,65,35,1,1,1,1,1,1,1,1,1,1,1,1,1
279.2836009070295,279.3764807256236,60,61,1,1,1,1,1,1,1,1
279.1791111111111,279.30682086167803,63,58,1,1,1,1,1,1,1,1,1,1,1
279.0514013605442,279.1442811791383,61,41,1,1,1,1,1,1,1,1
279.0049614512472,279.34165079365084,56,36,1,1,1,1,1,1,1,1,1,1,1,1,1,1,1,1,1,1,1,1,1,1,1,1,1,1,1,1,1
278.85403174603175,279.0514013605442,61,70,1,1,1,1,1,1,1,1,1,1,1,1,1,1,1,1,1
278.8424217687075,278.9933514739229,58,61,1,1,1,1,1,1,1,1,1,1,1,1,1
278.79598185941046,278.94691156462585,70,32,1,1,1,1,1,1,1,1,1,1,1,1,1
278.7263219954649,278.85403174603175,61,57,-2,-2,1,1,1,1,1,1,1,1,1
278.71471201814063,279.2836009070295,65,44,1,1,1,1,1,1,1,1,1,1,1,1,1,1,1,1,1,1,1,1,1,1,1,1,1,1,1,1,1,1,1,1,1,1,1,1,1,1,1,1,1,1,-5,-5,-5,-5,-5,-5,-5
278.5057324263039,278.61022222222226,73,30,-2,-2,-2,0,1,1,1,1,1
278.4709024943311,278.7263219954649,61,49,-2,-2,-2,-2,1,1,1,1,1,1,1,1,1,1,1,1,1,1,1,1,-2,-2
278.4709024943311,278.76115192743765,56,59,1,1,1,1,1,1,1,1,1,1,1,1,1,1,1,1,1,1,1,1,1,1,1,1,1
278.3664126984127,278.48251247165535,63,55,1,1,1,1,1,1,1,1,1,1
278.35480272108845,278.71471201814063,65,56,1,1,1,1,1,1,1,1,1,1,1,1,1,1,1,1,1,1,1,1,1,1,1,1,1,1,1,1,1,1,1
278.35480272108845,278.4709024943311,56,78,1,1,1,1,1,1,1,1,1,1
278.3431927437642,278.4941224489796,72,52,1,1,1,1,1,1,1,1,1,1,1,1,1
278.3431927437642,278.4709024943311,60,87,1,1,1,1,1,1,1,1,1,1,1
278.1806530612245,278.35480272108845,65,64,1,1,1,1,1,1,1,1,1,1,1,1,1,1,1
278.0052195011338,278.1806530612245,65,84,1,1,1,1,1,1,1,1,1,1,1,1,1,1,1,1
277.99360952380954,278.157433106576,61,76,1,1,1,1,1,1,1,1,1,1,1,1,1,1,1
277.98199954648527,278.13421315192744,73,58,1,1,1,1,1,1,1,1,1,1,1,1,1,1
277.6453102040816,278.0052195011338,65,58,1,1,1,1,1,1,1,1,1,1,1,1,1,1,1,1,1,1,1,1,1,1,1,1,1,1,1,1,1,1,1
277.6453102040816,277.80784988662134,53,38,1,1,1,1,1,1,1,1,1,1,1,1,1,1
277.6220902494331,277.8426798185941,68,59,1,1,1,1,1,1,1,1,1,1,1,1,1,1,1,1,1,1,1
277.6220902494331,277.80784988662134,63,45,1,1,1,1,1,1,1,1,1,1,1,1,1,1,1,1
277.6220902494331,277.86589977324263,56,65,1,1,1,1,1,1,1,1,1,1,1,1,1,1,1,1,1,1,1,1,1
277.529210430839,277.6220902494331,73,51,1,1,1,1,1,1,1,1
277.529210430839,277.6220902494331,68,37,1,1,1,1,1,1,1,1
277.5176004535147,277.6569201814059,61,62,1,1,1,1,1,1,1,1,1,1,1,1
277.49438049886624,277.6453102040816,65,40,1,1,1,1,1,1,1,1,1,1,1,1,1
277.18091111111113,277.32023083900225,73,41,1,1,1,1,1,1,1,1,1,1,1,1
277.18091111111113,277.29701088435377,61,54,1,1,1,1,1,1,1,1,1,1
277.18091111111113,277.29701088435377,58,55,1,1,1,1,1,1,1,1,1,1
277.0299814058957,277.1228612244898,56,40,1,1,1,1,1,1,1,1
277.0183714285714,277.18091111111113,58,30,1,1,1,1,1,1,1,1,-5,-5,-5,1,1,1
277.00676145124714,277.1112512471655,75,38,1,1,1,1,1,1,1,1,1
277.00676145124714,277.1576911564626,68,59,1,1,1,1,1,1,1,1,1,1,1,1,1
276.99515147392293,277.26218095238096,70,37,-5,1,-5,-5,-5,-5,-5,-5,-5,1,1,1,1,1,1,1,1,1,1,1,1,1,1
276.99515147392293,277.16930113378686,63,72,1,1,1,1,1,1,1,1,1,1,1,1,1,1,1
276.99515147392293,277.13447120181405,60,62,1,1,1,1,1,1,1,1,1,1,1,1
276.72812199546485,276.8326117913832,61,70,1,1,1,1,1,1,1,1,0
276.646852154195,276.9254916099773,65,67,1,1,1,1,1,1,1,1,1,1,1,1,1,1,1,1,1,1,1,1,1,1,1,1
276.63524217687075,276.79778185941046,70,59,1,1,1,1,1,1,1,1,1,1,1,1,1,1
276.63524217687075,276.72812199546485,61,86,1,1,1,1,1,1,1,1
276.5307523809524,276.63524217687075,70,45,1,1,1,1,1,1,1,1,1
276.50753242630384,276.63524217687075,63,59,1,1,1,1,1,1,1,1,1,1,1
276.48431247165536,276.7397319727891,58,66,1,1,1,1,1,1,1,1,1,1,1,1,1,1,1,1,1,1,1,1,1,1
276.40304263038547,276.50753242630384,68,34,1,1,1,1,1,1,1,1,1
276.2869428571429,276.50753242630384,63,51,1,1,1,1,1,1,1,1,1,1,1,1,1,1,1,1,1,1,1
276.19406303854873,276.2869428571429,63,41,-5,-5,-5,-5,-5,-5,1,1
276.1824530612245,276.2753328798186,73,56,1,1,1,1,1,1,1,1
276.1824530612245,276.2985528344671,61,64,1,1,1,1,1,1,1,1,1,1
276.1824530612245,276.3101628117914,58,62,1,1,1,1,1,1,1,1,1,1,1
275.8909197278912,276.1824530612245,61,45,1,1,1,1,1,1,1,1,1,1,1,0,0,1,1,1,1,1,1,1,1,1,1,1,1,1
275.8444798185941,275.94896961451246,65,53,1,1,1,1,1,1,1,1,1
275.798039909297,275.8909197278912,61,57,-2,-2,-2,1,1,1,1,1
275.68194013605444,275.798039909297,60,72,1,1,1,1,1,1,1,1,1,1
275.6471102040816,275.8444798185941,65,78,1,1,1,1,1,1,1,1,1,1,1,1,1,1,1,1,1
275.63550022675736,275.8096498866213,56,66,1,1,1,1,1,1,1,1,1,1,1,1,1,1,1
275.3336408163265,275.6471102040816,65,50,1,1,1,1,1,1,1,1,1,1,1,1,1,1,1,1,1,1,1,1,1,1,1,1,1,1,1
275.27559092970523,275.4729605442177,61,71,1,1,1,1,1,1,1,1,1,1,1,1,1,1,1,1,1
275.2059310657596,275.4729605442177,73,57,1,1,1,1,1,1,1,1,1,1,1,1,1,1,1,1,1,1,1,1,1,1,1
275.17110113378686,275.3336408163265,65,61,1,1,1,1,1,1,1,1,1,1,1,1,1,1
274.95051156462586,275.0782213151927,70,42,1,1,1,1,1,1,1,1,1,1,1
274.95051156462586,275.089831292517,61,53,1,1,1,1,1,1,1,1,1,1,1,1
274.95051156462586,275.1130512471655,58,50,1,1,1,1,1,1,1,1,1,1,1,1,1,1
274.9389015873016,275.2059310657596,63,46,1,1,-5,-5,-5,1,1,1,1,1,1,1,1,1,1,1,1,1,1,1,1,1,1
274.9272916099773,275.17110113378686,66,52,0,1,1,1,1,1,1,1,1,1,1,1,1,1,1,1,1,1,1,1,1
274.7415319727891,274.95051156462586,61,60,1,1,1,1,1,1,1,1,1,1,1,1,1,1,1,1,1,1
274.6602621315193,274.8111918367347,56,55,1,1,1,1,1,1,1,1,1,1,1,1,1
274.6254321995465,274.7183120181406,49,41,1,1,1,1,1,1,1,1
274.6138222222222,274.8924616780045,65,59,1,1,1,1,1,1,1,1,1,1,1,1,1,1,1,1,1,1,1,1,1,1,1,1
274.6138222222222,274.7415319727891,61,83,1,1,1,1,1,1,1,1,1,1,1
274.5557723356009,275.2059310657596,73,47,1,1,1,1,1,1,1,1,1,1,1,1,1,1,1,1,1,1,1,1,1,1,1,1,1,1,1,1,1,1,1,1,1,1,1,1,1,1,1,1,1,1,1,1,1,1,1,1,1,1,1,1,1,1,1,1
274.4396725623583,274.6138222222222,61,84,1,1,1,1,1,1,1,1,1,1,1,1,1,1,1
274.4048426303855,274.5557723356009,53,54,1,1,1,1,1,1,1,1,1,1,1,1,1
274.3119628117914,274.47450249433103,73,33,1,1,1,1,1,1,1,1,1,1,1,1,1,1
274.3119628117914,274.4396725623583,61,84,1,1,1,1,1,1,1,1,1,1,1
274.28874285714284,274.6138222222222,65,64,1,1,1,1,1,1,1,1,1,1,1,1,1,1,1,1,1,1,1,1,1,1,1,1,1,1,1,1
274.28874285714284,274.4048426303855,53,46,1,1,1,1,1,1,1,1,1,1
274.1365292517007,274.3119628117914,61,73,1,1,1,1,1,1,1,1,1,1,1,1,1,1,1,1
274.0552594104309,274.2190829931973,46,58,1,1,1,1,1,1,1,1,1,1,1,1,1,1,1
274.03203945578235,274.1365292517007,56,43,1,1,1,1,1,1,1,1,1
274.0204294784581,274.148139229025,53,50,1,1,1,1,1,1,1,1,1,1,1
274.0204294784581,274.1726430839002,49,44,1,1,1,1,1,1,1,1,1,1,1,1,1,1
273.9507696145125,274.1365292517007,61,62,1,1,1,1,1,1,1,1,1,1,1,1,1,1,1,1
273.7882299319728,274.0668693877551,65,45,1,1,1,1,1,1,1,1,1,1,1,1,1,1,1,1,1,1,1,1,1,1,1,1
273.7882299319728,273.9507696145125,62,60,-2,1,1,1,1,1,1,1,1,1,1,1,1,1
273.68374013605444,273.77661995464854,72,37,1,1,1,1,1,1,1,1
273.68374013605444,273.86949977324264,58,53,1,1,1,1,1,1,1,1,1,1,1,1,1,1,1,1
273.67213015873017,273.7882299319728,62,54,1,1,1,1,1,-2,-2,-2,-2,-2
273.6489102040817,274.0204294784581,53,56,1,1,1,1,1,1,1,1,1,1,1,1,1,1,1,1,1,1,1,1,1,1,1,1,1,1,1,1,1,1,1,1
273.62569024943315,273.7882299319728,65,48,1,1,1,1,1,1,1,1,1,1,1,1,1,1
273.59086031746034,274.0552594104309,46,86,1,1,1,1,1,1,1,1,1,1,1,1,1,1,1,1,1,1,1,1,1,1,1,1,1,1,1,1,1,1,1,1,1,1,1,1,1,1,1,1
273.57925034013607,273.68374013605444,58,27,1,1,1,1,1,1,1,1,1
273.45154058956916,273.62569024943315,65,43,1,1,1,1,1,1,1,1,1,1,1,1,1,1,1
273.3238308390023,273.59086031746034,46,56,1,1,1,1,1,1,1,1,1,1,1,1,1,1,1,1,1,1,1,1,1,1,1
273.2309510204082,273.4167106575964,73,51,1,1,1,1,1,1,1,1,1,1,1,1,1,1,1,1
273.17290113378687,273.67213015873017,61,45,1,1,1,1,1,1,1,1,1,1,1,1,1,1,1,1,1,1,1,1,1,1,1,1,1,1,1,1,1,1,1,1,1,1,-2,1,1,1,1,1,1,1,1
273.1612911564626,273.27739092970523,65,46,1,1,1,1,1,1,1,1,1,1
273.1612911564626,273.3238308390023,46,47,1,1,1,1,1,1,1,1,1,1,1,1,1,1
272.95231156462586,273.1612911564626,65,53,0,0,0,1,1,1,1,1,1,1,1,1,1,1,1,1,1,1
272.9407015873016,273.21934104308394,58,53,1,1,1,1,1,1,1,1,1,1,1,1,1,1,1,1,1,1,1,1,1,1,1,1
272.604012244898,272.8826517006803,65,37,1,1,1,1,1,1,1,0,0,0,0,0,1,1,1,1,1,1,1,1,1,1,1,1
272.604012244898,272.80138185941047,61,59,1,1,1,1,1,1,1,1,1,1,1,1,1,1,1,1,1
272.4646925170068,272.58079229024946,58,41,1,1,1,1,1,1,1,1,1,1
272.3369827664399,272.604012244898,61,57,1,1,1,1,1,1,1,1,1,1,1,1,0,0,0,0,4,1,1,-2,-2,-2,-2
272.2789328798186,272.5575723356009,46,48,1,1,1,1,1,1,1,1,1,1,1,1,1,1,1,1,1,1,1,1,1,1,1,1
272.26732290249436,272.5575723356009,65,70,1,1,1,1,1,1,1,1,1,1,1,1,1,1,1,1,1,1,1,1,1,1,1,1,1
272.2441029478458,272.3369827664399,61,73,1,1,1,1,1,1,1,1
272.2441029478458,272.40664263038553,53,42,1,1,1,1,1,1,1,1,1,1,1,1,1,1
272.23249297052155,272.4414725623583,56,33,1,1,1,1,1,1,1,1,1,1,1,1,1,1,1,1,1,1
272.0802793650794,272.162833106576,57,44,2,2,2,2,1,1,1,1
272.0802793650794,272.162833106576,45,47,1,1,1,1,1,1,1,0
272.0338394557823,272.26732290249436,65,47,1,1,1,1,1,-2,-2,-2,-2,1,1,1,1,1,1,1,1,1,1,1,1
271.95256961451247,272.0802793650794,45,57,1,1,1,1,1,1,1,1,1,1,1
271.9409596371882,272.04544943310657,61,54,1,1,1,1,1,1,1,1,1
271.9409596371882,272.0802793650794,57,56,1,1,1,1,1,1,1,1,1,1,1,2
271.8016399092971,271.92934965986393,60,42,1,1,1,1,1,1,1,1,1,1,1
271.8016399092971,271.9177396825397,41,48,1,1,1,1,1,1,1,1,1,1
271.7900299319728,272.0222294784581,53,75,1,1,1,1,1,1,1,1,1,1,1,1,1,1,1,1,1,1,1,2
271.6158802721089,271.7668099773243,58,52,1,1,1,1,1,1,1,1,1,1,1,1,1
271.49978049886624,271.6739301587302,70,46,1,1,1,1,1,1,1,1,1,1,1,1,1,1,1
271.488170521542,271.6158802721089,58,37,-5,-5,-5,-5,-5,-5,-5,2,1,1,1
271.36046077097507,271.59266031746034,56,59,1,1,1,1,1,1,1,1,1,1,1,1,1,1,1,1,1,1,1,1
271.27919092970524,271.3952907029479,65,57,1,1,1,1,1,1,1,1,1,1
271.0353814058957,271.3372408163265,61,56,1,1,1,1,1,1,1,1,1,1,1,1,1,1,1,1,1,1,1,1,1,1,1,1,1,1
270.96572154195013,271.2559709750567,68,48,1,1,1,1,1,1,1,1,1,1,1,1,1,1,1,1,1,1,1,1,1,1,1,1,1
270.96572154195013,271.24436099773243,58,57,1,1,1,1,1,1,1,1,1,1,1,1,1,1,1,1,1,1,1,1,1,1,1,1
270.91928163265305,271.04699138321996,53,36,1,1,1,1,1,1,1,1,1,1,1
270.91928163265305,271.0702113378685,49,35,1,1,1,1,1,1,1,1,1,1,1,1,1
270.9076716553288,271.0353814058957,61,49,1,1,1,1,1,1,1,1,1,1,1
270.8844517006803,271.00055147392294,70,43,1,1,1,1,1,1,1,1,1,1
270.8031818594104,270.96572154195013,58,51,1,1,1,1,1,0,1,1,1,1,1,1,1,1
270.7103020408163,271.0237714285714,63,43,1,1,1,1,1,1,1,1,1,1,1,1,1,1,1,1,1,1,1,-5,-5,1,1,1,1,1,1
270.68708208616783,270.9773315192744,72,35,1,1,1,1,1,1,1,1,1,1,1,1,1,1,1,1,1,1,1,1,1,1,1,1,1
270.68708208616783,270.9425015873016,65,38,1,1,1,1,1,1,1,1,1,1,1,1,1,-5,1,1,1,1,1,1,1,1
270.54776235827666,270.64064217687076,68,43,1,1,1,1,1,1,1,1
270.48971247165537,270.652252154195,73,61,1,1,1,1,1,1,1,1,1,1,1,1,1,1
270.4781024943311,270.69869206349205,58,54,1,1,1,1,1,1,1,1,1,1,1,1,1,1,1,1,1,1,1
270.4664925170068,270.68708208616783,65,60,1,1,1,1,1,1,1,1,1,1,1,1,1,1,1,1,1,1,1
270.3387827664399,270.4664925170068,65,73,1,1,1,1,1,1,1,1,1,1,1
270.3039528344671,270.4781024943311,58,65,1,1,1,1,1,1,1,1,1,1,1,1,1,1,1
270.29234285714284,270.48971247165537,73,66,1,1,1,1,1,1,1,1,1,1,1,1,1,1,1,1,1
270.28073287981863,270.3968326530612,51,47,1,1,1,1,1,1,1,1,1,1
270.23429297052155,270.54776235827666,68,50,1,1,1,1,1,1,1,1,1,1,1,1,1,1,1,1,1,1,1,1,1,1,1,1,1,1,1
270.23429297052155,270.3736126984127,61,61,1,1,1,1,1,1,1,1,1,1,1,1
270.211073015873,270.3387827664399,63,25,1,1,-5,-5,-5,-5,-5,-5,-5,-5,1
270.211073015873,270.3039528344671,58,63,1,1,1,1,1,1,1,1
270.19946303854874,270.29234285714284,73,46,1,1,1,1,1,1,1,1
270.14012925170067,270.3039528344671,70,37,1,1,1,1,1,1,1,1,1,1,1,1,1,1,1
269.8847097505669,270.0356394557823,61,59,1,1,1,1,1,1,1,1,1,1,1,1,1
269.6176802721088,269.9891995464853,70,39,1,1,1,1,1,1,1,1,1,1,1,1,1,1,1,0,0,0,2,2,2,2,2,2,1,1,1,1,1,1,1,1
269.6176802721088,269.8847097505669,63,47,-5,-5,-5,-5,-5,-5,-5,-5,-5,1,1,1,1,1,1,1,1,1,1,1,1,1,1
269.6176802721088,269.8614897959184,58,59,1,1,1,1,1,1,1,1,1,1,1,1,1,1,1,1,1,1,1,1,1
269.6176802721088,269.9079297052154,54,64,1,1,1,1,1,1,1,1,1,1,1,1,1,1,1,1,1,1,1,1,1,1,1,1,1
269.60607029478456,269.757,51,39,1,1,1,1,1,1,1,1,1,1,1,1,1
269.45514058956917,269.8847097505669,61,69,1,1,1,1,1,1,1,1,1,1,1,1,1,1,1,1,1,1,1,1,1,1,1,1,1,1,1,1,1,1,1,1,1,1,1,1,1
269.45514058956917,269.6176802721088,58,35,1,1,1,1,1,1,1,1,1,1,1,1,1,1
269.29260090702945,269.55963038548754,53,55,1,1,1,1,1,1,1,1,1,1,1,1,1,1,1,1,1,1,1,1,1,1,1
269.2809909297052,269.55963038548754,73,45,1,1,1,1,1,1,1,1,1,1,1,1,1,1,1,1,1,1,1,1,1,1,1,1
269.2577709750567,269.45514058956917,61,49,1,1,1,1,1,1,1,1,1,1,1,1,1,1,1,1,1
269.2577709750567,269.45514058956917,58,51,1,1,1,1,1,1,1,1,1,1,1,1,1,1,1,1,1
269.15328117913833,269.2577709750567,58,32,1,1,1,1,1,1,1,1,1
269.1184512471655,269.536410430839,65,63,1,1,1,1,1,1,1,1,1,1,1,1,1,1,1,1,1,1,1,1,1,1,1,1,1,1,1,1,1,1,1,1,1,1,1,1
269.1184512471655,269.29260090702945,53,53,1,1,1,1,1,1,1,1,1,1,1,1,1,1,1
269.10684126984125,269.2577709750567,61,71,1,1,1,1,1,1,1,1,1,1,0,1,1
269.04879138321996,269.2809909297052,73,36,1,1,1,1,1,1,1,1,1,1,1,1,1,1,1,-2,-2,-2,-2,-2
268.97913151927435,269.1184512471655,65,71,1,1,1,1,1,1,1,1,1,1,1,1
268.86303174603177,269.10684126984125,61,84,1,1,1,1,1,1,1,1,1,1,1,1,1,1,1,1,1,1,1,1,1
268.7817619047619,268.9094716553288,63,59,1,1,1,1,1,1,1,1,1,1,-5
268.6888820861678,268.8514217687075,58,47,1,1,1,1,1,1,1,1,1,1,1,1,1,1
268.6192222222222,268.8165918367347,56,52,1,1,1,1,1,1,1,1,1,1,1,1,1,1,1,1,1
268.56117233560093,268.97913151927435,65,53,1,1,1,1,1,1,1,1,1,1,1,1,1,1,1,1,1,1,1,1,1,1,1,-5,-5,-5,-5,-5,-5,-5,-5,1,1,1,1,1
268.5379523809524,268.6888820861678,62,54,1,1,1,1,1,1,1,1,1,1,1,1,1
268.4682925170068,268.56117233560093,65,51,1,1,1,1,1,1,1,1
268.42185260770975,268.5379523809524,62,61,1,1,1,1,1,0,1,1,1,1
268.3173628117914,268.6888820861678,58,68,1,1,1,1,1,1,1,1,1,1,1,1,1,1,1,1,1,1,1,1,1,1,1,1,1,1,1,1,1,1,1,1
268.25931292517004,268.4682925170068,65,31,1,1,1,1,1,1,1,1,1,1,1,1,1,1,1,1,1,1
268.25931292517004,268.5379523809524,53,56,1,1,1,1,1,1,1,1,1,1,1,1,1,1,1,1,1,1,1,1,1,1,1,1
268.25931292517004,268.8049818594104,46,50,1,1,1,1,1,1,1,1,1,1,1,1,1,1,1,1,1,1,1,1,1,1,1,1,1,1,1,1,1,1,1,1,1,1,1,1,1,1,1,1,1,1,1,1,1,1,1
268.2477029478458,268.8398117913832,70,37,1,1,1,1,1,1,1,1,1,1,1,1,1,1,1,1,1,1,1,1,1,1,1,1,1,-5,-5,-4,0,1,1,1,1,1,1,1,1,1,1,1,1,1,1,1,1,1,1,1,1,1,1
268.2477029478458,268.64244217687076,68,39,1,1,1,1,1,1,1,1,1,1,1,1,1,1,1,1,1,1,1,1,1,1,1,1,1,1,1,1,1,1,1,1,1,1
268.1896530612245,268.3173628117914,58,55,1,1,1,1,1,1,1,1,1,1,1
267.8632897959183,268.25931292517004,65,46,1,1,1,1,1,1,1,1,1,1,1,1,1,1,1,1,1,1,1,1,1,1,1,1,1,1,1,1,1,1,1,1,1,1,1
267.8632897959183,268.07226938775506,61,67,1,1,1,1,1,1,1,1,1,1,1,1,1,1,1,1,1,1
267.84006984126984,267.9445596371882,56,54,1,1,1,1,1,1,1,1,1
267.73558004535147,267.88650975056686,58,57,1,1,1,1,1,1,1,1,1,1,1,1,1
267.7239700680272,268.25931292517004,53,45,1,1,1,1,1,1,1,1,1,1,1,1,1,1,1,1,1,1,1,1,1,1,1,1,1,1,1,1,1,1,1,1,1,1,1,1,1,1,1,1,1,1,1,1,2,2,2
267.6543102040816,267.8632897959183,65,45,1,1,1,1,1,1,1,1,1,1,1,1,1,1,1,1,1,1
267.6310902494331,267.7239700680272,53,73,1,1,1,1,1,1,1,1
267.60787029478456,267.73558004535147,58,55,1,1,1,1,1,1,1,1,1,1,1
267.60787029478456,267.8632897959183,46,36,2,2,2,2,1,1,1,1,1,1,1,1,1,1,1,1,1,1,1,1,1,1
267.5614303854875,267.84006984126984,56,44,1,1,1,1,1,1,1,1,1,1,1,1,1,1,1,1,1,1,1,1,1,1,1,1
267.5498204081632,267.7820199546485,68,59,1,1,1,1,1,1,1,1,1,1,1,1,1,1,1,1,1,1,1,1
267.5498204081632,267.8632897959183,61,62,1,1,1,1,1,1,1,1,1,1,1,1,1,1,1,1,1,1,1,1,1,1,1,1,1,1,1
267.538210430839,267.6543102040816,65,37,1,1,1,1,1,1,1,1,1,1
267.32923083900226,267.5498204081632,61,63,1,1,1,1,1,1,1,1,1,1,1,1,1,1,1,1,1,1,1
267.2711809523809,267.48016054421765,65,53,1,1,1,1,1,1,1,1,1,1,1,1,1,1,1,1,1,1
267.23635102040816,267.32923083900226,61,97,1,1,1,1,1,1,1,1
267.2247410430839,267.364060770975,73,44,1,1,1,1,1,1,1,1,1,1,1,1
267.0854213151927,267.23635102040816,62,56,1,1,1,1,1,1,1,1,1,1,1,-2,-2
267.07381133786845,267.2711809523809,65,41,1,1,1,1,1,1,1,1,1,1,1,1,1,1,1,1,1
267.0505913832199,267.1783011337868,58,47,1,1,1,1,1,1,1,1,1,1,1
267.03898140589564,267.4453306122449,46,34,1,1,1,1,1,1,1,1,1,1,1,1,1,1,1,1,1,1,1,1,1,1,1,1,1,1,1,1,1,1,1,1,1,1,1
266.9693215419501,267.07381133786845,65,60,1,1,1,1,1,1,1,1,1
266.9693215419501,267.16669115646255,53,55,1,1,1,1,1,1,1,1,1,1,1,1,1,1,1,1,1
266.9577115646258,267.2247410430839,73,43,1,1,1,1,1,1,1,1,1,1,1,1,1,1,1,1,1,1,1,1,1,1,1
266.8996616780045,267.0854213151927,62,40,1,1,1,1,0,0,0,-2,-2,1,1,1,1,1,1,1
266.8416117913832,266.9693215419501,65,70,1,1,1,1,1,1,1,1,1,1,1
266.5513623582766,266.655852154195,73,49,1,1,1,1,1,1,1,1,1
266.5513623582766,266.76034195011334,61,34,1,1,1,1,1,1,1,1,1,1,1,1,1,1,1,1,1,1
266.38882267573695,266.6210222222222,53,77,1,1,1,1,1,1,1,1,1,1,1,1,1,1,1,1,1,1,1,1
266.3772126984127,266.5049224489796,65,47,1,1,1,1,1,1,1,1,1,1,1
266.3191628117914,266.5513623582766,61,34,-2,1,1,1,1,1,1,1,1,-2,-2,-2,-2,1,1,-2,-2,-2,-2,-2
266.3075528344671,266.5513623582766,73,44,1,1,1,1,1,1,1,1,1,1,1,-2,-2,1,1,1,1,1,1,1,1
266.26111292517004,266.53975238095234,63,40,1,1,1,1,1,1,1,1,1,1,1,1,1,1,1,1,1,1,1,1,1,1,1,1
266.26111292517004,266.4700925170068,56,66,1,1,1,1,1,1,1,1,1,1,1,1,1,1,1,1,1,1
266.20306303854875,266.3772126984127,65,63,1,1,1,1,1,1,1,1,1,1,1,1,1,1,1
266.1321192743764,266.26111292517004,63,40,1,1,1,1,1,1,1,1,1,1,1,1
265.91152970521546,266.02762947845804,72,48,1,1,1,1,1,1,1,1,1,1
265.91152970521546,266.2727229024943,68,44,1,1,1,1,1,1,1,1,1,1,1,1,1,1,1,1,1,1,1,1,1,1,1,1,1,1,1,1,1,1,1,1
265.91152970521546,266.20306303854875,65,37,1,1,1,1,1,1,1,1,1,1,1,1,1,1,1,1,1,1,1,-5,-5,-5,-5,-5,-5,1
265.8999197278912,266.0856793650794,60,63,1,1,1,1,1,1,1,1,1,1,1,1,1,1,1,1
265.8070399092971,265.91152970521546,68,59,1,1,1,1,1,1,1,1,1
265.78381995464855,265.91152970521546,72,44,1,1,1,1,1,1,1,1,1,1,1
265.78381995464855,265.8999197278912,60,65,1,1,1,1,1,1,1,1,1,1
265.7722099773243,266.26111292517004,56,45,1,1,1,1,1,1,1,1,1,1,1,1,1,1,1,1,1,1,1,1,1,1,1,1,1,1,1,1,1,1,1,1,1,1,1,1,1,1,1,1,1,1,1
265.7373800453515,265.91152970521546,65,45,1,1,1,1,1,1,1,1,1,1,1,1,1,1,1
265.65611020408164,265.81864988662136,51,43,1,1,1,1,1,1,1,1,1,1,1,1,1,1
265.6328902494331,265.87669977324265,63,50,1,1,1,1,1,1,1,1,1,1,1,1,1,1,1,1,1,1,1,1,1
265.62128027210883,265.7722099773243,56,51,1,1,1,1,1,1,1,1,1,1,1,1,1
265.59806031746035,265.8070399092971,68,43,1,1,1,1,1,1,1,1,1,1,1,1,1,1,1,1,1,1
265.493570521542,265.7373800453515,65,58,1,1,1,1,1,1,1,1,1,1,1,1,1,1,1,1,1,-5,1,1,1
265.4587405895692,265.74899002267574,53,58,1,1,1,1,1,1,1,1,1,1,1,1,1,1,1,1,1,1,1,1,1,1,1,1,1
265.15688117913834,265.2613709750567,73,59,1,1,1,1,1,1,1,1,1
265.14527120181407,265.2613709750567,61,66,1,1,1,1,1,1,1,1,1,1
265.1336612244898,265.3542507936508,58,65,1,1,1,1,1,1,1,1,1,1,1,1,1,1,1,1,1,1,1
265.0407814058957,265.15688117913834,73,72,1,1,1,1,1,1,1,1,1,1
265.0407814058957,265.14527120181407,61,83,1,1,1,1,1,1,1,1,1
264.9943414965987,265.493570521542,65,76,1,1,1,1,1,1,1,1,1,1,1,1,1,1,1,1,1,1,1,1,1,1,1,1,1,1,1,1,1,1,1,1,1,1,1,1,1,1,1,1,1,1,1
264.93629160997733,265.0407814058957,61,84,1,1,1,1,1,1,1,1,1
264.92468163265306,265.0407814058957,73,70,1,1,1,1,1,1,1,1,1,1
264.86663174603177,264.95951156462587,46,30,1,1,1,1,1,1,1,1
264.8550217687075,264.9943414965987,65,64,-5,1,1,1,1,1,1,1,1,1,1,1
264.8550217687075,265.1336612244898,58,47,1,1,1,1,1,1,1,1,1,1,1,1,1,1,1,1,1,1,1,1,1,1,1,1
264.5067224489796,264.93629160997733,61,59,1,1,1,1,1,1,1,1,1,1,1,1,1,1,1,1,1,1,1,1,1,1,1,1,1,1,1,1,1,1,1,1,1,1,1,1,1
264.4951124716553,264.6808721088436,65,54,1,1,1,1,1,1,1,1,1,1,1,1,1,1,1,1
264.42545260770976,264.92468163265306,73,45,1,1,1,1,1,1,1,1,1,1,1,1,1,1,1,1,1,1,1,1,1,1,1,1,1,1,1,1,1,1,1,1,1,1,1,1,1,1,1,1,1,1,1
264.4138426303855,264.6692621315193,58,65,1,1,1,1,1,1,1,1,1,1,1,1,1,1,1,1,1,1,1,1,1,1
264.3209628117914,264.4951124716553,70,54,1,1,1,1,1,1,1,1,1,1,1,1,1,1,1
264.3209628117914,264.5067224489796,61,71,1,1,1,1,1,1,1,1,1,1,1,1,1,1,1,1
264.2629129251701,264.4951124716553,65,47,1,1,1,1,1,1,1,1,1,1,1,1,1,1,1,1,1,1,1,1
264.2629129251701,264.4138426303855,58,68,1,1,1,1,1,1,1,1,1,1,1,1,1
264.1339192743764,264.2629129251701,65,36,1,1,1,1,1,1,1,1,1,1,1,1
263.982989569161,264.3209628117914,61,64,1,1,1,1,1,1,1,1,1,1,1,1,1,1,1,1,1,1,1,1,1,1,1,1,1,1,1,1,1,1
263.8552798185941,263.982989569161,65,51,1,1,1,1,1,1,1,1,1,1,1
263.7740099773243,263.90171972789113,68,52,1,1,1,1,1,1,1,1,1,1,1
263.7624,264.42545260770976,73,39,1,1,1,1,1,1,1,1,1,1,1,1,1,1,1,1,1,1,1,1,1,1,1,1,1,1,1,1,1,1,1,1,1,1,1,1,1,1,1,1,1,1,1,1,1,1,1,1,1,1,1,1,1,1,1,1,1,1
263.7624,263.8552798185941,65,66,1,1,1,1,1,1,1,1
263.7624,263.89010975056686,49,44,1,1,1,1,1,1,1,1,1,1,1
263.75079002267574,263.982989569161,61,68,1,1,1,1,1,1,1,1,1,1,1,1,1,1,1,1,1,1,1,1
263.6463002267574,263.7624,65,61,1,1,1,1,1,1,1,1,1,1
263.5998603174603,263.7740099773243,68,39,1,1,1,1,1,1,1,1,1,1,1,1,1,1,1
263.56503038548755,263.70435011337867,58,52,1,1,1,1,1,1,1,1,1,1,1,1
263.51859047619047,263.6463002267574,65,64,1,1,1,1,1,1,1,1,1,1,1
263.33283083900227,263.56503038548755,58,55,1,1,1,1,1,1,1,1,1,1,1,1,1,1,1,1,1,1,1,1
263.33283083900227,263.48376054421766,56,59,1,1,1,1,1,1,1,1,1,1,1,1,1
263.274780952381,263.51859047619047,65,66,1,1,1,1,1,1,1,1,1,1,1,1,1,1,1,1,1,1,1,1,1
263.25156099773244,263.75079002267574,61,61,1,1,1,1,1,1,1,1,1,1,1,1,1,1,1,1,1,1,1,1,1,1,1,1,1,1,1,1,1,1,1,1,1,1,1,1,1,1,1,1,1,1,1
263.25156099773244,263.4605405895692,46,52,1,1,1,1,1,1,1,1,1,1,1,1,1,1,1,1,1,1
263.23995102040817,263.33283083900227,58,68,1,1,1,1,1,1,1,1
263.2283410430839,263.33283083900227,56,51,1,1,1,1,1,1,1,1,1
263.1470712018141,263.23995102040817,58,72,1,1,1,1,1,1,1,1
263.0890213151927,263.274780952381,65,61,1,1,1,1,1,1,1,1,1,1,1,1,1,1,1,1
263.01936145124716,263.1470712018141,58,70,1,1,1,1,1,1,1,1,1,1,1
262.9961414965986,263.0890213151927,65,70,1,1,1,1,1,1,1,1
262.9497015873016,263.25156099773244,61,59,1,1,1,1,1,1,1,1,1,1,1,1,1,1,1,1,1,1,1,1,1,1,1,1,1,1
262.9148716553288,263.25156099773244,46,60,1,1,1,1,1,1,1,1,0,0,0,1,1,1,1,1,1,1,1,1,1,1,1,1,1,1,1,1,1
262.89165170068026,263.20512108843536,70,55,1,1,1,1,1,1,1,1,1,1,1,1,1,1,1,1,1,1,1,1,1,1,1,1,1,1,0
262.89165170068026,262.9961414965986,65,74,1,1,1,1,1,1,1,1,1
262.89165170068026,263.01936145124716,58,43,1,1,1,1,1,1,1,1,1,1,1
262.880041723356,263.01936145124716,77,39,1,1,1,1,1,1,1,1,1,1,1,1
262.7639419501134,262.89165170068026,65,57,1,1,1,1,1,1,1,1,1,1,1
262.67106213151925,262.89165170068026,70,68,1,1,1,1,1,1,1,1,1,1,1,1,1,1,1,1,1,1,1
262.65945215419504,262.9497015873016,61,75,1,1,1,1,1,1,1,1,1,1,1,1,1,1,1,1,1,1,1,1,1,1,1,1,1
262.4620825396825,262.61301224489796,53,58,1,1,1,1,1,1,1,1,1,1,1,1,1
262.43886258503403,262.67106213151925,70,31,-5,-5,-5,-5,-5,-5,-5,-5,1,1,1,-5,-5,-5,-5,-5,-5,-5,-5,-5
262.43886258503403,262.5433523809524,46,48,1,1,1,1,1,1,1,1,1
262.42725260770976,262.70589206349206,68,57,1,1,1,1,1,1,1,1,1,1,1,1,1,1,1,1,1,1,1,1,1,1,1,1
262.42725260770976,262.6362321995465,65,60,1,1,1,1,1,1,1,1,1,1,1,1,1,1,1,1,1,1
262.42725260770976,262.5665723356009,58,42,1,1,1,1,1,1,1,1,1,1,1,1
262.4156426303855,262.62462222222223,56,40,1,1,1,1,1,1,1,1,1,1,1,1,1,1,1,1,1,1
262.35759274376414,262.65945215419504,61,49,1,1,1,1,1,1,1,1,1,1,1,1,1,1,1,1,1,1,1,1,1,1,1,1,1,1
262.25310294784583,262.4156426303855,56,53,1,1,1,1,1,1,1,1,1,1,1,1,1,1
262.2298829931973,262.42725260770976,65,68,1,1,1,1,1,1,1,1,1,1,1,1,1,1,1,1,1
262.2298829931973,262.42725260770976,58,32,-5,1,1,-5,-5,-5,-5,-5,-5,-5,-5,1,1,1,1,1,1
262.21698911564624,262.35759274376414,61,60,1,1,1,1,1,1,1,1,1,1,1,1,1
262.21698911564624,262.43886258503403,46,68,1,1,1,1,1,1,1,1,1,1,1,1,1,1,1,1,1,1,1,1
262.1937691609977,262.42725260770976,68,52,1,1,1,1,1,1,1,1,1,1,1,1,1,1,1,1,0,0,0,0,0
262.12410929705214,262.21698911564624,61,72,1,1,1,1,1,1,1,1
262.1008893424036,262.2298829931973,65,67,1,1,1,1,1,1,1,1,1,1,1,1
261.9731795918367,262.12410929705214,61,54,1,1,1,1,1,1,1,1,1,1,1,1,1
261.79902993197277,262.0544494331066,73,38,1,1,1,1,1,1,1,1,1,1,1,1,1,1,1,1,1,1,1,1,1,1
261.79902993197277,261.9731795918367,61,58,1,1,1,1,1,1,1,1,1,1,1,1,1,1,1
261.7874199546485,262.1008893424036,65,58,1,1,1,1,1,1,1,1,1,1,1,1,1,1,1,1,1,1,1,1,1,1,1,1,1,1,1
261.75259002267575,261.9267396825397,46,54,1,1,1,1,1,1,1,1,1,1,1,1,1,1,1
261.68293015873013,261.81063990929704,56,53,1,1,1,1,1,1,1,1,1,1,1
261.68293015873013,262.0080095238095,53,48,1,1,1,1,1,1,1,1,1,1,1,1,1,1,1,1,1,1,1,1,1,1,1,1,1,1,1,1
261.62488027210884,261.79902993197277,62,50,1,1,1,1,1,1,1,-2,-2,-2,-2,-2,-2,-2,-2
261.62488027210884,261.75259002267575,46,51,1,1,1,1,1,1,1,1,1,1,1
261.57844036281176,262.0544494331066,70,62,1,1,1,1,1,1,1,1,1,1,1,1,1,1,1,1,1,1,1,1,1,1,1,1,1,1,1,1,1,1,1,1,1,1,1,1,1,1,1,1,1
261.543610430839,261.68293015873013,56,47,1,1,1,1,1,1,1,1,1,1,1,1
261.43912063492064,261.6016603174603,65,60,1,1,1,1,1,1,1,1,1,1,1,1,1,1
261.43912063492064,261.68293015873013,53,73,1,1,1,1,1,1,1,1,1,1,1,1,1,1,1,1,1,1,1,1,1
261.4275106575964,261.57844036281176,69,54,1,1,1,1,1,1,1,1,1,1,1,1,1
261.0559913832199,261.20692108843537,70,56,1,1,1,1,1,1,1,1,1,1,1,1,1
261.0559913832199,261.2417510204081,63,48,7,1,1,1,1,1,1,1,1,1,1,1,1,1,1,1
260.9979414965986,261.43912063492064,53,52,1,1,1,1,1,1,1,1,1,1,1,1,1,1,1,1,1,1,1,1,1,1,1,1,1,1,1,1,1,1,1,1,1,1,1,1,1,1
260.9166716553288,261.0559913832199,70,62,1,1,1,1,1,1,1,1,1,1,1,1
260.9166716553288,261.43912063492064,65,65,1,1,1,1,1,1,1,1,1,1,1,1,1,1,1,1,1,1,1,1,1,1,1,1,1,1,1,1,1,1,1,1,1,1,1,1,1,1,1,1,1,1,1,1,1
260.9166716553288,261.04438140589565,60,44,1,1,1,1,1,1,1,1,1,1,1
260.90506167800453,260.9979414965986,53,47,1,1,1,1,1,1,1,1
260.8354018140589,261.0095514739229,58,35,1,1,1,1,1,1,1,1,1,1,1,1,1,1,1
260.8237918367347,260.9166716553288,70,61,1,1,1,1,1,1,1,1
260.80057188208616,260.9166716553288,65,61,1,1,1,1,1,1,1,1,1,1
260.76574195011335,260.90506167800453,77,30,1,1,1,1,1,1,1,1,1,1,1,1
260.76574195011335,260.9166716553288,63,31,0,0,1,1,1,1,1,1,1,1,1,1,1
260.6032022675737,260.8354018140589,58,51,1,1,1,1,1,1,1,1,1,1,1,1,1,1,1,1,1,1,1,1
260.54515238095235,260.70769206349206,72,53,1,1,1,1,1,1,2,2,1,1,1,1,1,1
260.54515238095235,260.6496421768707,60,44,1,1,1,1,1,1,1,1,1
260.45227256235825,260.8237918367347,70,42,1,1,1,1,1,1,1,1,1,1,1,1,1,1,1,1,1,1,1,1,1,1,1,1,1,1,1,1,1,1,1,1
260.440662585034,260.54515238095235,60,30,-5,-5,-5,1,1,-5,1,1,1
260.440662585034,260.6032022675737,58,51,1,1,1,1,1,1,1,1,1,1,1,1,1,1
260.4174426303855,260.7425219954648,65,74,1,1,1,1,1,1,1,1,1,1,1,1,1,1,1,1,1,1,1,1,1,1,1,1,1,1,1,1
260.3477827664399,260.4754925170068,68,46,1,1,1,1,1,1,1,1,1,1,1
260.3477827664399,260.440662585034,53,38,1,1,1,1,1,-5,-5,-5
260.3361727891156,260.54515238095235,51,59,1,1,1,1,1,1,1,1,1,1,1,1,1,1,1,1,1,1
260.32456281179134,260.5335424036281,63,43,1,1,1,1,1,1,1,1,1,1,1,1,1,1,1,1,1,1
260.2897328798186,260.5335424036281,56,47,1,1,1,1,1,1,1,1,1,1,1,1,1,1,1,1,1,1,1,1,1
260.2187891156463,260.3361727891156,51,55,1,1,1,1,1,1,1,1,1,1,1
260.20717913832203,260.3129528344671,72,41,1,1,1,1,1,1,1,1,1,1
260.20717913832203,260.440662585034,58,47,1,1,1,1,1,1,1,1,1,1,1,1,1,1,1,1,1,1,1,1,1
260.20717913832203,260.3477827664399,53,53,1,1,1,1,1,1,1,1,1,1,1,1,1
260.19556916099776,260.3477827664399,68,51,1,1,1,1,1,1,1,1,1,1,1,1,1,1
260.19556916099776,260.4174426303855,65,53,1,1,1,1,1,1,1,1,1,1,1,1,1,1,1,1,1,1,1,1
260.11429931972793,260.20717913832203,58,53,1,1,1,1,1,1,1,1
260.10268934240366,260.19556916099776,65,74,1,1,1,1,1,1,1,1
259.78921995464856,259.94014965986395,58,67,1,1,1,1,1,1,1,1,1,1,1,1,1
259.75439002267575,259.91692970521547,54,52,1,1,1,1,1,1,1,1,1,1,1,1,1,1
259.7427800453515,259.8588798185941,66,43,-2,-2,-2,-2,-2,-2,-2,-2,-2,-2
259.6847301587302,259.8937097505669,73,36,1,1,1,1,1,1,1,1,1,1,1,1,1,1,1,1,1,1
259.6731201814059,259.9053197278912,61,71,1,1,1,1,1,1,1,1,1,1,1,1,1,1,1,1,1,1,1,1
259.6382902494331,260.10268934240366,65,64,1,1,1,1,1,1,1,1,1,1,1,1,1,1,1,1,1,1,1,1,1,1,1,1,1,1,1,1,1,1,1,1,1,1,1,1,1,1,1,1
259.5918503401361,259.75439002267575,68,48,1,1,1,1,1,1,1,1,1,1,1,1,1,1
259.5918503401361,259.78921995464856,58,67,1,1,1,1,1,1,1,1,1,1,1,1,1,1,1,1,1
259.53380045351474,259.6731201814059,61,84,1,1,1,1,1,1,1,1,1,1,1,1
259.5221904761905,259.6382902494331,65,69,1,1,1,1,1,1,1,1,1,1
259.51058049886626,259.6731201814059,73,52,1,1,1,1,1,1,1,1,1,1,1,1,1,0
259.12745124716554,259.53380045351474,61,63,1,1,1,1,1,1,1,1,1,1,1,1,1,1,1,1,1,1,1,1,1,1,1,1,1,1,1,1,1,1,1,1,1,1,1
259.10423129251706,259.22033106575964,73,32,1,1,1,1,1,1,1,1,1,1
258.9649115646259,259.19711111111116,54,56,1,1,1,1,1,1,1,1,1,1,1,1,1,1,1,1,1,1,1,1
258.90686167800453,259.12745124716554,61,66,1,1,1,1,1,1,1,1,1,1,1,1,1,1,1,1,1,1,1
258.88364172335605,259.12745124716554,70,59,1,1,1,1,1,1,1,1,1,1,1,1,1,1,1,1,1,1,1,1,1
258.7675419501134,259.3712607709751,65,62,1,1,1,1,1,1,1,1,1,1,1,1,1,1,1,1,1,1,1,1,1,1,1,1,1,1,1,1,1,1,1,1,1,1,1,1,1,1,1,1,1,1,1,1,1,1,1,1,1,1,1,1
258.38441269841275,258.7675419501134,65,68,1,1,1,1,1,1,1,1,1,1,1,1,0,0,0,1,1,1,1,1,1,1,1,1,1,1,1,1,1,1,1,1,1
258.3263628117914,258.52373242630387,58,53,1,1,1,1,1,1,1,1,1,1,1,1,1,1,1,1,1
258.30314285714286,258.90686167800453,61,72,1,1,1,1,1,1,1,1,1,1,1,1,1,1,1,1,1,1,1,1,1,1,1,1,1,1,1,1,1,1,1,1,1,1,1,1,1,1,1,1,1,1,1,1,1,1,1,1,1,1,1,1
258.2683129251701,258.44246258503404,46,57,1,1,1,1,1,1,1,1,1,1,1,1,1,1,1
258.2438090702948,258.3263628117914,58,75,1,1,1,1,1,1,1,1
258.2321990929705,258.31475283446713,56,46,1,1,1,1,1,1,1,1
258.22058911564625,258.38441269841275,65,54,1,1,1,1,1,1,1,1,1,1,1,1,1,1,1
258.22058911564625,258.31475283446713,63,43,1,1,1,1,1,1,1,1,-5
258.1857591836735,258.30314285714286,61,47,1,1,1,1,1,1,1,1,1,1,1
258.1044893424036,258.2321990929705,56,55,1,1,1,1,1,1,1,1,1,1,1
258.0580494331066,258.2438090702948,58,35,1,1,1,1,1,-5,-5,-5,-5,-5,-5,-5,-5,1,1,1
258.0116095238095,258.22058911564625,65,40,1,1,1,1,1,1,1,1,1,1,1,1,1,1,1,1,1,1
257.94194965986395,258.1044893424036,56,70,1,1,1,1,1,1,1,1,1,1,1,1,1,1
257.88389977324266,258.2683129251701,46,59,1,1,1,1,1,1,1,1,1,1,1,1,1,1,1,1,1,1,1,1,1,1,1,1,1,1,1,1,1,1,1,0,1,1
257.8722897959184,258.0116095238095,65,50,1,1,1,1,1,1,1,1,1,1,1,1
257.8722897959184,258.0580494331066,58,35,1,1,1,1,1,1,1,1,-5,-5,-5,-5,-5,-5,-5,-5
257.8606798185941,258.0580494331066,53,32,1,1,1,1,1,1,1,1,1,1,1,1,1,1,1,1,1
257.7678,257.8722897959184,58,54,1,1,1,1,1,1,1,1,1
257.7678,257.94194965986395,56,36,1,1,1,1,1,1,1,1,1,1,1,1,1,1,1
257.7329700680272,258.39602267573696,68,38,1,1,1,1,1,1,1,1,1,1,1,1,1,1,1,1,1,1,1,1,1,1,1,1,1,1,1,1,1,1,1,1,1,1,1,1,1,1,1,1,1,1,1,1,1,1,1,1,1,1,1,1,1,1,1,1,1,1
257.66331020408165,257.88389977324266,46,84,1,1,1,1,1,1,1,1,1,1,1,1,1,1,1,1,1,1,1
257.6517002267574,258.0116095238095,70,53,-5,1,1,1,1,1,1,1,1,1,1,1,1,1,1,1,1,1,1,1,1,1,1,1,1,1,1,1,1,1,1
257.6400902494331,257.7678,58,39,-5,-5,-5,-5,-5,-5,1,1,1,1,1
257.58204036281177,257.68653015873014,56,40,1,1,1,1,1,1,1,1,1
257.57043038548755,257.66331020408165,46,93,1,1,1,1,1,1,1,1
257.547210430839,257.68653015873014,65,51,1,1,1,1,1,1,1,1,1,1,1,1
257.547210430839,257.7445800453515,61,69,1,1,1,1,1,1,1,1,1,1,1,1,1,1,1,1,1
257.4195006802721,257.547210430839,61,58,1,1,1,1,1,1,1,1,1,1,1
257.17569115646256,257.34984081632655,65,62,1,1,1,1,1,1,1,1,1,1,1,1,1,1,1
257.1408612244898,257.4195006802721,61,44,1,1,1,1,1,1,1,1,1,1,1,1,1,1,1,1,1,1,1,1,1,1,1,1
257.05959138322,257.17569115646256,65,62,1,1,1,1,1,1,1,1,1,1
256.94349160997734,257.2337410430839,53,54,1,1,1,1,1,1,1,1,1,1,1,1,1,1,1,1,1,1,1,1,1,1,1,1,1
256.8738317460317,257.09442131519273,75,31,1,1,1,1,1,1,1,1,1,1,1,1,1,1,1,1,1,1,1
256.8738317460317,257.09442131519273,46,51,1,1,1,1,1,1,1,1,1,1,1,1,1,1,1,1,1,1,1
256.8622217687075,257.17569115646256,63,47,1,1,1,1,1,1,1,1,1,1,1,1,1,1,1,1,1,1,1,1,1,1,1,1,1,1,1
256.8622217687075,257.25696099773245,56,70,1,1,1,1,1,1,1,1,1,1,1,1,1,1,1,1,1,1,1,1,1,1,1,1,1,1,1,1,1,1,1,1,1,1
256.85061179138324,257.25696099773245,68,59,1,1,1,1,1,1,1,1,1,1,1,1,1,1,1,1,1,1,1,1,1,1,1,1,1,1,1,1,1,1,1,1,1,1,1
256.75773197278914,256.8738317460317,46,53,1,1,1,1,0,0,0,0,0,0
256.7461219954649,256.85061179138324,68,59,1,1,1,1,1,1,1,1,1
256.7461219954649,257.05959138322,65,36,1,1,1,1,1,1,1,1,1,1,1,1,1,1,1,1,-5,-5,-5,-5,1,1,-5,-5,-5,-5,1
256.59519229024943,256.72290204081634,73,49,1,1,1,1,1,1,1,1,1,1,1
256.53714240362814,256.8622217687075,63,45,1,1,1,1,1,1,1,1,1,1,1,1,1,1,1,-5,-5,-5,-1,-1,0,1,1,1,1,1,1,1
256.5139224489796,256.7461219954649,68,45,1,1,1,1,1,1,1,1,1,1,1,1,1,1,1,1,1,1,1,1
256.50231247165533,256.59519229024943,73,54,1,1,1,1,1,1,1,1
256.3862126984127,256.5139224489796,56,41,1,1,1,1,1,1,1,1,1,1,1
256.31655283446713,256.5139224489796,65,45,1,1,1,1,1,1,1,1,1,1,1,1,1,1,1,1,1
256.31655283446713,256.5603623582766,53,63,1,1,1,1,1,1,1,1,1,1,1,1,1,1,1,1,1,1,1,1,1
256.31655283446713,256.75773197278914,46,45,1,1,1,1,1,1,1,1,1,1,1,1,1,1,1,1,1,1,1,1,1,1,1,1,1,1,1,1,1,1,1,1,1,1,1,1,1,1
256.2688290249433,256.3862126984127,70,52,1,1,1,1,1,1,1,1,1,1,1
256.2688290249433,256.5139224489796,68,37,1,1,1,1,1,0,1,1,1,1,1,1,1,1,1,1,1,1,1,1,1,1
256.25721904761906,256.3746027210884,58,35,1,1,1,1,1,1,1,1,1,1,1
256.2456090702948,256.75773197278914,61,60,1,1,1,1,1,1,1,1,1,1,1,1,1,1,1,1,1,1,1,1,1,1,1,1,1,1,1,1,1,1,1,1,1,1,1,1,1,1,1,1,1,1,1,1,1
256.210779138322,256.30494285714286,73,42,1,1,1,1,1,1,1,1,1
256.210779138322,256.31655283446713,46,31,1,1,1,1,1,1,1,1,1,1
255.73477006802722,255.87408979591834,77,41,1,1,1,1,1,1,1,1,1,1,1,1
255.73477006802722,255.94374965986395,53,71,1,1,1,1,1,1,1,1,1,1,1,1,1,1,1,1,1,1
255.6651102040816,255.7928199546485,60,48,1,1,1,1,1,1,1,1,1,1,1
255.6070603174603,255.7579900226757,56,46,1,1,1,1,1,1,1,1,1,1,1,1,1
255.58384036281177,256.2688290249433,68,43,1,1,1,1,1,1,1,1,1,1,1,1,1,1,1,1,1,1,1,1,1,1,1,1,1,1,1,1,1,1,1,1,1,1,1,1,1,1,1,1,1,1,1,1,1,1,1,1,1,1,1,1,1,1,1,1,1,1,1
255.5722303854875,255.6651102040816,61,70,1,1,1,1,1,1,1,1
255.53740045351475,255.73477006802722,53,55,1,1,1,1,1,1,1,1,1,1,1,1,1,1,1,1,1
255.5141804988662,255.82764988662132,65,62,1,1,1,1,1,1,1,1,1,1,1,1,1,1,1,1,1,1,1,1,1,1,1,1,1,1,1
255.5141804988662,255.6070603174603,56,32,1,1,1,1,1,1,1,1
255.40969070294784,255.53740045351475,63,66,1,1,1,1,1,1,1,1,1,1,1
255.2935909297052,255.5722303854875,61,43,1,1,1,1,1,1,1,1,1,1,1,1,1,1,1,7,7,7,1,1,1,1,1,1
255.0730013605442,255.58384036281177,68,52,1,1,1,1,1,1,1,1,1,1,1,1,1,1,1,1,1,1,1,1,1,1,1,1,1,1,1,1,1,1,1,1,1,1,1,1,1,1,1,1,1,1,1,1
255.06139138321993,255.1658811791383,53,50,1,1,1,1,1,1,1,1,1
255.0149514739229,255.22393106575964,63,57,-5,1,1,1,1,1,1,1,1,1,1,1,1,1,1,1,1,1
254.9801215419501,255.18910113378683,51,47,1,1,1,1,1,1,1,1,1,1,1,1,1,1,1,1,1,1
254.96851156462583,255.0730013605442,68,54,1,1,1,1,1,1,1,1,1
254.96851156462583,255.08461133786847,46,38,1,1,1,1,1,1,1,1,1,1
254.93368163265308,255.06139138321993,53,48,1,1,1,1,1,1,1,1,1,1,1
254.84080181405892,254.96851156462583,68,43,1,1,1,1,1,1,1,1,1,1,1
254.81758185941044,254.96851156462583,46,33,1,1,1,1,1,1,1,1,1,1,1,1,1
254.73631201814055,254.86402176870746,65,60,1,1,1,1,1,1,1,1,1,1,1
254.51572244897957,254.73631201814055,65,79,1,1,1,1,1,1,1,1,1,1,1,1,1,1,1,1,1,1,1
254.36479274376416,254.51572244897957,65,66,1,1,1,1,1,1,1,1,1,1,1,1,1
254.36479274376416,254.51572244897957,63,46,1,1,1,1,1,1,1,1,1,1,1,1,1
254.3183528344671,254.7943619047619,58,56,1,1,1,1,1,1,1,1,1,1,1,1,1,1,1,1,1,1,1,1,1,1,1,1,1,1,1,1,1,1,1,1,1,1,1,1,1,1,1,1,1
254.2706290249433,254.36479274376416,65,46,1,1,1,1,1,1,1,1,1
254.2474090702948,254.3880126984127,61,55,1,1,1,1,1,1,1,1,1,1,1,1,1
254.20096916099774,254.3183528344671,58,54,1,1,1,1,1,1,1,1,1,1,1
254.1777492063492,254.58538231292516,51,55,1,1,1,1,1,1,1,1,1,1,1,1,1,1,1,1,1,1,1,1,1,1,1,1,1,1,1,1,1,1,1,1,1,1,1,1
254.16613922902494,254.49250249433106,73,50,1,1,1,1,1,1,1,1,1,1,1,1,1,1,1,1,1,1,1,1,0,0,1,1,1,1,1,1,1
254.16613922902494,254.4808925170068,68,55,1,1,1,1,1,1,1,1,1,1,1,1,1,1,1,1,1,1,1,1,1,1,1,1,1,1,1,1
254.07325941043084,254.20096916099774,58,48,1,1,1,1,1,1,1,1,1,1,1
254.07325941043084,254.1777492063492,51,51,1,1,1,1,1,1,1,1,1
253.7714,253.98037959183674,63,43,-5,-5,1,1,1,1,1,1,1,1,1,1,1,1,1,1,1,1
253.74818004535146,254.16613922902494,68,36,1,1,1,1,1,1,1,1,1,1,1,1,1,1,1,1,1,1,1,1,1,1,1,1,1,1,1,1,1,1,1,7,7,1,1,1
253.73657006802722,253.991989569161,73,54,1,1,1,1,1,1,1,1,1,1,1,1,1,1,1,1,1,1,1,1,1,1
253.73657006802722,253.96876961451247,61,46,1,1,1,1,1,1,1,0,0,1,1,1,1,1,1,1,1,1,1,1
253.65530022675736,253.74818004535146,66,37,1,1,1,1,1,-2,-2,-2
253.65530022675736,253.74818004535146,54,44,1,1,1,1,1,1,1,1
253.56242040816326,254.15452925170067,70,42,1,1,1,1,1,1,1,1,1,1,1,1,1,1,1,1,1,1,1,1,1,1,0,0,0,0,0,0,1,1,1,1,1,1,1,1,1,1,-5,-5,1,1,1,1,1,1,1,1,1,1,1
253.56242040816326,253.69013015873017,51,47,1,1,1,1,1,1,1,1,1,1,1
253.550810430839,253.73657006802722,73,53,1,1,1,1,1,1,1,1,1,1,1,1,1,1,1,1
253.550810430839,253.65530022675736,66,47,1,1,1,1,1,1,1,1,1
253.53920045351472,253.73657006802722,61,55,1,1,1,1,1,1,1,1,1,1,1,1,1,1,1,1,1
253.52759047619048,253.65530022675736,54,45,1,1,1,1,1,1,1,1,1,1,1
253.5159804988662,253.92232970521542,58,46,1,1,1,1,1,1,1,1,1,1,1,1,1,1,1,1,1,1,1,1,1,1,1,1,1,1,1,1,1,1,1,1,1,1,1
252.21437913832202,252.69167210884353,65,49,1,1,1,1,1,1,1,1,1,1,1,1,1,1,1,1,1,1,1,1,1,1,1,1,1,1,1,1,1,1,1,1,1,1,1,1,1,1,1,1,1,1
252.20276916099775,252.74972199546485,62,58,1,1,1,1,1,1,1,1,1,1,1,1,1,1,1,1,1,1,1,1,1,1,1,1,1,1,1,1,1,1,1,1,1,1,1,1,1,1,1,1,1,1,1,1,1,1,1,1
252.14471927437643,252.7265020408163,58,44,1,1,1,1,1,1,1,1,1,1,1,1,1,1,1,1,1,1,1,1,1,1,1,1,1,1,1,1,1,1,1,1,1,1,1,1,1,1,1,1,1,1,1,1,1,1,1,1,1,1,1
252.0866693877551,252.21437913832202,65,65,1,1,1,1,1,1,1,1,1,1,1
251.993789569161,252.0866693877551,61,36,1,1,1,1,1,1,1,1
251.95895963718823,252.0866693877551,65,59,1,1,1,1,1,1,1,1,1,1,1
251.94734965986396,252.09827936507938,63,37,1,1,1,1,1,1,1,1,1,1,1,1,1
251.8660798185941,251.95895963718823,65,46,1,1,1,1,1,1,1,1
251.85446984126986,252.0866693877551,44,58,1,1,1,1,1,1,1,1,1,1,1,1,1,1,1,1,1,1,1,1
251.76159002267573,252.0634494331066,53,51,4,1,1,1,1,1,1,1,1,1,1,1,1,1,1,1,1,1,1,1,1,1,1,1,1,1
251.70354013605444,251.8660798185941,66,35,-2,1,1,1,1,1,1,1,1,1,1,1,1,1
251.56422040816327,251.85446984126986,44,69,1,1,1,1,1,1,1,1,1,1,1,1,1,1,1,1,1,1,1,1,1,1,1,1,1
251.56422040816327,251.8080299319728,32,61,1,1,1,1,1,1,1,1,1,1,1,1,1,1,1,1,1,1,1,1,1
251.47134058956917,251.56422040816327,32,55,1,1,1,1,1,1,1,1
251.44812063492066,251.56422040816327,44,65,1,1,1,1,1,1,1,1,1,1
251.42490068027212,251.54100045351476,63,39,1,1,1,1,1,1,1,1,1,1
251.42490068027212,251.71515011337868,56,46,1,1,1,1,1,1,1,1,1,1,1,1,1,1,1,1,1,1,1,1,1,1,1,1,1
251.41329070294785,251.52939047619049,66,36,-2,-2,-2,-2,-2,-2,-2,-2,-2,-2
251.4016807256236,252.0866693877551,72,51,1,1,1,1,1,1,1,1,1,1,1,1,1,1,1,1,1,1,1,1,1,1,1,1,1,1,1,1,1,1,1,1,1,1,1,1,1,1,1,1,1,1,1,1,1,1,1,1,1,1,1,1,1,1,1,1,1,1,1
251.4016807256236,251.70354013605444,65,61,1,1,1,1,1,1,1,1,1,1,1,1,1,1,1,1,1,1,1,1,1,1,1,1,1,1
251.4016807256236,251.76159002267573,54,34,-2,-2,-2,-2,-2,-2,-2,-2,-2,-2,-2,-2,-2,1,1,-2,-2,-2,-2,-2,-2,-2,-2,1,1,1,1,1,1,1,1
251.23914104308392,251.83124988662132,60,50,1,1,1,1,1,1,1,1,1,1,1,1,1,1,1,1,1,1,1,1,1,1,1,1,1,1,1,1,1,1,1,1,1,1,1,1,1,1,1,1,1,1,1,1,1,1,1,1,1,1,1
251.22753106575965,251.4016807256236,72,62,1,1,1,1,1,1,1,1,1,1,1,1,1,1,1
251.1810911564626,252.07505941043084,68,44,1,1,1,1,1,1,1,1,1,1,1,1,1,1,1,1,1,1,1,1,1,1,1,1,1,1,1,1,1,1,1,1,1,1,1,1,1,1,1,1,1,1,1,1,1,1,1,1,1,1,1,1,1,1,1,1,1,1,1,1,1,1,1,1,1,1,1,1,1,1,1,1,1,1,1,1,1
251.15787120181406,251.4016807256236,65,57,1,1,1,1,1,1,1,1,1,1,1,1,1,1,1,1,1,1,1,1,1
251.07660136054423,251.22753106575965,72,51,1,1,1,1,1,1,1,1,1,1,1,1,1
251.07660136054423,251.42490068027212,63,41,1,1,1,1,1,1,1,1,1,1,1,1,1,1,1,1,1,1,1,1,1,1,1,1,1,1,1,1,1,1
250.98372154195013,251.23914104308392,60,36,1,1,1,1,1,1,1,1,1,1,1,1,1,1,1,1,1,1,1,1,1,1
250.98372154195013,251.44812063492066,44,69,1,1,1,1,1,1,1,1,1,1,1,1,1,1,1,1,1,1,1,1,1,1,1,1,1,1,1,1,1,1,1,1,1,1,1,1,1,1,1,1
250.90245170068027,251.47134058956917,32,52,1,1,1,1,1,1,1,1,1,1,1,1,1,1,1,1,1,1,1,1,1,1,1,1,1,1,1,1,1,1,1,1,1,1,1,1,1,1,1,1,1,1,1,1,1,1,1,1,1
250.87923174603176,251.1810911564626,68,43,1,1,1,1,1,1,1,1,1,1,1,1,1,1,1,1,1,1,1,1,1,1,1,1,1,1
250.85601179138322,251.15787120181406,65,64,1,1,1,1,1,1,1,1,1,1,1,1,1,1,1,1,1,1,1,1,1,1,1,1,1,1
250.84440181405895,250.98372154195013,44,60,1,1,1,1,1,1,1,1,1,1,1,1
250.78635192743766,250.87923174603176,68,44,1,1,1,1,1,1,1,1
250.76313197278913,250.90245170068027,60,54,1,1,1,1,1,1,1,1,1,1,0,0
250.7399120181406,251.07660136054423,53,33,4,1,1,1,1,1,1,1,1,1,4,4,4,1,1,1,1,1,1,1,1,1,1,1,1,1,1,1,1
250.6818621315193,250.85601179138322,65,63,-2,-2,1,1,1,1,1,1,1,1,1,1,1,1,1
250.44966258503402,250.6470321995465,56,42,-5,-5,-5,-5,-5,-5,-5,-5,-5,-5,-5,-5,-5,-5,-5,-5,-5
250.31034285714287,250.44966258503402,56,43,-5,-5,-5,-5,-5,-5,-5,-5,-5,-5,-5,-5
250.22778911564626,250.7399120181406,54,74,1,1,1,1,1,1,1,1,1,1,1,1,1,1,1,1,1,1,1,1,1,1,1,1,1,1,1,1,1,1,1,1,1,1,1,1,1,1,1,1,1,1,1,1,1
250.1813492063492,250.31034285714287,56,45,1,1,1,1,1,-5,-5,-5,-5,-5,-5,-5
250.08846938775508,250.6818621315193,64,67,1,1,1,1,1,1,1,1,1,1,1,1,1,1,1,1,1,1,1,1,1,1,1,1,1,1,1,1,1,1,1,1,1,1,1,1,1,1,1,1,1,1,1,1,1,1,1,1,1,1,1,1
250.06524943310657,250.7399120181406,73,50,1,1,1,1,1,1,1,1,1,1,1,1,1,1,1,1,1,1,1,1,1,1,1,1,1,1,1,1,1,1,1,1,1,1,1,1,1,1,1,1,1,1,1,1,1,1,1,1,1,1,1,1,1,1,1,1,1,1,-2
250.06524943310657,250.22778911564626,54,71,1,1,1,1,1,1,1,1,1,1,1,1,1,1
250.0536394557823,250.26261904761904,68,50,1,1,1,1,1,1,1,1,1,1,1,1,1,1,1,1,1,1
249.75178004535147,250.06524943310657,65,71,1,1,1,1,1,1,1,1,1,1,1,1,1,1,1,1,1,1,1,1,1,1,1,1,1,1,1
249.4267006802721,249.75178004535147,65,65,-5,1,1,1,1,1,1,1,1,1,1,1,1,1,1,-5,1,1,1,1,1,1,1,1,1,1,1,1
249.41509070294785,249.85626984126984,63,62,1,1,1,1,1,1,1,1,1,1,1,1,1,1,1,1,1,1,1,1,1,1,1,1,0,0,0,1,1,1,1,1,1,1,1,1,1,1
249.38026077097504,249.63568027210883,58,71,1,1,1,1,1,1,1,1,1,1,1,1,1,1,1,1,1,1,1,1,1,1
249.36865079365077,249.554410430839,70,47,1,1,1,1,1,1,1,1,1,1,1,1,1,1,1,1
248.33536281179138,249.31060090702948,61,75,1,1,1,1,1,1,1,1,1,1,1,1,1,1,1,1,1,1,1,1,1,1,1,1,1,1,1,1,1,1,1,1,1,1,1,1,1,1,1,1,1,1,1,1,1,1,1,1,1,1,1,1,1,1,1,1,1,1,1,1,1,1,1,1,1,1,1,1,1,1,1,1,1,1,1,1,1,1,1,1,1,1,1,1
248.00899954648526,248.54434240362812,70,63,1,1,1,1,1,1,1,1,1,1,1,1,1,1,1,1,1,1,1,1,1,1,1,1,1,1,1,1,1,1,1,1,1,1,1,1,1,1,1,1,1,1,1,1,1,1,1
247.99738956916102,248.66044217687073,73,54,1,1,1,1,1,1,1,1,1,1,1,1,1,1,1,1,1,1,1,1,1,1,1,1,1,1,1,1,1,1,1,1,1,1,1,1,1,1,1,1,1,1,1,1,1,1,1,1,1,1,1,1,1,1,1,1,1,1
247.99738956916102,248.82298185941042,65,54,1,1,1,1,1,1,1,1,1,1,1,1,1,1,1,1,1,1,1,1,1,1,1,1,1,1,1,1,1,1,1,1,1,1,1,1,1,1,1,1,1,1,1,1,1,1,1,1,1,1,1,1,1,1,1,1,1,1,1,1,1,1,1,1,1,1,1,1,1,1,1,1
247.99738956916102,248.33536281179138,61,87,1,1,1,1,1,1,1,1,1,1,1,1,1,1,1,1,1,1,1,1,1,1,1,1,1,1,1,1,1,1
247.99738956916102,248.4166326530612,58,79,1,1,1,1,1,1,1,1,1,1,1,1,1,1,1,1,1,1,1,1,1,1,1,1,1,1,1,1,1,1,1,1,1,1,1,1,1
247.99738956916102,248.3108589569161,46,41,1,1,1,1,1,1,1,1,1,1,1,1,1,1,1,1,1,1,1,1,1,1,1,1,1,1,1
247.73036009070296,247.99738956916102,65,40,1,1,1,1,1,1,1,1,1,-5,-5,-5,-5,1,1,1,1,1,1,1,1,1,1
246.62741224489795,246.894441723356,68,49,1,1,1,1,1,1,1,1,1,1,1,1,1,1,1,1,1,1,1,1,1,1,1
246.60419229024944,247.57943038548754,65,50,0,1,1,1,1,1,1,1,1,1,1,1,1,1,1,1,1,1,1,1,1,1,1,1,1,1,1,1,1,1,1,1,1,1,1,1,1,1,1,1,1,1,1,1,1,1,1,1,1,1,1,1,1,1,1,1,1,1,1,1,1,1,1,1,1,1,1,1,1,1,1,1,1,1,1,1,1,1,1,1,1,1,1,1
246.60419229024944,247.9045097505669,53,72,1,1,1,1,1,1,1,1,1,1,1,1,1,1,1,1,1,1,1,1,1,1,1,1,1,1,1,1,1,1,1,1,1,1,1,1,1,1,1,1,1,1,1,1,1,1,1,1,1,1,1,1,1,1,1,1,1,1,1,1,1,1,1,1,1,1,1,1,1,1,1,1,1,1,1,1,1,1,1,1,1,1,1,1,1,1,1,1,1,1,1,1,1,1,1,1,1,1,1,1,1,1,1,1,1,1,1,1,1,1,1,1
245.27937097505668,246.38360272108844,51,62,1,1,1,1,1,1,1,1,1,1,1,1,1,1,1,1,1,1,1,1,1,1,1,1,1,1,1,1,1,1,1,1,1,1,1,1,1,1,1,1,1,1,1,1,1,1,1,1,1,1,1,1,1,1,1,1,1,1,1,1,1,1,1,1,1,1,1,1,1,1,1,1,1,1,1,1,1,1,1,1,1,1,1,1,1,1,1,1,1,1,1,1,1,1,1,1
245.2677609977324,246.47648253968254,70,50,1,1,1,1,1,1,1,1,1,1,1,1,1,1,1,1,1,1,1,1,1,1,1,1,1,1,1,1,1,1,1,1,1,1,1,1,1,1,1,1,1,1,1,1,1,1,1,1,1,1,1,1,1,1,1,1,1,1,1,1,1,1,1,1,1,1,1,1,1,1,1,1,1,1,1,1,1,1,1,1,1,1,1,1,1,1,1,1,1,1,1,1,1,1,1,1,1,1,1,1,1,1,1,1,1
245.2677609977324,246.21977913832197,66,65,1,1,1,1,1,1,1,1,1,1,1,1,1,1,1,1,1,1,1,1,1,1,1,1,1,1,1,1,1,1,1,1,1,1,1,1,1,1,1,1,1,1,1,1,1,1,1,1,1,1,1,1,1,1,1,1,1,1,1,1,1,1,1,1,1,1,1,1,1,1,1,1,1,1,1,1,1,1,1,1,1,1
245.2677609977324,245.96435963718818,63,56,1,1,1,1,1,1,1,1,1,1,1,1,1,1,1,1,1,1,1,1,1,1,1,1,1,1,1,1,1,1,1,1,1,1,1,1,1,1,1,1,1,1,1,1,1,1,1,1,1,1,1,1,1,1,1,1,1,1,1,1
245.2677609977324,245.63928027210883,61,57,1,1,1,1,1,1,1,1,1,1,1,1,1,1,1,1,1,1,1,1,1,1,1,1,1,1,1,1,1,1,1,1
245.2677609977324,245.82503990929703,54,40,1,1,1,1,1,1,1,1,1,1,1,1,1,1,1,1,1,1,1,1,1,1,1,1,1,1,1,1,1,1,1,1,1,1,1,1,1,1,1,1,1,1,1,1,1,1,1,1
245.25615102040814,245.63928027210883,58,41,1,1,1,1,1,1,1,1,1,1,1,1,1,1,1,1,1,1,1,1,1,1,1,1,1,1,1,1,1,1,1,1,1
244.59438231292515,245.27937097505668,73,58,1,1,1,1,1,1,1,1,1,1,1,1,1,1,1,1,1,1,1,1,1,1,1,1,1,1,1,1,1,1,1,1,1,1,1,1,1,1,1,1,1,1,1,1,1,1,1,1,1,1,1,1,1,1,1,1,1,1,1
244.5827723356009,244.96590158730157,77,40,1,1,1,1,1,1,1,1,1,1,1,1,1,1,1,1,1,1,1,1,1,1,1,1,1,1,1,1,1,1,1,1,1
244.5827723356009,244.94268163265303,68,57,1,1,1,1,1,1,1,1,1,1,1,1,1,1,1,1,1,1,1,1,1,1,1,1,1,1,1,1,1,1,1
244.5827723356009,245.2677609977324,65,87,1,1,1,1,1,1,1,1,1,1,1,1,1,1,1,1,1,1,1,1,1,1,1,1,1,1,1,1,1,1,1,1,1,1,1,1,1,1,1,1,1,1,1,1,1,1,1,1,1,1,1,1,1,1,1,1,1,1,1
244.5827723356009,245.2677609977324,61,74,1,1,1,1,1,1,1,1,1,1,1,1,1,1,1,1,1,1,1,1,1,1,1,1,1,1,1,1,1,1,1,1,1,1,1,1,1,1,1,1,1,1,1,1,1,1,1,1,1,1,1,1,1,1,1,1,1,1,1
243.89649977324262,244.3144589569161,68,54,1,1,1,1,1,1,1,1,1,1,1,1,1,1,1,1,1,1,1,1,1,1,1,1,1,1,1,1,1,1,1,1,1,1,1,1
243.89649977324262,244.5827723356009,65,48,1,1,1,1,1,1,-5,-5,-5,-5,1,1,1,-5,-5,-5,-5,-5,-5,-5,-5,-5,-5,-5,-5,-5,-5,1,1,1,1,-5,-5,-5,-5,-5,-5,-5,-5,-5,1,1,1,1,1,1,1,1,1,1,1,1,1,1,1,1,1,1,1,1
243.89649977324262,244.50150249433105,63,65,1,1,1,1,1,1,1,1,1,1,1,1,1,1,1,1,1,1,1,1,1,1,1,1,1,1,1,1,1,1,1,1,1,1,1,1,1,1,1,1,1,1,1,1,1,1,1,1,1,1,1,1,1
243.89649977324262,244.66404217687074,53,60,1,1,1,1,1,1,1,1,1,1,1,1,1,1,1,1,1,1,1,1,1,1,1,1,1,1,1,1,1,1,1,1,1,1,1,1,1,1,1,1,1,1,1,1,1,1,1,1,1,1,1,1,1,1,1,1,1,1,1,1,1,1,1,1,1,1,1
243.88488979591835,244.40862267573695,72,57,1,1,1,1,1,1,1,1,1,1,1,1,1,1,1,1,1,1,1,1,1,1,1,1,1,1,1,1,1,1,1,1,1,1,1,1,1,1,1,1,1,1,1,1,1,1
243.88488979591835,244.11708934240363,60,32,4,4,4,0,1,1,1,1,1,1,1,1,1,1,1,1,1,1,1,1
242.82838185941043,243.88488979591835,61,60,1,1,1,1,1,1,1,1,1,1,1,1,1,1,1,1,1,1,1,1,1,1,1,1,1,1,1,1,1,1,1,1,1,1,1,1,1,1,1,1,1,1,1,1,1,1,1,1,1,1,1,1,1,1,1,1,1,1,1,1,1,1,1,1,1,1,1,1,1,1,1,1,1,1,1,1,1,1,1,1,1,1,1,1,1,1,1,1,1,1,1
242.51491247165532,243.89649977324262,65,70,1,1,1,1,1,1,1,1,1,1,1,1,1,1,1,1,1,1,1,1,1,1,1,1,1,1,1,1,1,1,1,1,1,1,1,1,1,1,1,1,1,1,1,1,1,1,1,1,1,1,1,1,1,1,1,1,1,1,1,1,1,1,1,1,1,1,1,1,1,1,1,1,1,1,1,1,1,1,1,1,1,1,1,1,1,1,1,1,1,1,1,1,1,1,1,1,1,1,1,1,1,1,1,1,1,1,1,1,1,1,1,1,1,1,1,1,1,1,1
242.51491247165532,242.73550204081633,46,47,1,1,1,1,1,1,1,1,1,1,1,1,1,1,1,1,1,1,1
242.50330249433105,242.8051619047619,82,50,1,1,1,1,1,1,1,1,1,1,1,1,1,1,1,1,1,1,1,1,1,1,1,1,1,1
242.50330249433105,243.51337052154196,73,39,1,1,1,1,1,1,1,1,1,1,1,1,1,1,1,1,1,1,1,1,1,1,1,1,1,1,1,1,1,1,1,1,1,1,1,1,1,1,1,1,1,1,1,1,1,1,1,1,1,1,1,1,1,1,1,1,1,1,1,1,1,1,1,1,1,1,1,1,1,1,1,1,1,1,1,1,1,1,1,1,1,1,1,1,1,1,1
242.50330249433105,243.7804,70,61,1,1,1,1,1,1,1,1,1,1,1,1,1,1,1,1,1,1,1,1,1,1,1,1,1,1,1,1,1,1,1,1,1,1,1,1,1,1,1,1,1,1,1,1,1,1,1,1,1,1,1,1,1,1,1,1,1,1,1,1,1,1,1,1,1,1,1,1,1,1,1,1,1,1,1,1,1,1,1,1,1,1,1,1,1,1,1,1,1,1,1,1,1,1,1,1,1,1,1,1,1,1,1,1,1,1,1,1,1,1
242.50330249433105,242.82838185941043,61,83,1,1,1,1,1,1,1,1,1,1,1,1,1,1,1,1,1,1,1,1,1,1,1,1,1,1,1,1
242.50330249433105,243.118631292517,58,61,1,1,1,1,1,1,1,1,1,1,1,1,1,1,1,1,1,1,1,1,1,1,1,1,1,1,1,1,1,1,1,1,1,1,1,1,1,1,1,1,1,1,1,1,1,1,1,1,1,1,1,1,1
242.36269886621315,242.51491247165532,65,67,1,1,1,1,1,1,1,1,1,1,1,1,1,1
241.32941088435376,241.4687306122449,63,49,1,1,1,1,1,1,1,1,1,1,1,1
241.1552612244898,241.4687306122449,68,57,1,1,1,1,1,1,1,1,1,1,1,1,1,1,1,1,1,1,1,1,1,1,1,1,1,1,1
241.12043129251703,241.66610022675738,77,41,1,1,1,1,1,1,1,1,1,1,1,1,1,1,1,1,1,1,1,1,1,1,1,1,1,1,1,1,1,1,1,1,1,1,1,1,1,1,1,1,1,1,1,1,1,1,1
241.12043129251703,242.3510888888889,53,62,1,1,1,1,1,1,1,1,1,1,1,1,1,1,1,1,1,1,1,1,1,1,1,1,1,1,1,1,1,1,1,1,1,1,1,1,1,1,1,1,1,1,1,1,1,1,1,1,1,1,1,1,1,1,1,1,1,1,1,1,1,1,1,1,1,1,1,1,1,1,1,1,1,1,1,1,1,1,1,1,1,1,1,1,1,1,1,1,1,1,1,1,1,1,1,1,1,1,1,1,1,1,1,1,1,1
241.10882131519276,241.99117959183675,65,57,1,1,1,1,1,1,1,1,1,1,1,1,1,1,1,1,1,1,1,1,1,1,1,1,1,1,1,1,1,1,1,1,1,1,1,1,1,1,1,1,1,1,1,1,1,1,1,1,1,1,1,1,1,1,1,1,1,1,1,1,1,1,1,1,1,1,1,1,1,1,1,1,1,1,1,1
241.0972113378685,242.39881269841268,72,49,1,1,1,1,1,1,1,1,1,1,1,1,1,1,1,1,1,1,1,1,1,1,1,1,1,1,1,1,1,1,1,1,1,1,1,1,1,1,1,1,1,1,1,1,1,1,1,1,1,1,1,1,1,1,1,1,1,1,1,1,1,1,1,1,1,1,1,1,1,1,1,1,1,1,1,1,1,1,1,1,1,1,1,1,1,1,1,1,1,1,1,1,1,1,1,1,1,1,1,1,1,1,1,1,1,1,1,1,1,1,1,1,1
241.0623814058957,241.48034058956918,60,50,1,1,1,1,1,1,1,1,1,1,1,1,1,1,1,1,1,1,1,1,1,1,1,1,1,1,1,1,1,1,1,1,1,1,1,1
240.47027256235828,240.70247210884355,58,67,1,1,1,1,1,1,1,1,1,1,1,1,1,1,1,1,1,1,1,1
240.41222267573696,240.66764217687074,61,69,1,1,1,1,1,1,1,1,1,1,1,1,1,1,1,1,1,1,1,1,1,1
240.29483900226757,240.51671247165532,63,59,1,1,1,1,1,1,1,1,1,1,1,1,1,1,1,-5,-5,-5,1,-5
240.1206893424036,240.29483900226757,63,71,-5,-5,-5,-5,-5,1,1,1,1,1,1,1,1,1,1
240.1206893424036,240.47027256235828,58,61,1,1,1,1,1,1,1,1,1,1,1,1,1,1,1,1,1,1,1,1,1,1,1,1,1,1,1,1,1,1,1
240.10907936507937,240.57476235827664,70,56,1,1,1,1,1,1,1,1,1,1,1,1,1,1,1,1,1,1,1,1,1,1,1,1,1,1,1,1,1,1,1,1,1,1,1,1,1,1,1,1,1
239.83043990929704,240.1206893424036,58,48,1,1,1,1,1,1,1,1,1,1,1,1,1,1,1,1,1,1,1,1,1,1,1,1,1
239.81882993197277,240.10907936507937,70,58,1,1,1,1,1,1,1,1,1,1,1,1,1,1,1,1,1,1,1,1,1,1,1,1,1
239.81882993197277,240.29483900226757,66,51,1,1,1,1,1,1,1,1,1,1,1,1,1,1,1,1,1,1,1,1,1,1,1,1,1,-2,-2,-2,-2,1,1,1,1,1,1,1,1,1,1,1,1
239.81882993197277,240.05102947845805,54,56,1,1,1,1,1,1,1,1,1,1,1,1,1,1,1,1,1,1,1,1
239.81882993197277,240.47027256235828,51,49,1,1,1,1,1,1,1,1,1,1,1,1,1,1,1,1,1,1,1,1,1,1,1,1,1,1,1,1,1,1,1,1,1,1,1,1,1,1,1,1,1,1,1,1,1,1,1,1,1,1,1,1,1,1,1,1,1
239.81882993197277,240.679252154195,39,47,1,1,1,1,1,1,1,1,1,1,1,1,1,1,1,1,1,1,1,1,1,1,1,1,1,1,1,1,1,1,1,1,1,1,1,1,1,1,1,1,1,1,1,1,1,1,1,1,1,1,1,1,1,1,1,1,1,1,1,1,1,1,1,1,1,1,1,1,1,1,1,1,1,1,1
239.80721995464853,240.5631523809524,73,39,1,1,1,1,1,1,1,1,1,1,1,1,1,1,1,1,1,1,1,1,1,1,1,1,1,1,1,1,1,1,1,1,1,1,1,1,1,1,1,1,1,1,-2,1,1,1,1,1,1,1,1,1,1,1,1,1,1,1,1,1,1,1,1,1,1,1
239.80721995464853,240.41222267573696,61,70,1,1,1,1,1,1,1,1,1,1,1,1,1,1,1,1,1,1,1,1,1,1,1,1,1,1,1,1,1,1,1,1,1,1,1,1,1,1,1,1,1,1,1,1,1,1,1,1,1,1,1,1,1
239.7491700680272,239.8768798185941,63,29,-5,-5,-5,-5,-5,-5,-5,-5,-5,-5,-5
239.72595011337867,239.81882993197277,70,51,1,1,1,1,1,1,1,1
239.72595011337867,239.83043990929704,58,55,1,1,1,1,1,1,1,1,1
239.7143401360544,239.80721995464853,61,69,1,1,1,1,1,1,1,1
239.57502040816325,239.7143401360544,61,37,1,1,1,1,1,0,0,0,0,0,0,0
239.55180045351474,239.6911201814059,74,28,-2,0,1,1,1,1,1,1,1,1,1,1
239.45892063492062,239.73756009070294,65,52,1,1,1,1,1,1,1,1,1,1,1,1,1,1,1,1,1,1,1,1,1,1,1,1
239.45892063492062,239.72595011337867,58,56,1,1,1,1,1,1,1,1,1,1,1,1,1,1,1,1,1,1,1,1,1,1,1
239.38926077097506,239.57502040816325,61,53,1,1,1,1,1,1,1,1,1,1,1,1,1,1,1,1
239.3776507936508,239.50536054421767,73,36,1,1,1,1,1,1,1,1,1,1,1
239.35443083900225,239.45892063492062,58,67,1,1,1,1,1,1,1,1,1
239.15706122448978,239.3079909297052,62,39,4,0,0,0,0,1,1,1,1,1,1,1,1
239.11062131519273,239.35443083900225,56,61,1,1,1,1,1,1,1,1,1,1,1,1,1,1,1,1,1,1,1,1,1
239.07579138321995,239.35443083900225,58,42,1,1,1,1,1,1,1,1,1,-5,-5,-5,-5,-5,-5,-5,-5,-5,1,1,1,1,1,1
238.91325170068026,239.29638095238096,77,36,1,1,1,1,1,1,1,1,1,1,1,1,1,1,1,1,1,1,1,1,1,1,1,1,1,1,1,1,1,1,1,1,1
238.75071201814058,238.87842176870748,63,43,1,1,1,1,1,1,1,1,1,1,1
238.75071201814058,239.07579138321995,58,45,1,1,1,1,1,1,1,1,1,-5,-5,-5,-5,-5,1,1,1,1,1,1,1,-5,-5,-5,-5,-5,-5,-5
238.75071201814058,239.11062131519273,56,63,1,1,1,1,1,1,1,1,1,1,1,1,1,1,1,1,1,1,1,1,1,1,1,1,1,1,1,1,1,1,1
238.75071201814058,238.91325170068026,46,53,1,1,1,1,1,1,1,1,1,1,1,1,1,1
238.7391020408163,238.8668117913832,68,44,1,1,1,1,1,1,1,1,1,1,1
238.6462222222222,239.45892063492062,65,53,1,1,1,1,1,1,1,1,1,1,1,1,1,1,1,1,1,1,1,1,1,1,1,1,1,1,1,1,1,1,1,1,1,1,1,1,1,1,1,1,1,1,1,1,1,1,1,1,1,1,1,1,1,1,1,1,1,1,1,1,1,1,1,1,1,1,1,1,1,1
238.5881723356009,239.07579138321995,70,50,1,1,1,1,1,1,1,1,1,1,1,0,0,0,1,1,1,1,1,1,1,1,1,1,1,1,1,1,1,1,1,1,1,1,1,1,1,1,1,1,1,1
238.460462585034,239.41248072562357,53,62,1,1,1,1,1,1,1,1,1,1,1,1,1,1,1,1,1,1,1,1,1,1,1,1,1,1,1,1,1,1,1,1,1,1,1,1,1,1,1,1,1,1,1,1,1,1,1,1,1,1,1,1,1,1,1,1,1,1,1,1,1,1,1,1,1,1,1,1,1,1,1,1,1,1,1,1,1,1,1,1,1,1
238.1921492063492,238.7391020408163,68,37,1,1,1,1,1,1,1,1,1,1,1,1,1,1,1,1,1,1,1,1,1,1,1,1,1,1,1,1,1,1,1,1,1,1,1,1,1,1,1,1,1,1,1,1,1,1,1,1
238.1921492063492,238.75071201814058,56,38,1,1,1,1,1,1,1,1,1,1,1,1,1,1,1,1,1,1,1,1,1,1,1,1,1,1,1,1,1,1,1,1,1,1,1,1,1,1,1,1,1,1,1,1,1,1,1,1,1
238.18053922902496,238.34307891156462,63,39,7,7,1,1,1,1,1,1,1,1,1,1,1,1
237.94833968253968,238.5533424036281,65,61,1,1,1,1,1,1,1,1,1,1,1,1,1,1,1,1,1,1,1,1,1,1,1,1,1,1,1,1,1,1,1,1,1,1,1,1,1,1,1,1,1,1,1,1,1,1,1,1,1,1,1,1,1
237.94833968253968,238.3198589569161,46,47,1,1,1,1,1,1,1,1,1,1,1,1,1,1,1,1,1,1,1,1,1,1,1,1,1,1,1,1,1,1,1,1
237.83223990929704,237.94833968253968,46,25,2,2,2,2,2,1,1,1,1,1
237.77419002267575,237.8786798185941,56,47,1,1,1,1,1,1,1,1,1
237.77419002267575,237.92511972789117,49,49,1,1,1,1,1,1,1,1,1,1,1,1,1
237.76258004535148,238.0992693877551,68,46,1,1,1,1,1,1,1,1,1,1,1,1,1,1,1,1,1,1,1,1,1,1,1,1,1,1,1,1,1
237.76258004535148,238.01799954648527,58,38,1,1,1,1,1,1,1,1,1,1,1,1,1,1,1,1,1,1,1,1,1,1
237.75097006802721,238.460462585034,53,57,1,1,1,1,1,1,1,1,1,1,1,1,1,1,1,1,1,1,1,1,1,1,1,1,1,1,1,1,1,1,1,1,1,1,1,1,1,1,1,1,1,1,1,1,1,1,1,1,1,1,1,1,1,1,1,1,1,1,1,1,1,1
237.61165034013607,237.75097006802721,53,51,1,1,1,1,1,1,1,1,1,1,1,1
237.6000403628118,237.76258004535148,58,31,1,1,1,1,1,1,1,1,1,1,1,1,1,1
237.58843038548753,237.94833968253968,65,60,1,1,1,1,1,1,1,1,1,1,1,1,1,1,1,1,1,1,1,1,1,1,1,1,1,1,1,1,1,1,1
237.55360045351475,237.77419002267575,56,40,1,1,1,1,1,1,1,1,1,1,1,1,1,1,1,1,1,1,1
237.44911065759638,237.54199047619048,77,38,1,1,1,1,1,1,1,1
237.29818095238096,237.4375006802721,70,49,1,1,1,1,1,1,1,1,1,1,1,1
237.2865709750567,237.3794507936508,82,38,1,1,1,1,1,1,1,1
237.2865709750567,237.61165034013607,53,33,1,1,1,1,1,1,1,1,1,1,1,1,1,1,1,1,1,1,1,1,1,1,1,1,1,1,1,1
237.27496099773242,237.44911065759638,77,39,1,1,1,1,1,1,1,1,1,1,1,1,1,1,1
237.27496099773242,237.58843038548753,65,57,1,1,1,1,1,1,1,1,1,1,1,1,1,1,1,1,1,1,1,1,1,1,1,1,0,1,1
237.27496099773242,237.42589070294784,56,30,1,1,1,1,1,1,1,1,1,1,1,1,1
237.26335102040815,237.35623083900228,58,34,1,1,1,1,1,1,1,1
237.1008113378685,237.1936911564626,56,47,1,1,1,1,1,1,1,1
237.1008113378685,237.2865709750567,53,55,1,1,1,1,1,1,1,1,1,1,1,1,1,1,1,1
237.05437142857144,237.36784081632652,46,44,1,1,1,1,1,1,1,1,1,1,1,1,1,1,1,1,1,1,1,1,1,1,1,1,1,1,1
237.04276145124717,237.27496099773242,65,51,1,1,1,1,1,1,1,1,1,1,1,1,1,1,1,1,1,1,1,1
236.96149160997732,237.1008113378685,53,36,1,1,1,1,1,1,1,1,1,1,1,1
236.72929206349207,236.82217188208617,61,30,1,1,1,1,1,1,1,1
236.72929206349207,236.86861179138322,58,44,1,1,1,1,1,1,1,1,1,1,1,1
236.7176820861678,237.04276145124717,65,39,1,1,1,1,1,1,1,1,1,1,0,1,1,1,1,1,1,1,1,1,1,1,1,1,1,1,1,1
236.60158231292516,236.6944621315193,68,36,1,1,1,1,1,1,1,1
236.60158231292516,236.72929206349207,58,27,0,0,1,1,1,1,1,1,1,1,1
236.47387256235828,236.56675238095238,70,37,-2,1,1,1,1,1,1,1
236.4042126984127,236.67124217687075,65,58,1,1,1,1,1,1,1,1,1,1,1,1,1,1,1,1,1,1,1,1,1,1,1
236.4042126984127,236.50870249433106,58,41,1,1,1,1,1,1,1,1,1
236.28682902494333,236.4042126984127,58,30,1,1,1,1,1,1,1,1,1,1,1
236.2636090702948,236.4042126984127,65,64,1,1,1,1,1,1,1,1,1,1,1,1,1
236.12428934240364,236.3564888888889,68,45,1,1,1,1,1,1,1,1,1,1,1,1,1,1,1,1,1,1,1,1
235.92691972789117,236.03140952380954,65,43,1,1,1,1,1,1,1,1,1
235.9153097505669,236.0430195011338,58,50,1,1,1,1,1,1,1,1,1,1,1
235.77599002267576,235.9153097505669,58,56,1,1,1,1,1,1,1,1,1,1,1,1
235.75277006802722,235.92691972789117,65,38,1,1,1,1,1,1,1,1,1,1,1,1,1,1,1
235.61345034013607,235.75277006802722,65,50,1,1,1,1,1,1,1,1,1,1,1,1
235.47413061224492,235.61345034013607,65,54,1,1,1,1,1,1,1,1,1,1,1,1
235.35803083900228,235.77599002267576,58,47,1,1,1,1,1,1,1,1,1,1,1,1,1,1,1,1,1,1,1,1,1,1,1,1,1,1,1,1,1,1,1,1,1,1,1,1
235.29998095238096,235.47413061224492,65,59,1,1,1,1,1,1,1,1,1,1,1,1,1,1,1
235.29998095238096,235.4160807256236,63,43,-5,1,1,1,1,1,1,1,1,1
235.27676099773245,235.45091065759638,54,33,1,1,0,1,0,1,1,1,1,1,1,1,1,1,1
235.2535410430839,235.40447074829933,61,59,1,1,1,1,1,1,1,1,1,1,1,1,1
235.1954911564626,235.29998095238096,65,59,1,1,1,1,1,1,1,1,1
235.1026113378685,235.1954911564626,54,42,1,1,1,1,1,1,1,1
235.07939138321996,235.39286077097506,70,37,1,1,1,1,1,1,1,1,1,1,1,1,1,1,0,1,1,1,1,1,1,1,1,1,1,1,1
235.04456145124718,235.1954911564626,65,60,1,1,1,1,1,1,1,1,1,1,1,1,1
235.04456145124718,235.35803083900228,58,68,1,1,1,1,1,1,1,1,1,1,1,1,1,1,1,1,1,1,1,1,1,1,1,1,1,1,1
234.9400716553288,235.39286077097506,82,41,1,1,1,1,1,1,1,1,1,1,1,1,1,1,1,1,1,1,1,1,1,1,1,1,1,1,1,1,1,1,1,1,1,1,1,1,1,1,1
234.92846167800454,235.07939138321996,70,50,1,1,1,1,1,1,1,1,1,1,1,1,1
234.92846167800454,235.04456145124718,65,32,1,1,1,1,1,1,1,1,1,1
234.92846167800454,235.29998095238096,63,34,1,1,1,1,1,1,1,1,1,1,1,1,1,1,1,1,1,1,1,1,1,1,1,1,1,1,1,1,1,1,-5,-5
234.9168517006803,235.1026113378685,54,34,1,1,1,1,1,1,1,1,1,1,1,1,1,1,1,1
234.7194820861678,234.99812154195013,73,35,1,1,1,1,1,1,1,1,1,1,1,1,1,1,1,1,1,1,1,1,1,1,1,1
234.70787210884356,234.9168517006803,61,57,1,1,1,1,1,1,1,1,1,1,1,1,1,1,1,1,1,1
234.61499229024946,234.7194820861678,73,48,1,1,1,1,1,1,1,1,1
234.56855238095238,234.81236190476193,58,55,1,1,1,1,1,1,1,1,1,1,1,1,1,1,1,1,1,1,1,1,1
234.55694240362814,234.6962621315193,54,48,1,1,1,1,1,1,1,1,1,1,1,1
234.52211247165533,234.70787210884356,61,51,1,1,1,1,1,1,1,1,1,1,1,1,1,1,1,1
234.27701904761904,234.4163387755102,77,32,1,1,1,1,1,1,1,1,1,1,1,1
234.2654090702948,234.56855238095238,58,51,1,1,1,1,1,1,1,1,1,1,1,1,1,1,1,1,1,1,1,1,1,1,1,1,1,1,1
234.23057913832199,234.4408426303855,73,53,1,1,1,1,1,1,1,1,1,1,1,1,1,1,1,1,1,1,1
234.16091927437643,234.52211247165533,61,62,1,1,1,1,1,1,1,1,1,1,1,1,1,1,1,1,1,1,1,1,1,1,1,1,1,1,1,1,1,1,1,1
234.07964943310657,234.1957492063492,53,40,1,1,1,1,1,1,1,1,1,1
234.0680394557823,234.87041179138325,65,52,1,1,1,1,1,1,1,1,1,1,1,1,1,1,1,1,1,1,1,1,1,1,1,1,1,1,1,1,1,1,1,1,1,1,1,1,1,1,1,1,1,1,1,1,1,1,1,1,1,1,1,1,1,1,1,1,1,1,1,1,1,1,1,1,1,1,1,1,1,1
233.9751596371882,234.0680394557823,65,69,1,1,1,1,1,1,1,1
233.9751596371882,234.07964943310657,53,32,1,1,1,1,1,1,1,1,1
233.96354965986393,234.16091927437643,61,69,1,1,1,1,1,1,1,1,1,1,1,1,1,1,1,1,1
233.90549977324264,234.02159954648525,63,55,1,1,1,1,1,1,1,1,1,1
233.8822798185941,234.0680394557823,56,50,1,1,1,1,1,1,1,1,1,1,1,1,1,1,1,1
233.87066984126983,234.3582888888889,68,43,1,1,1,1,1,1,1,1,1,1,1,1,1,1,1,1,1,1,1,1,1,1,1,1,1,1,1,1,1,1,1,1,1,1,1,1,1,1,1,1,1,1
233.87066984126983,233.9751596371882,65,59,1,1,1,1,1,1,-5,-5,-5
233.8126199546485,233.90549977324264,63,51,1,1,1,1,1,1,1,1
233.76618004535146,233.96354965986393,70,40,1,1,1,1,-5,1,1,1,1,1,1,1,1,1,1,1,1
233.76618004535146,233.89388979591837,58,67,1,1,1,1,1,1,1,1,1,1,1
233.76618004535146,234.07964943310657,46,59,1,1,1,1,1,1,1,1,1,1,1,1,1,1,1,1,1,1,1,1,1,1,1,1,1,1,1
233.7197401360544,233.87066984126983,65,57,1,1,1,1,1,1,1,1,1,1,1,1,1
233.67330022675736,233.96354965986393,61,45,1,1,1,1,1,1,1,1,1,1,1,1,1,1,1,1,1,1,1,1,1,1,1,1,1
233.67330022675736,233.76618004535146,46,52,1,1,1,1,1,1,1,1
233.58042040816326,233.8126199546485,63,33,1,1,1,1,1,1,1,1,1,1,1,-5,-5,-5,-5,-5,-5,-5,1,1
233.55720045351472,233.87066984126983,68,43,1,1,1,1,1,1,1,1,1,1,1,1,1,1,1,1,1,1,1,1,1,1,1,1,1,1,1
233.54559047619048,233.68491020408163,56,57,1,1,1,1,1,1,1,1,1,1,1,1
233.45271065759636,233.59203038548753,58,59,1,1,1,1,1,1,1,1,1,1,1,1
233.44110068027211,233.76618004535146,70,34,-5,1,1,1,1,1,1,1,1,1,1,1,-5,-5,-5,1,1,1,1,1,1,1,1,1,1,1,1,1
233.39466077097507,233.54559047619048,56,36,1,1,1,1,1,1,1,1,1,1,1,1,1
233.35983083900226,233.67330022675736,61,55,1,1,1,1,1,1,1,1,1,1,1,1,1,1,1,1,1,1,1,1,1,1,1,1,1,1,1
233.33661088435375,233.42949070294785,80,38,1,1,1,1,1,1,1,1
233.27856099773243,233.7197401360544,65,60,1,1,1,1,1,1,1,1,1,1,1,1,1,1,1,1,1,1,1,1,1,1,1,1,1,1,1,1,1,1,1,1,1,1,1,1,1,1
233.27856099773243,233.45271065759636,58,40,1,1,1,1,1,1,1,1,1,1,1,1,1,1,1
233.13924126984128,233.23212108843538,58,44,1,1,1,1,1,1,1,1
233.05797142857142,233.32500090702948,70,60,1,1,1,1,1,1,1,1,1,1,1,1,1,1,1,1,1,1,1,1,1,1,1
233.04636145124715,233.35983083900226,61,66,1,1,1,1,1,1,1,1,1,1,1,1,1,1,1,1,1,1,1,1,1,1,1,1,1,1,1
232.9999215419501,233.27856099773243,65,65,1,1,1,1,1,1,1,1,1,1,1,1,1,1,1,1,1,1,1,1,1,1,1,1
232.907041723356,232.9999215419501,80,44,1,1,1,1,1,1,1,1
232.907041723356,233.0928013605442,68,44,1,1,1,1,1,1,1,1,1,1,1,1,1,1,1,1
232.89543174603173,233.05797142857142,70,47,1,1,1,1,1,1,1,1,1,1,1,1,1,1
232.89543174603173,233.04636145124715,61,63,1,1,1,1,1,1,1,1,1,1,1,1,1
232.89543174603173,233.13924126984128,58,37,1,1,1,1,1,1,1,1,1,1,1,1,1,1,1,1,1,1,1,1,1
232.58196235827663,232.96509160997732,56,45,0,1,1,1,1,1,1,1,1,1,1,1,1,1,1,1,1,1,1,1,1,1,1,1,1,1,1,1,1,1,1,1,1
232.5703523809524,232.67484217687075,61,54,1,1,1,1,1,1,1,1,1
232.53552244897958,232.87221179138322,53,52,1,1,1,1,1,1,1,1,1,1,1,1,1,1,1,1,1,1,1,1,1,1,1,1,1,1,1,1,1
232.4310326530612,232.9999215419501,65,63,1,1,1,1,1,1,1,1,1,1,1,1,1,1,1,1,1,1,1,1,1,1,1,1,1,1,1,1,1,1,1,1,1,1,1,1,1,1,1,1,1,1,1,1,1,1,1,1,1
232.4310326530612,232.58196235827663,56,28,1,1,1,1,1,1,1,1,1,1,0,0,0
232.24398911564626,232.4310326530612,65,73,1,1,1,1,1,1,1,1,1,1,1,1,1,1,1,1,1
232.02339954648528,232.24398911564626,65,66,1,1,1,1,1,1,1,1,1,1,1,1,1,1,1,1,1,1,1
232.011789569161,232.18593922902494,61,67,1,1,1,1,1,1,1,1,1,1,1,1,1,1,1
231.8608598639456,232.06983945578233,58,42,-5,1,1,1,1,1,1,1,1,1,1,1,1,1,1,1,1,1
231.6983201814059,232.16271927437643,56,48,1,1,1,1,1,1,1,1,1,1,1,1,1,1,1,1,1,1,1,1,1,1,1,1,1,1,1,1,1,1,1,1,1,1,1,1,1,1,1,1
231.67510022675737,232.011789569161,61,51,1,1,1,1,1,1,1,1,1,1,1,1,1,1,1,1,1,1,1,1,1,1,1,1,1,1,1,1,1
231.61705034013607,232.18593922902494,77,40,1,1,1,1,1,1,1,1,1,1,1,1,1,1,1,1,1,1,1,1,1,1,1,1,1,1,1,1,1,1,1,1,1,1,1,1,1,1,1,1,1,1,1,1,1,1,1,1,1
231.6054403628118,231.6983201814059,68,45,1,1,1,1,1,1,1,1
231.6054403628118,231.6983201814059,56,48,1,1,1,1,1,1,1,1
231.58222040816327,232.02339954648528,65,64,1,1,1,1,1,1,1,1,1,1,1,1,1,1,1,1,1,1,1,1,1,1,1,1,1,1,1,1,1,1,1,1,1,1,1,1,1,1
231.4777306122449,231.6054403628118,68,58,1,1,1,1,1,1,1,1,1,1,1
231.44290068027212,231.53578049886622,53,34,1,1,1,1,1,1,1,1
231.35002086167802,231.67510022675737,63,55,1,1,1,1,1,1,1,1,1,1,1,1,1,1,1,1,1,1,1,1,1,1,1,1,1,1,1,1
231.33841088435375,231.4777306122449,68,47,1,1,1,1,1,1,1,1,1,1,1,1
231.33841088435375,231.43129070294785,61,34,1,1,1,1,1,1,1,1
231.21070113378687,231.33841088435375,68,31,1,1,1,1,1,1,1,1,1,1,1
231.15265124716555,231.58222040816327,65,56,1,1,1,1,1,1,1,1,1,1,1,1,1,1,1,1,1,1,1,1,1,1,1,1,1,1,1,1,1,1,-5,-5,-5,-5,1,1,1
231.0365514739229,231.15265124716555,65,85,1,1,1,1,1,1,1,1,1,1
231.02494149659864,231.21070113378687,53,59,1,1,1,1,1,1,1,1,1,1,1,1,1,1,1,1
230.71147210884354,230.82757188208618,63,40,1,1,1,1,1,1,1,1,1,1
230.61859229024944,231.0365514739229,65,44,1,1,1,1,1,1,1,1,1,1,1,1,1,1,1,1,1,1,1,1,1,1,1,1,1,1,1,1,1,1,1,1,1,1,1,1
230.54893242630385,230.7230820861678,56,41,1,1,1,1,1,1,1,1,1,1,1,1,1,1,1
230.4199387755102,230.65342222222222,58,44,1,1,1,1,1,1,1,1,1,1,1,1,1,1,1,1,1,1,1,1,1
230.31544897959182,230.44444263038548,65,61,1,1,1,1,1,1,1,1,1,1,1,1
230.26900907029477,230.8159619047619,68,57,1,1,1,1,1,1,1,1,1,1,1,1,1,1,1,1,1,1,1,1,1,1,1,1,1,1,1,1,1,1,1,1,1,1,1,1,1,1,1,1,1,1,1,1,1,1,1,1
230.06002947845803,230.1645192743764,61,43,1,1,1,1,1,1,1,1,1
229.9787596371882,230.21095918367345,73,49,1,1,1,1,1,1,1,1,1,1,1,1,1,1,1,1,1,1,1,1
229.92070975056689,230.1412993197279,58,60,1,1,1,1,1,1,1,1,1,1,1,1,1,1,1,1,1,1,1
229.90909977324262,230.03680952380952,54,38,0,0,0,1,1,1,1,1,1,1,1
229.89748979591835,230.06002947845803,61,61,1,1,1,1,1,1,1,1,1,1,1,1,1,1
229.81621995464852,230.31544897959182,65,52,1,1,1,1,1,1,1,1,1,1,1,1,1,1,1,1,1,1,1,1,1,1,1,1,1,1,1,1,1,1,1,1,1,1,1,1,1,1,1,1,1,1,1
229.78139002267574,229.92070975056689,58,70,1,1,1,1,1,1,1,1,1,1,1,1
229.70012018140588,229.9787596371882,73,61,1,1,1,1,1,1,1,1,1,1,1,1,1,1,1,1,1,1,1,1,1,1,1,1
229.70012018140588,229.81621995464852,65,64,1,1,1,1,1,1,1,1,1,1
229.70012018140588,229.8858798185941,63,43,-5,-5,-5,-5,-5,-5,-5,-5,-5,-5,-5,-5,1,1,1,-5
229.70012018140588,229.89748979591835,61,77,1,1,1,1,1,1,1,1,1,1,1,1,1,1,1,1,1
229.54919047619046,229.70012018140588,63,33,-5,-5,-5,-5,1,1,1,1,-5,-5,-5,-5,-5
229.4795306122449,229.70012018140588,65,60,1,1,1,1,1,1,1,1,1,1,1,1,1,1,1,1,1,1,1
229.34021088435372,229.4795306122449,65,53,1,1,1,1,1,1,1,1,1,1,1,1
229.34021088435372,229.70012018140588,61,78,1,1,1,1,1,1,1,1,1,1,1,1,1,1,1,1,1,1,1,1,1,1,1,1,1,1,1,1,1,1,1
229.32860090702948,230.08324943310657,77,39,1,1,1,1,1,1,1,1,1,1,1,1,1,1,1,1,1,1,1,1,1,1,1,1,1,1,1,1,1,1,1,1,1,1,1,1,1,1,1,1,1,1,1,1,1,1,1,1,1,1,1,1,1,1,1,1,1,1,1,1,1,1,1,1,1
229.32860090702948,229.5027505668934,73,36,1,1,1,1,1,1,1,1,1,1,1,1,1,1,1
229.1892811791383,229.2821609977324,63,48,-5,1,1,1,1,1,1,1
229.1892811791383,229.30538095238094,54,48,1,1,1,1,1,1,1,1,1,1
229.1660612244898,229.49114058956914,58,55,1,1,1,1,1,1,1,1,1,1,1,1,1,1,1,1,1,1,1,1,1,1,1,1,1,1,1,1
229.0964013605442,229.23572108843535,70,34,1,1,1,1,1,1,1,1,1,1,1,1
229.0731814058957,229.34021088435372,61,71,1,1,1,1,1,1,1,1,1,1,1,1,1,1,1,1,1,1,1,1,1,1,1
229.0731814058957,229.1892811791383,54,52,1,1,1,1,1,1,1,1,1,1
228.99191156462584,229.1660612244898,58,50,1,1,1,1,1,1,1,1,1,1,1,1,1,1,1
228.96869160997733,229.0731814058957,61,75,1,1,1,1,1,1,1,1,1
228.8525918367347,229.04996145124716,65,49,1,1,1,1,1,1,1,1,1,1,1,1,1,1,1,1,1
228.7829319727891,228.93386167800452,68,44,1,1,1,1,1,1,1,1,1,1,1,1,1
228.64361224489795,228.74810204081632,46,41,1,1,1,1,1,1,0,0,0
228.63200226757368,228.8525918367347,65,37,1,1,1,1,1,1,1,1,1,1,1,1,1,1,1,1,1,1,1
228.60878231292517,228.96869160997733,61,63,1,1,1,1,1,1,1,1,1,1,1,1,1,1,1,1,1,1,1,1,1,1,1,1,1,1,1,1,1,1,1
228.49268253968253,228.60878231292517,61,84,1,1,1,1,1,1,1,1,1,1
228.4217387755102,228.63200226757368,65,49,1,1,1,1,1,1,1,1,1,1,1,1,1,1,1,1,1,1,1
228.1663192743764,228.7829319727891,68,46,1,1,1,1,1,1,1,1,1,1,1,1,1,1,1,1,1,1,1,1,1,1,1,1,1,1,1,1,1,1,1,1,1,1,1,1,1,1,1,1,1,1,1,1,1,1,1,1,1,1,1,1,1,1
228.08504943310658,228.49268253968253,61,62,1,1,1,1,1,1,1,1,1,1,1,1,1,1,1,1,1,1,1,1,1,1,1,1,1,1,1,1,1,1,1,1,1,1,1,1
228.08504943310658,228.31724897959185,49,40,1,1,1,1,1,1,1,1,1,1,1,1,1,1,1,1,1,1,1,1
227.99216961451248,228.15470929705216,56,53,1,1,1,1,1,1,1,1,1,1,1,1,1,1
227.87606984126984,227.99216961451248,58,52,1,1,1,1,1,1,1,1,1,1
227.85284988662133,228.015389569161,70,58,1,1,1,1,1,1,1,1,1,1,1,1,1,1
227.7948,228.1663192743764,68,37,1,1,1,1,1,1,1,1,1,1,1,1,1,1,1,1,1,1,1,1,1,1,1,1,1,1,1,1,1,1,1,1
227.74836009070296,228.08504943310658,61,77,1,1,1,1,1,1,1,1,1,1,1,1,1,1,1,1,1,1,1,1,1,1,1,1,1,1,1,1,1
227.65548027210883,227.87606984126984,58,50,1,1,1,1,1,1,1,1,1,1,1,1,1,1,1,1,1,1,1
227.65548027210883,228.0502195011338,46,66,1,1,1,1,1,1,1,1,1,1,1,1,1,1,1,1,1,1,1,1,1,1,1,1,1,1,1,1,1,1,1,1,1,1
227.6438702947846,228.17792925170068,65,50,1,1,1,1,1,1,1,1,1,1,1,1,1,1,1,1,1,1,1,1,1,1,1,1,1,1,1,1,1,1,1,1,1,1,1,1,1,1,1,1,1,1,1,1,1,1
227.62065034013605,227.85284988662133,70,45,1,1,1,1,1,1,1,1,1,1,1,1,1,1,1,1,1,1,1,1
227.5509904761905,227.74836009070296,61,69,1,1,1,1,1,1,1,1,1,1,1,1,1,1,1,1,1
227.52777052154195,227.62065034013605,70,51,1,1,1,1,1,1,1,1
227.52777052154195,227.6438702947846,65,41,1,1,1,1,1,1,1,1,1,1
227.51616054421768,227.65548027210883,58,34,1,1,1,1,1,1,1,1,1,1,1,1
227.33040090702949,227.58582040816327,63,37,-5,1,1,1,-5,-5,-5,-5,0,0,1,1,1,1,1,1,1,1,1,1,1,-5
227.22591111111112,227.5509904761905,61,67,-2,-2,-2,-2,-2,-2,-2,-2,-2,1,1,1,1,1,1,1,1,1,1,1,1,1,1,1,1,1,1,1
227.22591111111112,227.33040090702949,49,31,1,1,1,1,1,1,1,1,1
227.20269115646258,227.30718095238095,72,45,1,1,1,1,1,1,1,1,1
227.20269115646258,227.52777052154195,65,48,1,1,1,1,1,1,1,1,1,1,1,1,1,1,1,1,1,1,1,1,1,1,1,1,1,1,1,1
227.20269115646258,227.44650068027212,56,67,1,1,1,1,1,1,1,1,1,1,1,1,1,1,1,1,1,1,1,1,1
227.1678612244898,227.53938049886622,68,51,1,1,1,1,1,1,1,1,1,1,1,1,1,1,1,1,1,1,1,1,1,1,1,1,1,1,1,1,1,1,1,1
227.0053215419501,227.20269115646258,56,55,1,1,1,1,1,1,1,1,1,1,1,1,1,1,1,1,1
226.97049160997733,227.1678612244898,68,75,1,1,1,1,1,1,1,1,1,1,1,1,1,1,1,1,1
226.74990204081632,227.22591111111112,61,47,1,1,1,1,1,1,1,1,1,1,1,1,1,1,1,1,1,1,1,1,1,1,1,1,1,1,1,1,1,1,1,1,1,1,1,1,1,0,-2,-2,-2
226.65702222222222,226.97049160997733,68,69,1,1,1,1,1,1,1,1,1,1,1,1,1,1,1,1,1,1,1,1,1,1,1,1,1,1,1
226.64541224489795,227.08659138321997,63,41,1,1,1,1,1,1,1,1,1,1,1,-5,-5,-5,-5,-5,1,1,1,1,1,1,-5,-5,-5,-5,1,1,1,1,1,1,1,1,1,1,1,1
226.5989723356009,226.7615120181406,58,41,1,1,1,1,1,1,1,1,1,1,1,1,1,1
226.55253242630386,226.64541224489795,63,41,-5,-5,1,1,1,1,1,1
226.41192879818595,226.74990204081632,61,63,1,1,1,1,1,1,1,1,1,1,1,1,1,1,1,1,1,1,1,1,1,1,1,1,1,1,1,1,1,1
226.3654888888889,226.71507210884354,53,41,1,1,1,1,1,1,1,1,1,1,1,1,1,1,1,1,1,1,1,1,1,1,1,1,1,1,1,1,1,1,1
226.30743900226759,227.20269115646258,65,54,1,1,1,1,1,1,1,1,1,1,1,1,1,1,1,1,1,1,1,1,1,1,1,1,1,1,1,1,1,1,1,1,1,1,1,1,1,1,1,1,1,1,1,1,1,1,1,1,1,1,1,1,1,1,1,1,1,1,1,1,1,1,1,1,1,1,1,1,1,1,1,1,1,1,1,1,1,1
226.30743900226759,226.41192879818595,61,52,1,1,1,1,1,1,1,1,1
226.2145591836735,226.3654888888889,63,57,1,1,1,1,1,1,1,1,1,1,1,1,1
226.19133922902495,226.30743900226759,65,62,1,1,1,1,1,1,1,1,1,1
226.07523945578234,226.24938911564627,56,56,1,1,1,1,1,1,1,1,1,1,1,1,1,1,1
226.06362947845807,226.65702222222222,68,69,1,1,1,1,1,1,1,1,1,1,1,1,1,1,1,1,1,1,1,1,1,1,1,1,1,1,1,1,1,1,1,1,1,1,1,1,1,1,1,1,1,1,1,1,1,1,1,1,1,1,1,1
226.06362947845807,226.19133922902495,65,73,1,1,1,1,1,1,1,1,1,1,1
226.0520195011338,226.2145591836735,63,70,1,1,1,1,1,1,1,1,1,1,1,1,1,1
225.97074965986397,226.06362947845807,65,62,1,1,1,1,1,1,1,1
225.97074965986397,226.08684943310658,53,44,1,1,1,1,1,1,1,1,1,1
225.9591396825397,226.06362947845807,68,52,1,1,1,1,1,1,1,1,1
225.93591972789116,226.07523945578234,56,76,1,1,1,1,1,1,1,1,1,1,1,1
225.8662598639456,226.0520195011338,63,61,1,1,1,1,1,1,1,1,1,1,1,1,1,1,1,1
225.8662598639456,225.97074965986397,53,35,1,1,1,1,1,1,1,1,1
225.8314299319728,225.93591972789116,56,84,1,1,1,1,1,1,1,1,1
225.81981995464855,225.97074965986397,65,54,1,1,1,1,1,1,1,1,1,1,1,1,1
225.72694013605442,225.87786984126984,68,46,1,1,1,1,1,1,1,1,1,1,1,1,1
225.72694013605442,225.8314299319728,56,81,1,1,1,1,1,1,1,1,1
225.71533015873018,225.8662598639456,63,64,1,1,1,1,1,1,1,1,1,1,1,1,1
225.54118049886623,225.72694013605442,56,75,1,1,1,1,1,1,1,1,1,1,1,1,1,1,1,1
225.52957052154196,225.81981995464855,65,71,1,1,1,1,1,1,1,1,1,1,1,1,1,1,1,1,1,1,1,1,1,1,1,1,1
225.4831306122449,225.69211020408164,68,53,1,1,1,1,1,1,1,1,1,1,1,1,1,1,1,1,1,1
225.4831306122449,225.71533015873018,63,59,-5,1,1,1,1,1,1,1,1,1,1,1,1,1,1,1,1,1,1,1
225.44830068027213,225.54118049886623,56,78,1,1,1,1,1,1,1,1
225.43669070294786,225.8662598639456,61,47,1,1,1,1,1,1,1,1,1,1,1,1,1,1,1,1,1,1,1,1,1,1,1,1,1,1,1,1,1,1,1,1,1,1,1,1,1
225.3902507936508,225.52957052154196,65,54,-5,-5,1,1,1,1,1,1,1,1,1,1
225.30898095238098,225.44830068027213,56,71,1,1,1,1,1,1,1,1,1,1,1,1
225.2393210884354,225.4831306122449,63,56,1,1,1,1,1,1,1,1,1,1,1,1,1,1,1,1,1,1,1,-5,-5
225.21610113378685,225.3902507936508,65,49,1,1,1,1,-5,1,1,1,1,1,1,1,1,1,-5
225.21610113378685,225.35542086167803,53,43,1,1,1,1,1,1,1,1,1,1,1,1
225.2044911564626,225.4831306122449,68,49,1,1,1,1,1,1,1,1,1,1,1,1,1,1,1,1,1,1,1,1,1,1,1,1
225.19288117913834,225.43669070294786,61,36,-2,1,1,1,1,1,1,1,1,1,1,1,1,1,1,1,1,1,1,1,1
225.11161133786848,225.2393210884354,63,66,1,1,1,1,1,1,1,1,1,1,1
225.10000136054424,225.30898095238098,56,58,1,1,1,1,1,1,1,1,1,1,1,1,1,1,1,1,1,1
225.03034149659865,225.21610113378685,53,45,1,1,1,1,1,1,1,1,1,1,1,1,1,1,1,1
225.0071215419501,225.19288117913834,60,44,1,1,1,1,1,1,1,1,1,1,1,1,1,1,1,1
224.97229160997733,225.2044911564626,68,55,1,1,1,1,1,1,1,1,1,1,1,1,1,1,1,1,1,1,1,1
224.97229160997733,225.21610113378685,65,57,1,1,1,1,1,1,1,1,1,1,1,1,1,-5,-5,1,1,1,1,1,1
224.97229160997733,225.11161133786848,63,64,1,1,1,1,1,1,1,1,1,1,1,1
224.94907165532882,225.13483129251702,70,30,1,1,1,1,-5,-5,-5,-5,-5,-5,-5,1,1,1,1,1
224.87941179138323,224.97229160997733,63,36,-5,-5,-5,-5,-5,-5,-5,-5
224.80975192743765,225.0071215419501,61,69,1,1,1,1,1,1,1,1,1,1,1,1,1,1,1,1,1
224.7981419501134,224.97229160997733,65,71,1,1,1,1,1,1,1,1,1,1,1,1,1,1,1
224.70526213151928,224.80975192743765,61,79,1,1,1,1,1,1,1,1,1
224.69365215419504,224.7981419501134,65,89,1,1,1,1,1,1,1,1,1
224.55433242630386,224.86780181405896,58,54,1,1,1,1,1,1,1,1,1,1,1,1,1,1,1,1,1,1,1,1,1,1,1,1,1,1,1
224.54272244897962,224.69365215419504,65,73,1,1,1,1,1,1,1,1,1,1,1,1,1
224.53111247165535,224.70526213151928,61,65,1,1,1,1,1,1,1,1,1,1,1,1,1,1,1
224.22796916099773,224.55433242630386,58,62,1,1,1,1,1,1,1,1,1,1,1,1,1,1,1,1,1,1,1,1,1,1,1,1,1,1,1,1,1
224.10025941043082,224.54272244897962,65,56,1,1,1,1,1,1,1,1,1,1,1,1,1,1,1,1,1,1,1,1,1,1,1,1,1,1,1,1,1,1,1,1,1,1,1,1,1,1,1
224.03059954648526,224.53111247165535,61,73,1,1,1,1,1,1,1,1,1,1,1,1,1,1,1,1,1,1,1,1,1,1,1,1,1,1,1,1,1,1,1,1,1,1,1,1,1,1,1,1,1,1,1,1
224.00737959183672,224.10025941043082,65,66,1,1,1,1,1,1,1,1
223.9261097505669,224.13508934240363,73,39,1,1,1,1,1,1,1,1,1,1,1,1,1,1,1,1,1,1
223.8912798185941,224.18152925170068,68,47,1,1,1,1,1,1,1,1,1,1,1,1,1,1,1,1,1,1,1,1,1,1,1,1,1
223.86805986394558,224.03059954648526,61,73,1,1,1,1,1,1,1,1,1,1,1,1,1,1
223.75196009070294,223.9261097505669,73,35,1,1,1,1,1,1,1,1,1,1,1,1,1,1,1
223.75196009070294,223.86805986394558,61,66,1,1,1,1,1,1,1,1,1,1
223.64747029478457,223.75196009070294,73,32,1,1,1,1,1,1,1,1,1
223.64747029478457,224.00737959183672,65,44,1,1,1,1,1,1,1,1,1,1,1,1,1,1,1,1,1,1,1,1,1,1,1,1,1,1,1,1,1,1,1
223.6358603174603,223.75196009070294,61,78,1,1,1,1,1,1,1,1,1,1
223.49654058956915,223.6358603174603,61,74,1,1,1,1,1,1,1,1,1,1,1,1
223.32239092970522,223.64747029478457,65,68,1,1,1,1,1,1,1,1,1,1,1,1,1,1,1,1,1,1,1,1,1,1,1,1,1,1,1,1
223.2875609977324,223.4501006802721,63,28,-5,-5,-5,-5,1,-5,7,7,-5,-5,1,1,1,1
223.2295111111111,223.32239092970522,65,61,1,1,1,1,1,1,1,1
223.2295111111111,223.49654058956915,61,55,1,1,1,1,1,1,1,1,1,1,1,1,1,1,1,1,1,1,1,1,1,1,1
223.20629115646258,223.34561088435373,68,42,1,1,1,1,1,1,1,1,1,1,1,1
223.1946811791383,223.2875609977324,63,51,1,1,1,1,1,1,-5,-5
223.06697142857143,223.27595102040817,58,63,1,1,1,1,1,1,1,1,1,1,1,1,1,1,1,1,1,1
223.05536145124717,223.2875609977324,46,53,1,1,1,1,1,1,1,1,1,1,1,1,1,1,1,1,1,1,1,1
223.00892154195012,223.2295111111111,53,50,1,1,1,1,1,1,1,1,1,1,1,1,1,1,1,1,1,1,1
222.99731156462585,223.2295111111111,65,69,1,1,1,1,1,1,1,1,1,1,1,1,1,1,1,1,1,1,1,1
222.84638185941043,223.2295111111111,61,75,1,1,1,1,1,1,1,1,1,1,1,1,1,1,1,1,1,1,1,1,1,1,1,1,1,1,1,1,1,1,1,1,1
222.7883319727891,222.8812117913832,68,37,1,1,1,1,1,1,1,1
222.695452154195,222.81155192743765,70,45,1,1,1,1,1,1,1,1,1,1
222.695452154195,222.79994195011338,58,49,1,1,1,1,1,1,1,1,1
222.68384217687074,222.99731156462585,65,61,1,1,1,1,1,1,1,1,1,1,1,1,1,1,1,1,1,1,1,1,1,1,1,1,1,1,1
222.59096235827664,222.77672199546484,73,31,1,1,1,1,1,1,1,1,1,1,1,1,1,1,1,1
222.5677424036281,222.695452154195,58,43,1,1,1,1,1,1,1,1,1,1,1
222.5096925170068,222.7883319727891,68,48,1,1,1,1,1,1,1,1,1,1,1,1,1,1,1,1,1,1,1,1,1,1,1,1
222.4271387755102,222.68384217687074,65,68,1,1,1,1,1,1,1,1,1,1,1,1,1,1,1,1,1,1,1,1,1,1,1
222.3110390022676,222.695452154195,70,53,1,1,1,1,1,1,1,1,1,1,1,1,1,1,1,1,1,1,1,1,1,1,1,1,1,1,1,1,1,1,1,1,1,1
222.29942902494332,222.4271387755102,65,72,1,1,1,1,1,1,1,1,1,1,1
222.28781904761905,222.84638185941043,61,72,1,1,1,1,1,1,1,1,1,1,1,1,1,1,1,1,1,1,1,1,1,1,1,1,1,1,1,1,1,1,1,1,1,1,1,1,1,1,1,1,1,1,1,1,1,1,1,1,1
222.19493922902495,222.28781904761905,61,67,1,1,1,1,1,1,1,1
222.17171927437641,222.28781904761905,63,54,1,1,1,1,1,1,1,1,1,1
222.06722947845805,222.29942902494332,65,41,1,1,1,1,1,1,1,1,1,1,1,-5,-5,-5,-5,-5,-5,-5,1,1
222.0556195011338,222.17171927437641,63,51,1,1,1,1,1,1,1,1,1,1
221.86985986394558,222.19493922902495,61,52,1,1,1,1,1,1,1,1,1,1,1,1,1,1,1,1,1,1,1,1,1,1,1,1,1,1,1,1
221.84663990929707,222.5096925170068,68,57,1,1,1,1,1,1,1,1,1,1,1,1,1,1,1,1,1,1,1,1,1,1,1,1,1,1,1,1,1,1,1,1,1,1,1,1,1,1,1,1,1,1,1,1,1,1,1,1,1,1,1,1,1,1,1,1,1,1
221.84663990929707,222.12527936507936,56,51,1,1,1,1,1,1,1,1,1,1,1,1,1,1,1,1,1,1,1,1,1,1,1,1
221.73054013605443,222.0556195011338,63,45,1,1,1,1,1,1,1,1,1,1,1,1,1,1,1,1,1,1,1,1,1,1,1,1,1,1,1,1
221.7073201814059,221.84663990929707,68,76,1,1,1,1,1,1,1,1,1,1,1,1
221.3938507936508,221.86985986394558,61,51,1,1,1,1,1,1,1,1,1,1,1,1,1,1,1,1,1,1,1,1,1,1,1,1,1,1,1,0,0,1,1,1,1,1,1,1,1,1,1,1,1
221.38224081632654,221.7073201814059,68,48,1,1,1,1,1,1,1,1,1,1,1,1,1,1,1,1,1,1,1,1,1,1,1,1,1,1,1,1
221.28936099773244,221.38224081632654,58,44,1,1,1,1,1,1,1,1
221.27775102040818,221.54478049886623,63,54,1,1,1,1,1,1,1,1,1,1,1,1,1,1,1,1,1,1,1,1,1,1,1
221.2080911564626,221.38224081632654,68,56,1,1,1,1,1,1,1,1,1,1,1,1,1,1,1
221.18487120181408,221.27775102040818,63,49,1,1,1,1,1,1,1,1
221.0803814058957,221.359020861678,70,38,-5,-5,1,1,1,1,1,1,1,0,0,1,-5,-5,-5,-5,-5,1,1,1,1,1,1,1
221.06877142857144,221.5215605442177,56,48,1,1,1,1,1,1,1,1,1,1,1,1,1,1,1,1,1,1,1,1,1,1,1,1,1,1,1,1,1,1,1,1,1,1,1,1,1,1,1
221.0455514739229,221.2080911564626,68,50,1,1,1,1,1,1,1,1,1,1,1,1,1,1
220.99911156462585,221.28936099773244,58,41,1,1,1,1,1,1,1,1,-5,-5,-5,-5,-5,1,1,1,1,1,1,1,1,1,1,1,1
220.97589160997734,221.25453106575964,53,58,1,1,1,1,1,1,1,1,1,1,1,1,1,1,1,1,1,1,1,1,1,1,1,1
220.88301179138324,220.97589160997734,53,62,1,1,1,1,1,1,1,1
220.8597918367347,222.06722947845805,65,50,1,1,1,1,1,1,1,1,1,1,1,1,1,1,1,1,1,1,1,1,1,1,1,1,1,1,1,1,1,1,1,1,1,1,1,1,1,1,-5,-5,-5,1,1,1,1,1,1,1,1,1,1,1,1,1,-5,-5,1,1,1,1,1,1,1,1,1,1,1,1,1,1,1,1,1,1,1,1,1,1,1,1,1,1,1,1,1,1,1,1,1,1,1,1,1,1,1,1,1,1,1,1,1,1,1,1
220.7669120181406,221.0455514739229,68,64,1,1,1,1,1,1,1,1,1,1,1,1,1,1,1,1,1,1,1,1,1,1,1,1
220.73208208616782,220.87140181405897,56,61,1,1,1,1,0,0,0,1,1,1,1,1
220.62759229024945,220.99911156462585,63,51,1,1,1,1,1,1,1,1,1,1,1,1,1,1,1,1,1,1,1,1,1,1,1,1,1,1,1,1,1,1,1,1
220.5463224489796,220.7669120181406,68,72,1,1,1,1,1,1,1,1,1,1,1,1,1,1,1,1,1,1,1
220.5463224489796,220.8597918367347,65,50,1,1,1,1,1,1,1,1,1,1,1,1,-5,-5,-5,-5,-5,1,1,1,1,1,1,1,1,1,1
220.52310249433108,220.73208208616782,56,78,1,1,1,1,1,1,1,1,1,1,1,1,1,1,1,1,1,1
220.46376870748298,220.62759229024945,63,51,1,1,1,1,1,1,1,1,1,1,1,1,1,1,1
220.4289387755102,220.5463224489796,69,40,-2,0,0,0,0,-2,-2,-2,-2,-2,-2
220.37088888888889,220.5463224489796,65,66,1,1,1,1,1,1,1,1,1,1,1,1,1,1,1,1
220.34766893424035,220.52310249433108,56,55,1,1,1,1,1,1,1,1,1,1,0,1,1,1,1,1
220.2315691609977,220.4289387755102,68,67,1,1,1,1,1,1,1,1,1,1,1,1,1,1,1,1,1
220.19673922902493,220.34766893424035,56,54,1,1,1,1,1,1,1,1,1,1,1,1,1
220.0806394557823,220.37088888888889,65,60,1,1,1,1,1,1,1,1,1,1,1,1,1,1,1,1,1,1,-5,-5,1,1,1,1,1
220.0458095238095,220.19673922902493,69,52,-2,-2,-2,-2,-2,-2,-2,1,-2,1,1,1,1
220.022589569161,220.46376870748298,63,54,1,1,1,1,1,1,1,1,1,1,1,1,1,1,1,1,1,1,1,1,1,1,1,1,1,1,1,1,1,1,1,1,1,1,1,1,1,1
219.97614965986392,220.0806394557823,65,59,1,1,1,1,1,1,1,-5,-5
219.88326984126982,220.0458095238095,68,71,1,1,1,1,1,1,1,1,1,1,1,1,1,1
219.88326984126982,220.19673922902493,56,36,1,1,1,1,1,1,1,1,1,1,1,1,1,1,1,1,1,1,1,1,1,1,1,1,1,1,1
219.87165986394558,220.022589569161,63,67,1,1,1,1,1,1,1,1,1,1,1,1,1
219.77878004535145,219.96453968253968,53,43,1,1,1,1,1,1,1,1,1,1,1,1,1,1,1,1
219.7323401360544,219.88326984126982,56,52,1,1,1,1,1,1,1,1,1,1,1,1,1
219.6394603174603,219.77878004535145,53,28,1,1,1,1,1,1,1,1,1,1,1,1
219.62785034013604,219.97614965986392,65,50,1,1,1,1,1,1,1,1,1,1,-5,1,1,1,1,1,1,1,1,1,1,1,1,1,1,1,1,-5,-5,-5
219.62785034013604,219.87165986394558,63,64,1,1,1,1,1,1,1,1,1,1,1,1,1,1,1,1,1,1,1,1,1
219.62785034013604,219.94131972789114,60,54,1,1,1,1,1,1,1,1,1,1,1,1,1,1,1,1,1,1,1,1,1,1,1,1,1,1,1
219.62785034013604,219.7323401360544,56,45,1,1,1,1,1,1,1,1,1
219.6162403628118,219.81360997732426,77,31,1,1,1,1,1,1,1,1,1,1,1,1,1,1,1,1,1
219.44209070294784,219.62785034013604,65,61,1,1,1,1,1,1,1,1,1,1,1,1,1,1,1,1
219.38404081632652,219.52336054421767,58,44,1,1,1,1,1,1,1,1,1,1,1,1
219.29116099773242,219.99936961451246,70,54,1,1,1,1,1,1,1,1,1,1,1,1,1,1,1,1,1,1,1,1,1,1,1,1,1,1,1,1,1,1,1,1,1,1,1,1,1,1,1,1,1,1,1,1,1,1,1,1,1,1,1,1,1,1,1,-5,-5,-5,-5,-5,1
219.1634512471655,219.44209070294784,65,63,1,1,1,1,1,1,1,1,1,1,1,1,1,1,1,1,1,1,1,1,1,1,1,1
219.1634512471655,219.33760090702947,54,50,1,1,1,1,1,1,1,1,1,1,1,1,1,1,1
219.15184126984127,219.24472108843537,73,34,1,1,1,1,1,1,1,1
219.15184126984127,219.55819047619048,61,74,1,1,1,1,1,1,1,1,1,1,1,1,1,1,1,1,1,1,1,1,1,1,1,1,1,1,1,1,1,1,1,1,1,1,1
219.02413151927436,219.19828117913832,77,41,1,1,1,1,1,1,1,1,1,1,1,1,1,1,1
218.94286167800453,219.38404081632652,58,54,1,1,1,1,1,1,1,1,1,1,1,1,1,1,1,1,1,1,1,1,1,1,1,1,1,1,1,1,1,1,1,1,1,1,1,1,1,1
218.81515192743763,219.1634512471655,65,48,1,1,1,1,1,1,1,1,1,1,1,1,1,1,1,1,1,1,1,1,1,1,1,1,1,1,1,1,1,1
218.80354195011336,219.29116099773242,70,57,1,1,1,1,1,1,1,1,1,1,1,1,1,1,1,1,1,0,1,1,1,1,1,0,0,0,0,0,1,1,1,1,1,1,1,1,1,1,1,1,1,1
218.67583219954648,219.15184126984127,61,53,1,1,1,1,1,1,1,1,1,1,1,1,1,1,1,1,1,1,1,1,1,1,1,1,1,1,1,1,1,1,1,1,1,1,1,1,1,1,1,1,1
218.61778231292516,218.80354195011336,70,49,1,1,1,1,1,1,1,1,1,1,1,1,1,1,1,1
218.6061723356009,218.74549206349207,54,57,1,1,1,1,1,1,1,1,1,1,1,1
218.58295238095238,218.81515192743763,65,48,1,1,1,1,1,1,1,1,1,1,1,1,1,1,1,1,1,1,1,1
218.52490249433106,218.67583219954648,61,74,1,1,1,1,1,1,1,1,1,1,1,1,1
218.465568707483,218.6061723356009,54,70,1,1,1,1,1,1,1,1,1,1,1,1,1
218.41912879818594,218.94286167800453,58,58,1,1,1,1,1,1,1,1,1,1,1,1,1,1,1,1,1,1,1,1,1,1,1,1,1,1,1,1,1,1,1,1,1,1,1,1,1,1,1,1,1,1,1,1,1,1
218.40751882086167,218.52490249433106,61,72,1,1,1,1,1,1,1,1,1,1,1
218.3726888888889,218.465568707483,54,62,1,1,1,1,1,1,1,1
218.3378589569161,218.61778231292516,70,42,1,1,1,1,1,1,1,1,1,1,1,0,0,0,0,0,0,1,1,1,1,1,1,1,1
218.32624897959184,218.41912879818594,58,67,1,1,1,1,1,1,1,1
218.14048934240364,218.3378589569161,70,43,-5,1,1,1,1,1,1,1,1,1,1,1,1,1,0,0,1
218.1172693877551,218.23336916099774,68,47,1,1,1,1,1,1,1,1,1,1
218.024389569161,218.36107891156462,46,43,1,1,1,1,1,1,1,1,1,1,1,1,1,1,1,1,1,1,1,1,1,1,0,1,1,1,1,1,1
218.01277959183673,218.41912879818594,63,56,1,1,1,1,1,1,1,1,1,1,1,1,1,1,1,1,1,1,1,1,1,1,1,1,1,1,1,1,1,1,1,1,1,1,1
218.00116961451246,218.1172693877551,68,52,1,1,1,1,1,1,1,1,1,1
218.00116961451246,218.2798090702948,56,56,1,1,1,1,1,1,1,1,1,1,1,1,1,1,1,1,1,1,1,1,1,1,1,0
217.96633968253968,218.14048934240364,75,35,1,1,1,1,1,1,1,1,1,1,1,1,1,1,1
217.9547297052154,218.32624897959184,51,40,1,1,1,1,1,1,1,1,1,1,1,1,1,1,1,1,1,1,1,1,1,1,1,1,1,1,1,1,1,1,1,1
217.90828979591836,218.01277959183673,63,62,1,1,1,1,1,1,1,1,1
217.82701995464853,217.94311972789114,65,51,1,1,1,1,1,1,1,1,1,1
217.74575011337868,218.00116961451246,68,41,1,1,1,1,1,1,1,1,1,1,1,1,1,1,1,1,1,1,1,1,1,1
217.66448027210885,217.82701995464853,65,43,-5,-5,-5,-5,1,1,1,1,1,1,1,1,1,1
217.66448027210885,217.90828979591836,63,40,1,1,1,1,1,1,1,1,1,1,1,1,1,1,1,1,1,1,1,1,1
217.66448027210885,217.76897006802722,46,40,1,1,1,1,1,1,1,1,1
217.65287029478458,218.00116961451246,56,62,1,1,1,1,1,1,1,1,1,1,1,1,1,1,1,1,1,1,1,1,1,1,1,1,1,1,1,1,1,1
217.60643038548753,218.25658911564625,60,51,1,1,1,1,1,1,1,1,1,1,1,1,1,1,1,1,1,1,1,1,1,1,1,1,1,1,1,1,1,1,1,1,1,1,1,1,1,1,1,1,1,1,1,1,1,1,1,1,1,1,1,1,1,1,1,1
217.42067074829933,217.58321043083902,70,49,1,1,1,1,1,1,1,1,1,1,1,1,1,1
217.3045709750567,217.66448027210885,63,52,1,1,1,1,1,1,1,1,1,1,1,1,1,1,1,1,1,1,1,1,1,1,1,1,1,1,1,1,1,1,1
217.3045709750567,217.65287029478458,56,59,1,1,1,1,1,1,1,1,1,1,1,1,1,1,1,1,1,1,1,1,1,1,1,1,1,1,1,1,1,1
217.13042131519273,217.3045709750567,56,36,1,1,1,1,1,1,1,1,1,1,1,1,1,1,1
216.9562716553288,217.18847120181405,58,55,1,1,1,1,1,1,1,1,1,1,1,1,1,1,1,1,1,1,1,1
216.8982217687075,217.66448027210885,46,60,1,1,1,1,1,1,1,1,1,1,1,1,1,1,1,1,1,1,1,1,1,1,1,1,1,1,1,1,1,1,1,1,1,1,1,1,1,1,1,1,1,1,1,1,1,1,1,1,1,1,1,1,1,1,1,1,1,1,1,1,1,1,1,1,1,1
216.8285619047619,216.94466167800454,68,53,1,1,1,1,1,1,1,1,1,1
216.67763219954648,216.8285619047619,68,55,1,1,1,1,1,1,1,1,1,1,1,1,1
216.6660222222222,216.97949160997732,56,52,1,1,1,1,1,1,1,1,1,1,1,1,1,1,1,1,1,1,1,1,1,1,1,1,1,1,1
216.6660222222222,216.8982217687075,46,65,1,1,1,1,1,1,1,1,1,1,1,1,1,1,1,1,1,1,1,1
216.58475238095238,217.3045709750567,63,60,1,1,1,1,1,1,1,1,1,1,1,1,1,1,1,1,1,1,1,1,1,1,1,1,1,1,1,1,1,1,1,1,1,1,1,1,1,1,1,1,1,1,1,1,1,1,1,1,1,1,1,1,1,1,1,1,1,1,1,1,1,1
216.5731424036281,216.70085215419502,70,55,1,1,1,1,1,1,1,1,1,1,1
216.53702857142858,216.84017188208617,53,37,1,1,1,1,1,1,1,1,1,1,1,1,1,1,1,1,1,1,1,1,1,1,1,1,1,1,1
216.46736870748302,216.67763219954648,68,43,1,1,1,1,1,1,1,1,1,1,1,1,1,1,1,1,1,1,1
216.44414875283448,216.5731424036281,65,41,1,1,1,1,1,1,1,1,1,1,1,1
216.4325387755102,216.53702857142858,53,38,1,1,1,1,1,1,1,1,1
216.38609886621316,216.6660222222222,46,69,1,1,1,1,1,1,1,1,1,1,1,1,1,1,1,1,1,1,1,1,1,1,1,1,1
216.3744888888889,216.58475238095238,63,47,1,1,1,1,1,1,1,-2,-2,-2,1,1,1,1,1,1,1,1,1
216.29321904761906,216.44414875283448,65,36,1,1,1,1,1,1,1,1,1,-5,-5,-5,-5
216.29321904761906,216.4325387755102,53,35,1,1,1,1,1,1,1,1,1,1,1,1
216.26999909297052,216.38609886621316,46,83,1,1,1,1,1,1,1,1,1,1
215.97974965986396,216.1887292517007,53,54,1,1,1,1,1,1,1,1,1,1,1,1,1,1,1,1,1,1
215.94491972789118,216.26999909297052,46,60,1,1,1,1,1,1,1,1,1,1,1,1,1,1,1,1,1,1,1,1,1,1,1,1,1,1,1,1
215.92169977324264,216.06101950113379,77,45,1,1,1,1,1,1,1,1,1,1,1,1
215.79399002267576,215.94491972789118,46,48,1,1,1,1,1,1,1,1,1,1,1,1,1
215.5966204081633,215.85203990929708,73,64,1,1,1,1,1,1,1,1,1,1,1,1,1,1,1,1,1,1,1,1,1,1
215.5966204081633,215.97974965986396,53,55,1,1,1,1,1,1,1,1,1,1,1,1,1,1,1,1,1,1,1,1,1,1,1,1,1,1,1,1,1,1,1,1,1
215.58501043083902,216.70085215419502,58,41,1,1,1,1,1,1,1,1,1,1,1,1,1,1,1,1,1,1,1,1,1,1,1,1,1,1,1,1,1,1,1,1,1,1,1,1,1,1,1,1,1,1,1,1,1,1,1,-5,-5,1,1,1,1,1,1,1,1,1,1,1,1,1,1,1,1,1,1,1,1,1,1,1,1,1,1,1,1,1,1,1,1,1,1,1,1,1,1,1,1,1,1,1,1,1,1,1,1
215.57340045351475,215.79399002267576,46,52,1,1,1,1,1,1,1,1,1,1,1,1,1,1,1,1,1,1,1
215.27154104308391,215.5966204081633,53,68,1,1,1,1,1,1,1,1,1,1,1,1,1,1,1,1,1,1,1,1,1,1,1,1,1,1,1,1
215.15544126984128,215.27154104308391,53,68,1,1,1,1,1,1,1,1,1,1
215.08578140589572,215.46891065759638,56,46,1,1,1,1,1,1,1,1,1,1,1,1,1,1,1,1,1,1,1,1,1,1,1,1,1,1,1,1,1,1,1,1,1
215.03934149659864,216.3744888888889,63,45,1,1,1,1,1,1,1,1,1,1,1,1,1,1,1,1,1,1,1,1,1,1,1,1,1,1,1,1,1,1,1,1,1,1,1,1,1,1,1,1,1,1,1,1,1,1,1,1,1,1,1,1,1,1,1,1,1,1,1,1,1,1,1,1,1,1,1,1,1,1,1,1,1,1,1,1,1,1,1,1,1,1,1,1,1,1,1,1,1,1,1,1,1,1,1,1,1,1,1,1,1,1,1,1,1,1,1,1,1,1,1,1,1,1,1
214.9580716553288,215.58501043083902,60,61,1,1,1,1,1,1,1,1,1,1,1,1,1,1,1,1,1,1,1,1,1,1,1,1,1,1,1,1,1,1,1,1,1,1,1,1,1,1,1,1,1,1,1,1,1,1,1,1,1,1,1,1,1,1
214.94646167800454,215.70111020408166,68,56,1,1,1,1,1,1,1,1,1,1,1,1,1,1,1,1,1,1,1,1,1,1,1,1,1,1,1,1,1,1,1,1,1,1,1,1,1,1,1,1,1,1,1,1,1,1,1,1,1,1,1,1,1,1,1,1,1,1,1,1,1,1,1,1,1
214.87680181405898,215.08578140589572,56,53,1,1,1,1,1,1,1,1,1,1,1,1,1,1,1,1,1,1
214.85358185941044,215.00451156462586,72,38,1,1,1,1,1,1,1,1,1,1,1,1,1
214.84197188208617,215.15544126984128,53,50,1,1,1,1,1,1,1,1,1,1,1,1,1,1,1,1,1,1,1,1,1,1,1,1,1,1,1
214.38789886621313,214.66782222222224,60,49,1,1,1,1,1,1,1,1,1,1,1,1,1,1,1,1,1,1,1,1,1,1,1,1,1
214.20213922902494,214.38789886621313,60,51,1,1,1,1,1,1,1,1,1,1,1,1,1,1,1,1
214.19052925170067,214.84197188208617,53,50,1,1,1,1,1,1,1,1,1,1,1,1,1,1,1,1,1,1,1,1,1,1,1,1,1,1,1,1,1,1,1,1,1,1,1,1,1,1,1,1,1,1,1,1,1,1,1,1,1,1,1,1,1,1,1,1,1
214.17891927437643,214.6213823129252,72,50,1,1,1,1,1,1,1,1,1,1,1,1,1,1,1,1,1,1,1,1,1,1,1,1,1,1,1,1,1,1,1,1,1,1,1,1,1,1,1
214.17891927437643,214.3066290249433,56,44,1,1,1,1,1,1,1,1,1,1,1
214.05120952380952,214.22535918367348,58,60,1,1,1,1,1,1,1,1,1,1,1,1,1,1,1
214.02798956916098,214.14408934240362,70,44,1,1,1,1,1,1,1,1,1,1
214.02798956916098,214.19052925170067,61,67,1,1,1,1,1,1,1,1,1,1,1,1,1,1
213.93510975056688,214.03959954648525,63,41,1,1,1,1,1,1,1,1,1
213.9002798185941,214.02798956916098,53,53,1,1,1,1,1,1,1,1,1,1,1
213.85383990929705,214.01637959183674,66,45,-2,1,1,1,-2,-2,-2,-2,-2,-2,-2,-2,-2,-2
213.85383990929705,214.07442947845806,46,52,1,1,1,1,1,1,1,1,1,1,1,1,1,1,1,1,1,1,1
213.84222993197278,214.09764943310657,51,33,1,1,1,1,1,1,1,1,1,1,1,1,1,1,1,1,1,1,1,1,1,1
213.8306199546485,214.05120952380952,58,54,1,1,1,1,1,1,1,1,1,1,1,1,1,1,1,1,1,1,1
213.79579002267573,214.02798956916098,61,42,1,1,1,1,1,1,1,1,1,1,-2,-2,-2,-2,-2,-2,-2,-2,-2,1
213.69130022675736,213.8074,73,36,1,1,1,1,1,1,1,1,1,1
213.69130022675736,213.79579002267573,61,61,1,1,1,1,1,1,1,1,1
213.66808027210885,213.9002798185941,54,68,1,1,1,1,1,1,1,1,1,1,1,1,1,1,1,1,1,1,1,1
213.65647029478458,213.85383990929705,66,50,-2,-2,-2,-2,-2,-2,-2,-2,-2,-2,-2,-2,-2,-2,-2,-2,-2
213.55198049886621,213.65647029478458,66,29,-2,-2,-2,-2,-2,-2,-2,-2,-2
213.54037052154194,213.66808027210885,54,77,1,1,1,1,1,1,1,1,1,1,1
213.45910068027212,213.56359047619048,73,45,1,1,1,1,1,1,1,1,1
213.45910068027212,213.93510975056688,63,49,1,1,1,1,1,1,1,1,1,1,1,1,1,1,1,1,1,1,1,1,1,1,1,1,1,1,1,1,1,1,1,1,-5,-5,1,1,1,1,1,1,1
213.37783083900226,213.69130022675736,61,37,7,1,1,1,1,1,1,1,1,1,1,1,1,1,1,1,1,1,1,1,1,1,7,7,1,1,1
213.35461088435375,213.45910068027212,63,49,1,1,1,1,1,1,1,1,1
212.91343174603173,213.13402131519274,73,52,1,1,1,1,1,1,1,1,1,1,1,1,1,1,1,1,1,1,1
212.8321619047619,213.22690113378684,51,45,1,1,1,1,1,1,1,1,1,1,1,1,1,1,1,1,1,1,1,1,1,1,1,1,1,1,1,1,1,1,1,1,1,1
212.82055192743763,213.2385111111111,61,70,1,1,1,1,1,1,1,1,1,1,1,1,1,1,1,1,1,1,1,1,1,1,1,1,1,1,1,1,1,1,1,1,1,1,1,1
212.82055192743763,213.07597142857142,46,61,1,1,1,1,1,1,1,1,1,1,1,1,1,1,1,1,1,1,1,1,1,1
212.80894195011336,212.91343174603173,73,57,1,1,1,1,1,1,1,1,1
212.704452154195,212.80894195011336,73,43,1,1,1,1,1,1,1,1,1
212.704452154195,212.82055192743763,61,77,1,1,1,1,1,1,1,1,1,1
212.66962222222222,212.8321619047619,56,47,1,1,1,1,1,1,1,1,1,1,1,1,1,1
212.55223854875285,212.66962222222222,56,50,1,1,1,1,1,1,1,1,1,1,1
212.49418866213153,212.82055192743763,46,83,1,1,1,1,1,1,1,1,1,1,1,1,1,1,1,1,1,1,1,1,1,1,1,1,1,1,1,1,1
212.41291882086168,212.80894195011336,53,54,1,1,1,1,1,1,1,1,1,1,1,1,1,1,1,1,1,1,1,1,1,1,1,1,1,1,1,1,1,1,1,1,1,1,1
212.3780888888889,212.78572199546485,58,50,1,1,1,1,1,1,1,1,1,1,1,1,1,1,1,1,1,1,1,1,1,1,1,1,1,1,1,1,1,1,1,1,1,1,1,1
212.36647891156463,212.49418866213153,46,85,1,1,1,1,1,1,1,1,1,1,1
212.29681904761907,212.54062857142858,61,68,1,1,1,1,1,1,1,1,1,1,1,1,1,1,1,1,1,1,1,1,1
212.27359909297053,212.41291882086168,53,61,1,1,1,1,1,1,1,1,1,1,1,1
212.18071927437643,212.36647891156463,46,60,1,1,1,1,1,1,1,1,1,1,1,1,1,1,1,1
212.16910929705216,212.27359909297053,53,75,1,1,1,1,1,1,1,1,1
211.48412063492063,212.3780888888889,63,58,1,1,1,1,1,1,1,1,1,1,1,1,1,1,1,1,1,1,1,1,1,1,1,1,1,1,1,1,1,1,1,1,1,1,1,1,1,1,1,1,1,1,1,1,1,1,1,1,1,1,1,1,1,1,1,1,1,1,1,1,1,1,1,1,1,1,1,1,1,1,-5,-5,-5,-5,1,1,1
211.4725106575964,211.72793015873017,61,56,1,1,1,1,1,1,1,1,1,1,1,1,1,1,1,1,1,1,1,1,1,1
211.4725106575964,212.3780888888889,56,50,1,1,1,1,1,1,1,1,1,1,1,1,1,1,1,1,1,1,1,1,1,1,1,1,1,1,1,1,1,1,1,1,1,1,1,1,1,1,1,1,1,1,1,1,1,1,1,1,1,1,1,1,1,1,1,1,1,1,1,1,1,1,1,1,1,1,1,1,1,1,1,1,1,1,1,1,1,1
211.46090068027212,211.6582702947846,68,44,1,1,1,1,1,1,1,1,1,1,1,1,1,1,1,1,1
211.43768072562358,211.5653904761905,70,47,1,1,1,1,1,1,1,1,1,1,1
211.36802086167802,211.7163201814059,46,55,1,1,1,1,1,1,1,1,1,1,1,1,1,1,1,1,1,1,1,1,1,1,1,1,1,1,1,1,1,1
211.28675102040816,211.5305605442177,65,53,1,1,1,1,1,1,1,1,1,1,1,1,1,1,1,1,1,1,1,-5,-5
211.28675102040816,211.4725106575964,61,55,1,1,1,1,1,1,1,1,1,1,1,1,1,1,1,1
211.13582131519274,211.28675102040816,61,70,1,1,1,1,1,1,1,1,1,1,1,1,1
210.97328163265306,211.13582131519274,61,78,1,1,1,1,1,1,1,1,1,1,1,1,1,1
210.96167165532881,211.48412063492063,53,66,1,1,1,1,1,1,1,1,1,1,1,1,1,1,1,1,1,1,1,1,1,1,1,1,1,1,1,1,1,1,1,1,1,1,1,1,1,1,1,1,1,1,1,1,1
210.88040181405896,211.50734058956917,58,61,1,1,1,1,1,1,1,1,1,1,1,1,1,1,1,1,1,1,1,1,1,1,1,1,1,1,1,1,1,1,1,1,1,1,1,1,1,1,1,1,1,1,1,1,1,1,1,1,1,1,1,1,1,1
210.8687918367347,211.28675102040816,65,64,1,1,1,1,1,1,1,1,1,1,1,1,1,1,1,1,1,1,1,1,1,1,1,1,1,1,1,1,1,1,1,1,1,1,1,1
210.82235192743764,210.96167165532881,53,65,1,1,1,1,1,1,1,1,1,1,1,1
210.76430204081635,211.46090068027212,68,45,1,1,1,1,1,1,1,1,1,1,1,1,1,1,1,1,1,1,1,1,1,1,1,1,1,1,1,1,1,1,1,1,1,1,1,1,1,1,1,1,1,1,1,1,1,1,1,1,1,1,1,1,1,1,1,1,1,1,1,1
210.65981224489798,210.97328163265306,61,64,1,1,1,1,1,1,1,1,1,1,1,1,1,1,1,1,1,1,1,1,1,1,1,1,1,1,1
210.57854240362812,210.88040181405896,58,51,1,1,1,1,1,1,1,1,1,1,1,1,1,1,1,1,1,1,1,1,1,1,1,1,1,1
210.33344897959182,210.63659229024944,63,55,-5,-5,-5,-5,-5,-5,-5,1,1,1,1,1,1,1,1,1,1,1,1,1,1,1,1,1,1,1,1
210.21734920634918,211.36802086167802,46,52,1,1,1,1,1,1,1,1,1,1,1,1,1,1,1,1,1,1,1,1,1,1,1,1,1,1,1,1,1,1,1,1,1,1,1,1,1,1,1,1,1,1,1,1,1,1,1,1,1,1,1,1,1,1,1,1,1,1,1,1,1,1,1,1,1,1,1,1,1,1,1,1,1,1,1,1,1,1,1,1,1,1,1,1,1,1,1,1,1,1,1,1,1,1,1,1,1,1,1,1
210.14768934240362,210.48437868480724,73,59,1,1,1,1,1,1,1,1,1,1,1,1,1,1,1,1,1,1,1,1,1,1,1,1,1,1,1,1,-2
210.13607936507935,210.47276870748297,61,79,1,1,1,1,1,1,1,1,1,1,1,1,1,1,1,1,1,1,1,1,1,1,1,1,1,1,1,1,1
210.13607936507935,210.82235192743764,53,53,1,1,1,1,1,1,1,1,1,1,1,1,1,1,1,1,1,1,1,1,1,1,1,1,1,1,1,1,1,1,1,1,1,1,1,1,1,1,1,1,1,1,1,1,1,1,1,1,1,1,1,1,1,1,1,1,1,1,1,1
210.11285941043081,210.76430204081635,68,45,1,1,1,1,1,1,1,1,1,1,1,1,1,1,1,1,1,1,1,1,1,1,1,1,1,1,1,1,1,1,1,1,1,1,1,1,1,1,1,1,1,1,1,1,1,1,1,1,1,1,1,1,1,1,1,1,1
210.10124943310657,210.57854240362812,58,52,1,1,1,1,1,1,1,1,1,1,1,1,1,1,1,1,1,1,1,1,1,1,1,1,1,1,1,1,1,1,1,1,1,1,1,1,1,1,1,1,1,1
210.0896394557823,210.44954875283446,65,63,1,1,1,1,1,1,1,1,1,1,1,1,1,1,1,1,1,1,1,1,1,1,1,1,1,1,1,1,1,1,-5
210.0896394557823,210.21734920634918,46,80,1,1,1,1,1,1,1,1,1,1,1
209.92709977324262,210.05480952380952,60,45,1,1,1,1,1,1,1,1,1,1,1
209.8458299319728,210.0896394557823,65,75,1,1,1,1,1,1,1,1,1,1,1,1,1,1,1,1,1,1,1,1,1
209.72973015873015,210.13607936507935,53,77,1,1,1,1,1,1,1,1,1,1,1,1,1,1,1,1,1,1,1,1,1,1,1,1,1,1,1,1,1,1,1,1,1,1,1
209.67168027210883,209.9387097505669,56,46,1,1,1,1,1,1,1,1,1,1,1,1,1,1,1,1,1,1,1,1,1,1,1
209.66007029478456,209.8458299319728,68,57,1,1,1,1,1,1,1,1,1,1,1,1,1,1,1,1
209.66007029478456,209.92709977324262,60,50,1,1,1,1,1,1,1,1,1,1,1,1,1,1,1,1,1,1,1,1,1,1,1
209.66007029478456,209.7761700680272,58,46,1,1,1,1,1,1,1,1,1,1
209.64846031746032,209.8458299319728,65,60,1,1,1,1,1,1,1,1,1,1,1,1,1,1,1,1,1
209.63685034013605,209.72973015873015,53,61,1,1,1,1,1,1,1,1
209.62524036281178,210.14768934240362,72,39,1,1,1,1,1,1,1,1,1,1,1,1,1,1,1,1,1,1,1,1,1,1,1,1,1,1,1,1,1,1,1,1,1,1,1,1,1,1,1,1,1,1,1,4,4
209.50914058956914,209.67168027210883,56,32,1,1,1,1,1,1,1,1,1,1,1,1,1,1
209.4627006802721,209.64846031746032,65,31,1,1,1,1,1,1,1,1,1,1,1,1,1,1,1,1
209.4627006802721,209.66007029478456,60,42,1,1,1,1,1,1,1,1,1,1,1,1,1,1,1,1,1
209.4627006802721,209.63685034013605,53,54,1,1,1,1,1,1,1,1,1,1,1,1,1,1,1
209.45109070294782,209.62524036281178,72,61,1,1,1,1,1,1,1,1,1,1,1,1,1,1,1
208.928641723356,209.04474149659862,41,50,1,1,1,1,1,1,1,0,0,0
208.91703174603174,209.0563514739229,63,58,1,1,1,1,1,1,1,1,1,1,1,1
208.8009319727891,208.99830158730157,58,52,1,1,1,1,1,1,1,1,1,1,1,1,1,1,1,1,1
208.75449206349205,208.9634716553288,56,45,1,1,1,1,1,1,1,1,1,1,1,1,1,1,1,1,1,1
208.75449206349205,209.0563514739229,53,69,1,1,1,1,1,1,1,1,1,1,1,1,1,1,1,1,1,1,1,1,1,1,1,1,1,1
208.75449206349205,208.928641723356,41,66,1,1,1,1,1,1,1,1,1,1,1,1,1,1,1
208.74288208616778,209.00991156462584,68,36,1,1,1,1,1,1,1,1,1,1,1,1,1,1,1,1,1,1,1,1,1,1,1
208.62678231292517,208.75449206349205,41,37,1,1,1,1,1,1,1,1,1,1,1
208.6151723356009,208.7312721088435,65,56,1,1,1,1,1,1,1,1,1,1
208.41651882086168,208.6151723356009,65,90,1,1,1,1,1,1,1,1,1,1,1,1,1,1,1,1,1,1
208.27719909297053,208.41651882086168,65,83,1,1,1,1,1,1,1,1,1,1,1,1
208.0914394557823,208.27719909297053,65,81,1,1,1,1,1,1,1,1,1,1,1,1,1,1,1,1
208.02177959183675,208.23075918367346,63,33,1,1,0,1,1,1,1,1,1,1,1,1,1,1,1,1,1,1
207.98694965986394,208.0914394557823,65,43,1,1,1,1,1,1,1,1,1
207.95211972789116,208.26558911564626,51,33,1,1,1,1,1,1,1,1,1,1,1,1,1,1,1,1,1,1,1,1,1,1,1,1,1,1,1
207.61543038548754,207.87084988662133,60,64,1,1,1,1,1,1,1,1,1,1,1,1,1,1,1,1,1,1,1,1,1,1
207.4645006802721,207.85923990929706,46,56,1,1,1,1,1,1,1,1,1,1,1,1,1,1,1,1,1,1,1,1,1,1,1,1,1,1,1,1,1,1,1,1,1,1
207.45289070294785,207.62704036281178,65,38,1,1,1,1,1,1,1,1,1,1,1,1,1,1,1
207.45289070294785,207.9405097505669,58,42,1,1,1,1,1,1,1,1,1,1,1,1,1,1,1,1,1,7,1,1,1,1,1,1,1,1,1,1,1,1,1,1,1,1,1,1,1,1,1,1,1,1
207.39484081632654,207.76636009070296,51,61,1,1,1,1,1,1,1,1,1,1,1,1,1,1,1,1,1,1,1,1,1,1,1,1,1,1,1,1,1,1,1,1
207.1858612244898,207.3484009070295,68,43,1,1,1,1,1,1,1,1,1,1,1,1,1,1
207.1858612244898,207.3484009070295,53,48,1,1,1,1,1,1,1,1,1,1,1,1,1,1
207.06976145124716,207.1858612244898,53,32,1,1,1,1,1,1,1,1,1,1
207.03493151927438,207.4645006802721,46,68,1,1,1,1,1,1,1,1,1,1,1,1,1,1,1,1,1,1,1,1,1,1,1,1,1,1,1,1,1,1,1,1,1,1,1,1,1
206.8723918367347,207.29035102040817,63,46,1,1,1,1,1,1,1,1,1,1,1,1,1,1,1,1,1,1,1,1,1,1,1,1,1,1,1,1,1,1,1,1,1,1,1,1
206.82595192743764,206.97688163265306,53,51,1,1,1,1,1,1,1,1,1,1,1,1,1
206.8027319727891,207.03493151927438,46,54,1,1,1,1,1,1,1,1,1,1,1,1,1,1,1,1,1,1,1,1
206.72146213151927,206.82595192743764,53,65,1,1,1,1,1,1,1,1,1
206.6866321995465,207.33679092970522,56,50,1,1,1,1,1,1,1,1,1,1,1,1,1,1,1,1,1,1,1,1,1,1,1,1,1,1,1,1,1,1,1,1,1,1,1,1,1,1,1,1,1,1,1,1,1,1,1,1,1,1,1,1,1,1,1,1
206.42992879818595,206.8027319727891,65,39,1,1,1,1,1,1,1,1,1,1,1,1,1,1,1,1,1,1,1,1,1,1,1,-4,-4,1,0,1,1,1,1,1,1
206.3486589569161,206.8027319727891,46,68,1,1,1,1,1,1,1,1,1,1,1,1,1,1,1,1,1,1,1,1,1,1,1,1,1,1,1,1,1,1,1,1,1,1,1,1,1,1,1,1
206.33704897959186,206.5692485260771,60,39,1,1,1,1,1,1,1,1,1,1,1,1,1,1,1,1,1,1,1,1
206.1396793650794,206.33704897959186,63,44,-5,-5,1,1,1,1,1,1,1,1,1,1,1,1,1,1,1
206.01196961451248,206.48797868480727,58,46,1,1,1,1,1,1,1,1,1,1,1,1,1,1,-5,-5,-5,-5,-5,1,1,1,1,1,1,1,1,1,1,1,1,1,1,1,1,1,1,1,1,1,1
206.0003596371882,206.2325591836735,61,49,1,1,1,1,1,1,1,1,1,1,1,1,1,1,1,1,1,1,1,1
206.0003596371882,206.6866321995465,56,51,0,1,1,1,1,1,1,1,1,1,1,1,1,1,1,1,1,1,1,1,1,1,1,1,1,1,1,1,1,1,1,1,1,1,1,1,1,1,1,1,1,1,1,1,1,1,1,1,1,1,1,1,1,1,1,1,1,1,1,1
205.9771396825397,206.3486589569161,46,73,1,1,1,1,1,1,1,1,1,1,1,1,1,1,1,1,1,1,1,1,1,1,1,1,0,0,1,1,1,1,1,1
205.74494013605442,205.91908979591838,53,46,1,1,1,1,1,1,1,1,1,1,1,1,1,1,1
205.73333015873018,206.01196961451248,58,48,-5,1,1,1,1,1,1,1,-5,-5,-5,-5,-5,1,1,1,1,1,1,1,1,1,1,1
205.65206031746033,206.0003596371882,56,57,1,1,1,1,1,1,1,1,1,1,1,1,1,1,1,1,1,1,1,1,1,1,1,1,1,1,1,1,1,0
205.65206031746033,205.9771396825397,46,74,1,1,1,1,1,1,1,1,1,1,1,1,1,1,1,1,1,1,1,1,1,1,1,1,1,1,1,1
205.4779106575964,205.65206031746033,63,50,-5,-5,-5,1,1,1,1,1,1,1,1,1,1,1,1
205.39664081632654,205.65206031746033,46,67,1,1,1,1,1,1,1,1,1,1,1,1,1,1,1,1,1,1,1,1,1,1
205.33859092970522,206.97688163265306,68,42,1,1,1,1,1,1,1,1,1,1,1,1,1,1,1,1,1,1,1,1,1,1,1,1,1,1,1,1,1,1,1,1,1,1,1,1,1,1,1,1,1,1,1,1,1,1,1,1,1,1,1,1,1,1,1,1,1,1,1,1,1,1,1,1,1,1,1,1,1,1,1,1,1,1,1,1,1,1,1,1,1,1,1,1,1,1,1,1,1,1,1,1,1,1,1,1,1,1,1,1,1,1,1,1,1,1,1,1,1,1,1,1,1,1,1,1,1,1,1,1,1,1,1,1,1,1,1,1,1,1,1,1,1,1,1,1,1,1,1,1,1,1
205.33859092970522,205.65206031746033,56,47,1,1,1,1,1,1,1,1,1,1,1,1,1,1,1,1,1,1,1,1,1,1,1,1,1,1,1
205.33859092970522,205.43147074829932,53,31,1,1,1,1,1,1,1,1
205.32698095238095,205.48952063492064,65,35,1,1,1,1,1,1,1,1,1,1,1,1,1,1
205.32698095238095,205.5707904761905,61,70,1,1,1,1,1,1,1,1,1,1,1,1,1,1,1,1,1,1,1,1,1
205.3153709750567,205.52435056689345,73,41,1,1,1,1,1,1,1,1,1,1,1,1,1,1,1,1,1,1
205.04834149659865,205.32698095238095,61,71,1,1,1,1,1,1,1,1,1,1,1,1,1,1,1,1,1,1,1,1,1,1,1,1
204.63038231292518,204.8741918367347,73,37,1,1,1,1,1,1,1,1,1,1,1,1,1,1,1,1,1,1,1,1,1
204.6187723356009,204.74648208616782,65,48,1,1,1,1,1,1,1,1,1,1,1
204.6187723356009,205.04834149659865,61,72,1,1,1,1,1,1,1,1,1,1,1,1,1,1,1,1,1,1,1,1,1,1,1,1,1,1,1,1,1,1,1,1,1,1,1,1,1
204.6187723356009,204.88580181405896,58,40,1,1,1,1,1,1,1,1,1,1,1,1,-5,-5,-5,-5,-5,1,1,1,1,-5,-5
204.6187723356009,205.15283129251702,56,52,1,1,1,1,1,1,1,1,1,1,1,1,1,1,1,1,1,1,1,1,1,1,1,1,1,1,1,1,1,1,1,1,1,1,1,1,1,1,1,1,1,1,1,1,1,1
204.6187723356009,205.14122131519275,53,52,1,1,1,1,1,1,1,1,1,1,1,1,1,1,1,1,1,1,1,1,1,1,1,1,1,1,1,1,1,1,1,1,1,1,1,1,1,1,1,1,1,1,1,1,1
204.6187723356009,205.0019015873016,46,68,1,1,1,1,1,1,1,1,1,1,1,1,1,1,1,1,1,1,1,1,1,1,1,1,1,1,1,1,1,1,1,1,1
204.50138866213152,204.6187723356009,46,44,0,0,0,1,1,1,1,1,1,1,1
204.04859954648526,204.2227492063492,53,35,1,1,1,1,2,2,2,1,1,1,1,1,1,1,1
203.79318004535148,204.11825941043082,58,73,1,1,1,1,1,1,1,1,1,1,1,1,1,1,1,1,1,1,1,1,1,1,1,1,1,1,1,1
203.74674013605443,203.83961995464853,56,44,1,1,1,1,1,1,1,1
203.47971065759637,203.79318004535148,58,75,1,1,1,1,1,1,1,1,1,1,1,1,1,1,1,1,1,1,1,1,1,1,1,1,1,1,1
203.38683083900227,203.57259047619047,41,64,1,1,1,1,1,1,1,1,1,1,1,1,1,1,1,1
203.375220861678,203.50293061224488,63,52,1,1,1,1,1,1,1,1,1,1,1
203.35200090702946,203.52615056689342,56,53,1,1,1,1,1,1,1,1,1,1,1,1,1,1,1
203.25912108843536,203.47971065759637,58,63,1,1,1,1,1,1,1,1,1,1,1,1,1,1,1,1,1,1,1
203.25912108843536,203.38683083900227,41,78,1,1,1,1,1,1,1,1,1,1,1
203.2475111111111,204.23435918367346,65,39,1,1,1,1,1,1,1,1,1,1,1,1,-5,-5,1,1,1,1,1,1,1,1,1,1,1,1,1,1,1,1,1,1,1,1,1,1,1,1,1,1,1,1,1,1,1,1,1,1,1,1,1,1,1,1,1,1,1,1,1,1,1,1,1,1,1,1,1,1,1,1,1,1,1,1,1,2,2,2,1,1,1,1,1,1,1
203.2475111111111,203.35200090702946,56,67,1,1,1,1,1,1,1,1,1
203.2475111111111,203.595810430839,53,56,1,1,1,1,1,1,1,1,1,1,1,1,1,1,1,1,1,1,1,1,1,1,1,1,1,1,1,1,1,1
203.23590113378685,203.375220861678,63,38,1,1,1,1,1,1,1,1,1,1,1,1
202.9920916099773,203.10819138321995,54,45,1,0,1,1,1,1,1,1,1,1
202.8759918367347,202.9920916099773,54,45,1,1,1,1,1,1,1,-2,-2,1
202.86438185941043,203.11980136054422,61,35,1,1,1,1,1,1,1,1,1,1,1,1,1,1,1,1,1,1,1,1,1,1
202.6554022675737,202.82955192743765,58,53,0,0,1,1,1,1,1,1,1,1,1,1,1,1,1
202.38708888888888,202.54962857142857,54,58,1,1,1,1,1,1,1,1,1,1,1,1,1,1
202.3522589569161,202.54962857142857,61,49,1,1,1,1,1,1,1,1,1,1,1,1,1,1,1,1,1
202.00395963718822,202.39869886621315,39,56,1,1,1,1,1,1,1,1,1,1,1,1,1,1,1,1,1,1,1,1,1,1,1,1,1,1,1,1,1,1,1,1,1,1
201.92268979591836,202.46835873015874,58,56,1,1,1,1,1,1,1,1,1,1,1,1,1,1,1,1,1,1,1,1,1,1,1,1,1,1,1,1,1,1,1,1,1,1,1,1,1,1,1,0,0,0,1,1,1,1,1
201.89946984126985,202.18971927437642,65,33,1,1,1,1,1,1,1,1,1,1,1,1,1,1,1,1,1,1,1,1,1,1,1,1,1
201.88785986394558,202.38708888888888,54,64,1,1,1,1,1,1,1,1,1,1,1,1,1,1,1,1,1,1,1,1,1,1,-2,-2,1,1,1,1,1,1,1,1,1,1,1,1,1,1,1,1,1,1,1
201.88785986394558,202.09683945578232,51,37,1,1,1,1,1,1,1,1,1,1,1,1,1,1,1,1,1,1
201.55117052154196,201.88785986394558,63,73,1,1,1,1,1,1,1,1,1,1,1,1,1,1,1,1,1,1,1,1,1,1,1,1,1,1,1,1,1
201.55117052154196,201.73693015873016,51,46,1,1,1,1,1,1,1,1,1,1,1,1,1,1,1,1
201.45829070294786,201.79498004535148,56,56,1,1,1,1,1,1,1,1,1,1,1,1,1,1,1,1,1,1,1,1,1,1,1,1,1,1,1,1,1
201.4466807256236,201.55117052154196,63,65,1,1,1,1,1,1,1,1,1
201.4466807256236,201.55117052154196,51,35,1,1,1,1,1,1,1,1,1
201.3189709750567,201.42346077097505,58,49,1,1,1,1,1,1,1,1,1
200.84296190476192,201.0983814058957,65,44,1,1,1,1,1,1,1,1,1,1,1,1,1,1,1,1,1,1,1,1,1,1
200.5049886621315,200.715252154195,58,44,1,1,1,1,1,1,1,1,1,1,1,1,1,1,1,1,1,1,1
200.2495691609977,200.5049886621315,60,72,1,1,1,1,1,1,1,1,1,1,1,1,1,1,1,1,1,1,1,1,1,1
199.158231292517,199.28594104308388,73,51,1,1,1,1,1,1,1,1,1,1,1
199.158231292517,199.2511111111111,65,44,1,1,1,1,1,1,1,1
199.14662131519273,199.28594104308388,68,44,1,1,1,1,1,1,1,1,1,1,1,1
199.14662131519273,199.68068027210884,61,68,1,1,1,1,1,1,1,1,1,1,1,1,1,1,1,1,1,1,1,1,1,1,1,1,1,1,1,1,1,1,1,1,1,1,1,1,1,1,1,1,1,1,1,1,1,1
199.14662131519273,199.4136507936508,56,53,1,1,1,1,1,1,1,1,1,1,1,1,1,1,1,1,1,1,1,1,1,1,1
199.14662131519273,199.49492063492062,46,71,1,1,1,1,1,1,1,1,1,1,1,1,1,1,1,1,1,1,1,1,1,1,1,1,1,1,1,1,1,1
198.717052154195,198.92603174603173,61,46,1,1,1,1,1,1,1,1,1,1,1,1,1,1,1,1,1,1
198.67061224489794,198.76349206349204,58,45,1,1,1,1,1,1,1,1
197.90306984126985,198.10043945578232,41,70,1,1,1,1,1,1,1,1,1,1,1,1,1,1,1,1,1
197.76375011337868,198.05399954648527,65,40,1,1,1,1,1,1,1,1,1,1,1,1,1,1,1,1,1,1,1,1,1,1,1,1,1
197.76375011337868,198.01916961451246,60,35,1,1,1,1,-5,-5,-5,-5,-5,-5,-5,-5,-5,-5,-5,-5,-5,-5,-5,-5,1,1
197.76375011337868,198.2281492063492,58,57,1,1,1,1,1,1,1,1,1,1,1,1,1,1,1,1,1,1,1,1,1,1,1,1,1,1,1,1,1,1,1,1,1,1,1,1,1,1,1,1
197.76375011337868,198.07721950113378,56,58,1,1,1,1,1,1,1,1,1,1,1,1,1,1,1,1,1,1,1,1,1,1,1,1,1,1,1
197.76375011337868,198.03077959183673,53,63,1,1,1,1,1,1,1,1,1,1,1,1,1,1,1,1,1,1,1,1,1,1,1
197.7521401360544,197.90306984126985,41,81,1,1,1,1,1,1,1,1,1,1,1,1,1
197.48511065759638,197.6592603174603,60,60,1,1,1,1,1,1,1,1,1,1,1,1,1,1,1
197.3225709750567,197.45028072562357,56,34,1,1,1,1,1,0,0,0,0,0,1
197.160031292517,197.6360403628118,68,42,1,1,1,1,1,1,1,1,1,1,1,1,1,1,1,1,1,1,1,1,1,1,1,1,1,1,1,1,1,1,1,1,1,1,1,1,1,1,1,1,1
196.90461179138322,197.0091015873016,61,46,1,1,1,1,1,1,1,1,1
196.85817188208617,197.10198140589569,54,64,1,1,1,1,1,1,1,1,1,1,1,1,1,1,1,1,1,1,1,1,1
196.46214875283448,196.62468843537417,54,63,1,1,1,1,1,1,1,1,1,1,1,1,1,1
196.40409886621316,196.5201986394558,46,34,1,1,1,1,1,1,1,1,1,1
196.40409886621316,196.81173197278912,39,63,1,1,1,1,1,1,1,1,1,1,1,1,1,1,1,1,1,1,1,1,1,1,1,1,1,1,1,1,1,1,1,1,1,1,1,1
196.3924888888889,196.83495192743763,58,39,2,1,1,1,1,1,1,1,1,1,1,1,1,1,1,1,1,1,1,1,1,1,1,1,1,1,1,1,1,1,1,1,1,1,1,1,1,1,1
196.38087891156465,196.67112834467122,61,62,1,1,1,1,1,1,1,1,1,1,1,1,1,1,1,1,1,1,1,1,1,1,1,1,1
196.38087891156465,196.57824852607712,42,45,1,1,1,1,1,1,1,1,1,1,1,1,1,1,1,1,1
196.33443900226757,196.46214875283448,54,62,1,0,0,0,0,1,1,1,1,1,1
194.98768163265308,195.40564081632655,78,64,1,1,1,1,1,1,1,1,1,1,1,1,1,1,1,1,1,1,1,1,1,1,1,1,1,1,1,1,1,1,1,1,1,1,1,1
194.98768163265308,195.12700136054423,75,51,1,1,1,1,1,1,1,1,1,1,1,1
194.98768163265308,195.48691065759638,66,35,1,1,1,1,1,1,1,1,1,1,1,1,1,1,1,1,1,1,1,1,1,1,1,1,1,1,1,1,1,1,1,1,1,1,1,1,1,1,1,1,1,1,1
194.9760716553288,195.60301043083902,61,61,1,1,1,1,1,1,1,1,1,1,1,1,1,1,1,1,1,1,1,1,1,1,1,1,1,1,1,1,1,1,1,1,1,1,1,1,1,1,1,1,1,1,1,1,1,1,1,1,1,1,1,1,1,1
194.96446167800454,195.52174058956916,70,65,1,1,1,1,1,1,1,1,1,1,1,1,1,1,1,1,1,1,1,1,1,1,1,1,1,1,1,1,1,1,1,1,1,1,1,1,1,1,1,1,1,1,1,1,1,1,1,1
193.61642040816326,193.99954965986393,46,80,1,1,1,1,1,1,1,1,1,1,1,1,1,1,1,1,1,1,1,1,1,1,1,1,1,1,1,1,1,1,1,1,1
193.604810430839,193.99954965986393,72,58,1,1,1,1,1,1,1,1,1,1,1,1,1,1,1,1,1,1,1,1,1,1,1,1,1,1,1,1,1,1,1,1,1,1
193.604810430839,194.04598956916098,56,61,1,1,1,1,1,1,1,1,1,1,1,1,1,1,1,1,1,1,1,1,1,1,1,1,1,1,1,1,1,1,1,1,1,1,1,1,1,1
192.2335492063492,192.3960888888889,68,39,0,1,1,1,1,1,1,1,1,1,1,1,1,1
192.2335492063492,192.53540861678005,63,62,1,1,1,1,1,1,1,1,1,1,1,1,1,1,1,1,1,1,1,1,1,1,1,1,1,1
192.2335492063492,192.52379863945578,56,46,1,1,1,1,1,1,1,1,1,1,1,1,1,1,1,1,1,1,1,1,1,1,1,1,1
192.2335492063492,192.37286893424036,44,30,1,1,1,1,1,1,1,1,1,1,1,1
192.2335492063492,192.62828843537415,41,72,1,1,1,1,1,1,1,1,1,1,1,1,1,1,1,1,1,1,1,1,1,1,1,1,1,1,1,1,0,0,0,0,1,1
192.22193922902494,192.6166784580499,58,64,1,1,1,1,1,1,1,1,1,1,1,1,1,1,1,1,1,1,1,1,1,1,1,1,1,1,1,1,1,1,1,1,1,1
192.22193922902494,192.488968707483,53,65,1,1,1,1,1,1,1,1,1,1,1,1,1,1,1,1,1,1,1,1,1,1,1
190.96806167800455,191.18865124716552,54,67,1,1,1,1,1,1,1,1,1,1,1,1,1,1,1,1,1,1,1
190.84035192743764,191.0145015873016,65,39,1,1,1,1,1,1,1,1,1,1,1,1,1,1,1
190.84035192743764,191.18865124716552,61,63,1,1,1,1,1,1,1,1,1,1,1,1,1,1,1,1,1,1,1,1,1,1,1,1,1,1,1,1,1,1
190.84035192743764,190.96806167800455,54,88,1,1,1,1,1,1,1,1,1,1,1
190.84035192743764,190.95645170068028,46,34,1,1,1,1,1,1,1,1,1,1
190.84035192743764,190.97967165532881,42,31,1,1,1,1,1,1,1,1,1,1,1,1
190.84035192743764,191.22348117913833,39,63,1,1,1,1,1,1,1,1,1,1,1,1,1,1,1,1,1,1,1,1,1,1,1,1,1,1,1,1,1,1,1,1,1
188.07460952380953,188.30680907029478,73,45,1,1,1,1,1,1,1,1,1,1,1,1,1,1,1,1,1,1,1,1
188.07460952380953,188.3648589569161,68,38,1,1,1,1,1,1,1,1,1,1,1,1,1,1,1,1,1,1,1,1,1,1,1,1,1
188.07460952380953,188.39968888888887,65,49,1,1,1,1,1,1,1,1,1,1,1,1,1,1,1,1,1,1,1,1,1,1,1,1,1,1,1,1
188.07460952380953,188.4229088435374,61,81,1,1,1,1,1,1,1,1,1,1,1,1,1,1,1,1,1,1,1,1,1,1,1,1,1,1,1,1,1,1
188.07460952380953,188.19070929705217,58,42,1,1,1,1,1,1,1,1,1,1
188.07460952380953,188.43451882086168,56,46,1,1,1,1,1,1,1,1,1,1,1,1,1,1,1,1,1,1,1,1,1,1,1,1,1,1,1,1,1,1,1
188.07460952380953,188.66671836734693,46,74,1,1,1,1,1,1,1,1,1,1,1,1,1,1,1,1,1,1,1,1,1,1,1,1,1,1,1,1,1,1,1,1,1,1,1,1,1,1,1,1,1,1,1,1,1,1,0,0,0,0,0
188.06299954648526,188.19070929705217,49,34,1,1,1,1,1,1,1,1,1,1,1
186.70334829931974,186.93683174603174,65,33,1,1,1,1,1,1,1,1,1,1,1,1,1,1,1,1,1,1,1,1,1
186.70334829931974,187.0413215419501,56,52,1,1,1,1,1,1,1,1,1,1,1,1,1,1,1,1,1,1,1,1,1,1,1,1,1,1,1,1,1,1
186.70334829931974,186.9832716553288,53,58,1,1,1,1,1,1,1,1,1,1,1,1,1,1,1,1,1,1,1,1,1,1,1,1,1
186.69173832199547,186.91361179138323,68,32,1,1,1,1,1,1,1,1,1,1,1,1,1,1,1,1,1,1,1,1
186.69173832199547,186.9832716553288,58,68,1,1,1,1,1,1,1,1,1,1,1,1,1,1,1,1,1,1,1,1,1,1,1,1,1,1
186.69173832199547,187.0761514739229,41,66,1,1,1,1,1,1,1,1,1,1,1,1,1,1,1,1,1,1,1,1,0,1,1,1,1,1,1,1,1,1,1,1,1,1
186.6801283446712,186.7975120181406,46,26,0,0,1,1,1,1,1,1,1,1,1
185.35659092970522,185.72811020408164,39,58,1,1,1,1,1,1,1,1,1,1,1,1,1,1,1,1,1,1,1,1,1,1,1,1,1,1,1,1,1,1,1,1
185.31015102040817,185.57718049886623,54,59,1,1,1,1,1,1,1,1,1,1,1,1,1,1,1,1,1,1,1,1,1,1,1
185.26371111111112,185.48430068027213,70,34,1,1,1,1,1,1,1,0,1,1,1,1,1,1,1,1,1,1,1
185.25210113378685,185.53074058956918,65,48,1,1,1,1,1,1,1,1,1,1,1,1,1,1,1,1,1,1,1,1,1,1,1,1
185.1824412698413,185.67006031746033,61,62,1,1,1,1,1,1,1,1,1,1,1,1,1,1,1,1,1,1,1,1,1,1,1,1,1,1,1,1,1,1,1,1,1,1,1,1,1,1,1,1,1,1
185.17083129251702,185.26371111111112,70,33,-5,-5,1,1,1,0,0,0
185.15922131519275,185.25210113378685,65,65,1,1,1,1,1,1,1,1
185.1360013605442,185.22888117913834,80,34,1,1,1,1,1,1,1,1
185.1360013605442,185.26371111111112,68,45,1,1,1,1,1,1,1,1,1,1,1
185.1360013605442,185.32176099773244,56,32,0,0,1,1,1,1,1,1,1,1,1,1,1,1,1,1
185.04312154195011,185.1824412698413,61,67,1,1,1,1,1,1,1,1,1,1,1,1
185.00829160997733,185.15922131519275,65,49,1,1,1,1,1,1,1,1,1,1,1,1,1
184.9270217687075,185.06634149659865,56,37,2,2,1,1,1,1,1,1,1,1,1,1
184.91541179138324,185.04312154195011,73,40,1,1,2,2,1,1,1,1,1,1,1
184.91541179138324,185.1360013605442,68,51,1,1,1,1,1,1,1,1,1,1,1,1,1,1,1,1,1,1,1
184.91541179138324,185.00829160997733,65,52,1,1,1,1,1,1,1,1
184.90380181405897,185.04312154195011,61,75,1,1,1,1,1,1,1,1,1,1,1,1
184.82253197278914,184.9270217687075,56,32,1,1,1,1,1,1,1,1,2
184.81092199546487,184.91541179138324,73,32,1,1,1,1,1,1,1,1,1
184.81092199546487,184.91541179138324,65,51,1,1,1,1,1,1,1,1,1
184.81092199546487,184.90380181405897,61,70,1,1,1,1,1,1,1,1
184.7993120181406,184.91541179138324,68,33,1,1,1,1,1,1,1,1,1,1
184.63548843537413,184.81092199546487,65,47,1,1,1,1,1,1,1,1,1,1,1,1,1,1,1,1
184.63548843537413,184.81092199546487,61,72,1,1,1,1,1,1,1,1,1,1,1,1,1,1,1,1
184.6238784580499,184.78770204081633,73,49,1,1,1,1,1,1,1,1,1,1,1,1,1,1,1
184.6238784580499,184.716758276644,56,34,1,1,1,1,1,1,1,1
184.6238784580499,184.84575192743765,49,54,1,1,1,1,1,1,1,1,1,1,1,1,1,1,1,1,1,1,1,1
184.61226848072562,184.7399782312925,68,36,1,1,1,1,1,1,1,1,1,1,1
184.51938866213152,184.63548843537413,61,41,1,1,1,1,1,1,1,1,1,1
184.49616870748298,184.6238784580499,72,52,1,1,1,1,1,1,1,1,1,1,1
184.49616870748298,184.63548843537413,65,30,1,1,1,1,1,1,1,1,1,1,1,1
184.38006893424034,184.49616870748298,56,64,1,1,1,1,1,1,1,1,1,1
184.32201904761905,184.4613387755102,58,53,1,1,1,1,1,1,1,1,-5,-5,-5,-5
184.2987990929705,184.49616870748298,72,50,1,1,1,1,1,1,1,1,1,1,1,1,1,1,1,1,1
184.2987990929705,184.42650884353742,68,45,1,1,1,1,1,1,1,1,1,1,1
184.2987990929705,184.4845587301587,63,55,1,1,1,1,1,1,1,1,1,1,1,1,1,1,1,1
184.18269931972787,184.2987990929705,72,35,1,1,1,1,1,2,1,1,1,1
184.18269931972787,184.38006893424034,56,45,1,1,1,1,1,1,2,2,2,2,2,1,1,1,1,1,1
184.17108934240363,184.32201904761905,58,22,1,1,1,1,1,1,1,1,1,-4,-4,-4,1
184.04337959183673,184.18269931972787,61,44,1,1,1,1,1,1,1,1,1,1,1,-2
183.90405986394558,184.275579138322,65,52,1,1,1,1,1,1,1,1,1,1,1,1,1,1,1,1,1,1,1,1,1,1,1,1,1,1,1,1,1,1,1,1
183.84600997732426,184.1130394557823,73,36,1,1,1,1,1,1,0,1,1,1,1,1,1,1,1,1,1,1,1,1,1,1,1
183.84600997732426,184.04337959183673,61,32,-2,1,1,1,1,-2,0,0,0,0,1,1,1,1,1,1,1
183.8344,184.22913922902492,68,39,1,1,1,1,1,1,1,1,1,1,1,1,1,1,1,1,1,1,1,1,1,1,1,1,1,1,1,1,1,1,1,1,1,1
183.8344,183.93888979591836,56,46,1,1,1,1,1,1,1,1,1
183.6486403628118,183.8344,56,51,1,1,1,1,1,1,1,1,1,1,1,1,1,1,1,1
183.63703038548752,183.84600997732426,63,52,1,1,1,1,1,1,1,1,1,1,1,1,1,1,1,1,1,1
183.49771065759637,183.6486403628118,68,50,1,1,1,1,1,1,1,1,1,1,1,1,1
183.4861006802721,183.90405986394558,65,44,1,1,1,1,1,1,1,1,1,1,1,1,1,1,1,1,1,1,1,1,1,-5,-5,-5,-5,-5,-5,-5,1,1,1,1,1,1,1,1
183.38161088435373,183.4861006802721,65,37,-4,-4,1,1,1,1,1,1,1
183.32356099773241,183.6486403628118,56,51,1,1,1,1,1,1,1,1,1,1,1,1,1,1,1,1,1,1,1,1,1,1,1,1,1,1,1,1
183.3003410430839,183.42805079365078,75,44,1,1,1,1,1,1,1,1,1,1,1
183.3003410430839,183.45127074829932,63,55,1,1,1,1,1,1,1,1,1,1,1,1,1
183.28873106575963,183.4164408163265,72,37,1,1,1,1,1,1,2,2,2,2,2
183.2655111111111,183.49771065759637,68,35,1,1,1,1,1,1,0,0,0,0,0,1,1,1,1,1,1,1,1,1
183.16102131519273,183.28873106575963,72,42,1,1,1,1,1,1,1,1,1,1,1
183.05653151927436,183.19585124716554,65,55,1,1,1,1,1,1,1,1,1,1,1,1
183.02170158730158,183.23068117913832,68,53,1,1,1,1,1,1,1,1,1,1,1,1,1,1,1,1,1,1
183.0100916099773,183.172631292517,61,53,1,1,1,1,1,1,1,1,1,1,1,1,1,1
182.99848163265307,183.24229115646258,58,38,1,1,1,1,1,1,1,1,1,1,1,1,1,1,1,1,1,1,1,1,1
182.9172117913832,183.05653151927436,65,72,1,1,1,1,1,1,1,1,1,1,1,1
182.90560181405894,183.06814149659863,56,33,1,1,1,1,1,1,1,1,1,1,1,1,1,1
182.8591619047619,183.0100916099773,61,65,1,1,1,1,1,1,1,1,1,1,1,1,1
182.8243319727891,182.99848163265307,58,32,1,1,1,1,1,1,1,1,1,1,1,1,1,1,1
182.76499818594104,182.8591619047619,61,34,1,1,1,1,1,1,1,1,1
182.718558276644,183.02170158730158,68,36,1,1,1,1,1,1,1,1,1,1,1,1,0,0,0,1,1,1,1,1,1,1,1,1,1,1,1
182.45152879818593,182.60245850340135,61,52,1,1,1,1,1,1,1,1,1,1,1,1,1
182.28898911564627,182.4399188208617,56,47,1,1,1,1,1,1,1,1,1,1,1,1,1
182.277379138322,182.45152879818593,53,46,1,1,1,1,1,1,1,1,1,1,1,1,1,1,1
182.26576916099773,182.60245850340135,65,56,1,1,1,1,1,1,1,1,1,1,1,1,1,1,1,1,1,1,1,1,1,1,1,1,1,1,1,1,1
182.25415918367347,182.47474875283447,69,49,-2,1,1,1,1,1,1,1,1,1,1,1,1,1,1,1,1,1,1
182.02195963718822,182.1844993197279,58,40,1,1,1,1,1,1,1,1,1,1,1,1,1,1
181.99873968253968,182.26576916099773,65,58,1,1,1,1,1,1,1,1,1,1,1,1,1,1,1,1,1,1,1,1,1,1,1
181.91746984126985,182.0335696145125,44,36,1,1,1,1,1,1,1,1,1,1
181.90585986394558,181.99873968253968,65,45,1,1,1,1,1,1,1,1
181.68527029478457,181.8362,68,53,1,1,1,1,1,1,1,1,1,1,1,1,1
181.67366031746033,181.85941995464853,61,72,2,2,1,1,1,1,1,1,1,1,1,1,1,1,1,1
181.615610430839,181.7781501133787,77,45,1,1,1,1,1,1,1,1,1,1,1,1,1,1
181.615610430839,181.73171020408162,73,38,1,1,1,1,1,1,1,1,1,1
181.60400045351474,181.73171020408162,85,33,1,1,1,1,1,1,1,1,1,1,1
181.4879006802721,181.615610430839,77,24,1,1,1,1,1,1,1,1,1,1,1
181.4879006802721,181.67366031746033,61,41,1,1,1,1,1,1,1,1,0,0,0,0,1,1,1,1
181.26731111111113,181.40663083900228,65,44,0,1,1,1,1,1,1,1,1,1,1,1
181.12799138321995,181.26731111111113,65,51,1,1,1,1,1,1,1,1,1,0,0,0
181.10477142857144,181.3718009070295,68,37,1,1,1,1,1,1,1,1,1,1,1,1,0,0,0,0,0,1,1,1,1,1,1
181.02350158730158,181.174431292517,72,47,1,1,1,1,1,1,1,1,1,1,1,1,1
180.72035827664396,181.22087120181405,58,61,1,1,1,1,1,1,1,1,1,1,1,1,1,1,1,1,1,1,1,1,1,1,1,1,1,1,1,1,1,1,1,1,1,1,1,1,1,1,1,1,1,1,1,1
180.68552834467118,181.0583315192744,39,50,1,1,1,1,1,1,1,1,1,1,1,1,1,1,1,1,1,1,1,1,1,1,1,1,1,1,1,1,1,1,1,1,1
180.6506984126984,181.12799138321995,65,64,1,1,1,1,1,1,1,1,1,1,1,1,1,1,1,1,1,1,1,1,1,1,1,1,1,1,1,1,1,1,1,1,1,1,1,1,1,1,1,1,1,1
180.63908843537413,180.76679818594104,51,45,1,1,1,1,1,1,1,1,1,1,1
180.62747845804986,180.86096190476192,75,55,1,1,1,1,1,1,1,1,1,1,1,1,1,1,1,1,1,1,1,1,1
180.62747845804986,181.13960136054422,63,46,1,1,1,1,1,1,1,1,1,1,1,1,1,1,1,1,1,1,1,1,1,1,1,1,1,1,1,1,1,1,1,1,1,1,1,7,7,1,1,1,1,1,1,1,1
180.59264852607708,180.72035827664396,58,35,1,1,2,2,2,2,1,1,1,1,1
180.51137868480726,180.77840816326528,72,34,1,1,1,1,1,1,1,1,1,1,1,1,1,1,1,1,1,1,1,1,1,1,1
180.3372290249433,180.48815873015872,73,63,1,1,1,1,1,1,1,1,1,1,1,1,1
180.30239909297052,180.45332879818594,68,26,1,1,1,1,1,1,1,1,1,1,1,1,1
180.30239909297052,180.6506984126984,65,50,1,1,1,1,1,1,1,1,1,1,1,1,1,1,1,1,1,1,1,1,1,1,1,1,1,1,1,1,1,-5
180.2675691609977,180.46493877551018,77,43,1,1,1,1,1,1,1,1,1,1,1,1,1,1,1,1,1
180.2675691609977,180.47654875283445,61,69,1,1,1,1,1,1,1,1,1,1,1,1,1,1,1,1,1,1
180.1514693877551,180.2675691609977,61,69,1,1,1,1,1,1,1,1,1,1
180.12824943310656,180.3372290249433,73,40,1,1,1,1,1,1,1,1,1,1,1,1,1,1,1,1,1,1
179.97731972789114,180.1514693877551,61,67,1,1,1,1,1,1,1,1,1,1,1,1,1,1,1
179.9540997732426,180.09341950113378,55,41,1,1,1,1,1,1,1,1,1,1,1,1
179.80317006802719,179.91926984126982,72,60,1,1,1,1,1,1,1,1,1,1
179.64063038548753,179.79156009070294,61,57,1,1,1,1,1,1,1,1,1,1,1,-2,-2
179.5825804988662,179.80317006802719,72,47,1,1,1,1,1,1,1,1,1,1,1,1,1,1,1,1,1,1,1
179.4897006802721,179.6754603174603,56,45,1,1,1,1,1,1,1,1,1,1,1,1,1,1,1,1
179.46648072562357,179.838,65,47,1,1,1,1,1,1,1,1,1,1,1,1,1,1,1,1,1,1,1,1,1,1,1,1,1,1,1,1,1,1,1,1
179.4548707482993,179.64063038548753,61,50,1,1,1,1,1,1,1,1,1,1,1,1,1,1,1,1
179.37360090702947,179.90765986394555,68,39,1,1,1,1,1,1,1,1,1,1,1,1,1,1,1,1,1,1,1,1,1,1,1,1,1,1,1,1,1,1,1,1,1,1,1,1,1,1,1,1,1,1,1,1,1,1
179.25750113378683,179.4897006802721,56,51,1,1,1,1,1,1,1,1,1,1,1,1,1,1,1,1,1,1,1,1
179.24589115646256,179.3387709750567,75,47,1,1,1,1,1,1,1,1
179.15301133786846,179.37360090702947,68,32,2,1,1,1,1,1,1,1,1,1,1,1,1,1,1,1,1,1,1
178.97886167800453,179.24589115646256,75,50,1,1,1,1,1,1,1,1,1,1,1,1,1,1,1,1,1,1,1,1,1,1,1
178.97886167800453,179.1065714285714,72,36,1,1,1,1,1,1,1,1,1,1,1
178.94403174603173,179.1065714285714,70,36,1,1,1,1,1,1,1,1,1,1,1,1,1,1
178.94403174603173,179.09496145124714,58,33,1,1,1,1,1,1,1,1,1,1,1,1,1
178.16487936507937,178.53639863945577,68,60,1,1,1,1,1,1,1,1,1,1,1,1,1,1,1,1,1,1,1,1,1,1,1,1,1,1,1,1,1,1,1,1
178.16487936507937,178.501568707483,56,47,1,1,1,1,1,1,1,1,1,1,1,1,1,1,1,1,1,1,1,1,1,1,1,1,1,1,1,1,1
178.1532693877551,178.4667387755102,72,34,1,1,1,1,1,1,1,1,1,1,1,1,1,1,1,1,1,1,1,1,1,1,1,1,1,1,1
178.1532693877551,178.26936916099774,65,56,1,1,1,1,1,1,1,1,1,1
178.1532693877551,178.69893832199546,63,48,1,1,1,1,1,1,1,1,1,1,1,1,1,1,1,1,1,1,1,1,1,1,1,1,1,1,1,1,1,1,1,1,1,1,1,1,1,1,1,1,1,1,1,1,1,1,1
178.13004943310656,178.2229292517007,77,38,1,1,1,1,1,1,1,1
178.11843945578232,178.21131927437642,46,32,1,1,1,1,1,1,1,1
177.97911972789115,178.07199954648524,58,45,-5,-5,-5,1,1,1,1,-5
177.94428979591837,178.060389569161,63,53,1,1,1,1,1,1,1,1,1,1
177.94428979591837,178.16487936507937,56,57,1,1,1,1,1,1,1,1,1,1,1,1,1,1,1,1,1,1,1
177.70048027210885,177.81658004535146,70,50,1,1,1,1,1,1,1,1,1,1
177.70048027210885,177.80497006802722,68,49,1,1,1,1,1,1,1,1,1
177.60760045351475,177.73531020408163,53,34,1,1,1,1,1,1,1,1,1,1,1
177.59599047619048,177.7701401360544,77,38,1,1,1,1,1,1,1,1,1,1,1,1,1,1,1
177.59599047619048,177.70048027210885,70,47,1,1,1,1,1,1,1,1,1
177.59599047619048,177.70048027210885,68,40,1,1,1,1,1,1,1,1,1
177.59599047619048,177.7701401360544,65,50,1,1,1,1,1,1,1,1,1,1,1,1,1,1,1
177.59599047619048,177.7701401360544,58,46,1,1,1,1,1,1,1,1,1,1,1,1,1,1,1
177.4334507936508,177.59599047619048,68,42,1,1,1,1,1,1,1,1,1,1,1,1,1,1
177.22447120181405,177.31735102040815,65,45,1,1,1,1,1,1,1,1
177.03871156462586,177.23608117913832,69,67,1,1,1,1,1,1,1,1,1,1,1,1,1,1,1,1,1
177.01549160997732,177.31735102040815,53,64,1,1,1,1,1,1,1,1,1,1,1,1,1,1,1,1,1,1,1,1,1,1,1,1,1,1
177.00388163265305,177.22447120181405,65,69,1,1,1,1,1,1,1,1,1,1,1,1,1,1,1,1,1,1,1
176.92261179138322,177.03871156462586,69,68,1,1,1,1,1,1,1,1,1,1
176.92261179138322,177.01549160997732,53,90,1,1,1,1,1,1,1,1
176.89939183673468,177.10837142857142,73,43,1,1,1,1,1,1,1,1,1,1,1,1,1,1,1,1,1,1
176.8645619047619,177.13159138321996,60,37,1,1,1,1,1,1,1,1,1,1,1,1,1,1,1,1,1,1,1,1,1,1,1
176.80651201814058,177.00388163265305,65,58,1,1,1,1,1,1,1,1,1,1,1,1,1,1,1,1,1
176.80522811791383,176.92261179138322,69,85,1,1,1,1,1,1,1,1,1,1,1
176.67751836734695,176.80522811791383,69,67,1,1,1,1,1,1,1,1,1,1,1
176.64268843537417,176.92261179138322,53,50,1,1,1,1,1,1,1,1,1,1,1,1,1,1,1,1,1,1,1,1,1,1,1,1,1
176.61946848072563,176.80651201814058,65,77,1,1,1,1,1,1,1,1,1,1,1,1,1,1,1,1,1
176.49175873015875,176.61946848072563,72,50,1,1,1,1,1,1,1,1,1,1,1
176.48014875283448,176.67751836734695,68,49,1,1,1,1,1,1,1,1,1,1,1,1,1,1,1,1,4
176.30599909297052,176.4685387755102,56,46,1,1,1,1,1,1,1,1,1,1,1,1,1,1
176.27116916099774,176.42209886621316,77,39,1,1,1,1,1,1,1,1,1,1,1,1,1
176.27116916099774,176.36404897959184,61,31,-1,-2,-2,-2,-2,1,1,1
176.25955918367347,176.49175873015875,72,37,1,1,1,1,1,1,1,1,1,1,1,1,1,1,1,1,1,1,1,1
176.25955918367347,176.48014875283448,68,46,1,1,1,1,1,1,1,1,1,1,1,1,1,1,1,1,1,1,1
176.25955918367347,176.42209886621316,65,61,1,1,1,1,1,1,1,1,1,1,1,1,1,1
176.25955918367347,176.43370884353743,60,44,2,1,1,1,1,1,1,1,1,1,1,1,1,1,1
176.25955918367347,176.36404897959184,53,48,1,1,1,1,1,1,1,1,1
176.1550693877551,176.25955918367347,53,57,1,1,1,1,1,1,1,1,1
176.1550693877551,176.282779138322,46,35,1,1,1,1,1,1,1,1,1,1,1
176.14345941043084,176.25955918367347,72,26,1,1,1,1,1,1,1,1,1,1
176.14345941043084,176.25955918367347,60,60,1,1,1,1,1,1,1,1,1,2
176.1318494331066,176.27116916099774,77,43,1,1,1,1,1,1,1,1,1,1,1,1
176.1318494331066,176.25955918367347,65,79,1,1,1,1,1,1,1,1,1,1,1
175.99252970521542,176.1318494331066,65,72,1,1,1,1,1,1,1,1,1,1,1,1
175.99252970521542,176.1550693877551,53,78,1,1,1,1,1,1,1,1,1,1,1,1,1,1
175.88803990929705,175.99252970521542,65,42,1,1,1,1,1,1,1,1,1
175.8416,175.99252970521542,53,64,1,1,1,1,1,1,1,1,1,1,1,1,1
175.78355011337868,175.8764299319728,58,54,1,1,1,1,1,1,1,1
175.6558403628118,175.85320997732427,61,74,1,1,1,1,1,1,1,1,1,1,1,1,1,1,1,1,1
175.5861804988662,175.88803990929705,65,79,1,1,1,1,1,1,1,1,1,1,1,1,1,1,1,1,1,1,1,1,1,1,1,1,1,1
175.4352507936508,175.5861804988662,65,66,1,1,1,1,1,1,1,1,1,1,1,1,1
175.4352507936508,175.78355011337868,58,61,1,1,1,1,1,1,1,1,1,1,1,1,1,1,1,1,1,1,1,1,1,1,1,1,1,1,1,1,1,1
175.41203083900228,175.57457052154197,68,49,1,1,1,1,1,1,1,1,1,1,1,1,1,1
175.37720090702948,175.5861804988662,82,44,0,0,0,0,0,1,1,1,1,1,1,1,1,1,1,1,1,1
175.37720090702948,175.85320997732427,70,48,1,1,1,1,1,1,1,1,1,1,1,1,1,1,1,1,1,1,1,1,1,1,1,1,1,1,1,1,0,0,0,0,1,1,1,1,1,1,1,1,1
175.33076099773243,175.42364081632653,60,43,1,1,1,1,1,1,1,1
175.30754104308392,175.79516009070295,77,38,0,1,1,1,1,1,1,1,1,1,1,1,1,1,1,1,1,1,1,1,1,1,1,1,1,1,1,1,1,1,1,1,1,1,1,1,1,1,1,1,1,1
175.30754104308392,175.44686077097506,73,37,0,1,1,1,1,1,1,1,1,1,1,1
175.30754104308392,175.4352507936508,65,81,1,1,1,1,1,1,1,1,1,1,1
175.29593106575965,175.4352507936508,58,40,1,1,1,1,1,1,1,1,1,1,1,1
175.1217814058957,175.29593106575965,58,55,1,1,1,1,1,1,1,1,1,1,1,1,1,1,1
175.05212154195013,175.1566113378685,61,43,1,1,1,1,1,1,1,1,1
174.94763174603176,175.05212154195013,54,46,1,1,1,1,1,1,1,1,1
174.92441179138322,175.11017142857145,70,47,1,1,1,1,1,1,1,1,1,1,1,1,1,1,1,1
174.91280181405895,175.05212154195013,61,55,1,1,1,1,1,1,1,1,1,1,1,1
174.91280181405895,175.1217814058957,58,61,1,1,1,1,1,1,1,1,1,1,1,1,1,1,1,1,1,1
174.88958185941044,175.16822131519274,77,52,1,1,1,1,1,1,1,1,1,1,1,1,1,1,1,1,1,1,1,1,1,1,1,1
174.7838081632653,175.04051156462586,73,40,1,1,1,1,1,1,1,1,1,1,1,1,1,1,1,1,1,1,1,1,1,1,1
174.7838081632653,174.9940716553288,68,48,1,1,1,1,1,1,1,1,1,1,1,1,1,1,1,1,1,1,1
174.6909283446712,174.7838081632653,73,57,1,1,1,1,1,1,1,1
174.67931836734692,174.92441179138322,70,40,1,1,1,1,1,1,1,1,1,1,1,1,1,1,1,1,1,-5,-5,1,1,1
174.6212684807256,174.7838081632653,68,45,1,1,1,1,1,1,1,1,1,1,1,1,1,1
174.55160861678004,174.91280181405895,61,44,1,1,1,1,1,1,1,1,1,1,1,1,1,1,1,1,1,1,1,1,1,1,1,1,1,1,1,1,1,1,1,1
174.35423900226758,174.58643854875282,65,50,1,1,1,1,1,1,1,1,1,1,1,1,1,1,1,1,1,1,1,1
174.1220394557823,174.35423900226758,65,54,1,1,1,1,1,1,1,1,1,1,1,1,1,1,1,1,1,1,1,1
174.1220394557823,174.38906893424036,61,55,1,1,1,1,1,1,1,1,1,1,1,1,1,1,1,1,1,1,1,1,1,1,1
174.1220394557823,174.33101904761904,58,56,1,1,1,1,1,1,1,1,1,1,1,1,1,1,1,1,1,1
174.1220394557823,174.23813922902494,49,40,1,1,1,1,1,1,1,1,1,1
174.1220394557823,174.40067891156463,46,58,1,1,1,1,1,1,1,1,1,1,1,1,1,1,1,1,1,1,1,1,1,1,1,1
174.11042947845803,174.45872879818594,68,37,1,1,1,1,1,1,1,1,1,1,1,1,1,1,1,1,1,1,1,1,1,1,1,1,1,1,1,1,1,1
173.94788979591837,174.1220394557823,65,61,1,1,1,1,1,1,1,1,1,1,1,1,1,1,1
173.9362798185941,174.1220394557823,61,51,1,1,1,1,1,1,1,1,1,1,1,1,1,1,1,1
173.9362798185941,174.1220394557823,49,31,1,1,1,1,1,1,1,1,1,1,1,1,1,1,1,1
173.92466984126983,174.11042947845803,68,58,1,1,1,1,1,1,1,1,1,1,1,1,1,1,1,1
173.92466984126983,174.1220394557823,58,58,1,1,1,1,1,1,1,1,1,1,1,1,1,1,1,1,1
173.92466984126983,174.08720952380952,56,52,1,1,1,1,1,1,1,1,1,1,1,1,1,1
173.69247029478458,173.92466984126983,58,64,1,1,1,1,1,1,1,1,1,1,1,1,1,1,1,1,1,1,1,1
173.58798049886622,173.83179002267573,63,48,1,1,1,1,1,1,1,1,1,1,1,1,1,1,1,1,1,1,1,1,1
173.57637052154195,173.69247029478458,58,69,1,1,1,1,1,1,1,1,1,1
173.47188072562358,173.94788979591837,65,59,1,1,1,1,1,1,1,1,1,1,1,1,1,1,1,1,1,1,1,1,1,1,1,1,1,1,1,1,1,1,1,1,1,1,1,1,1,1,1,1,1
173.4602707482993,173.57637052154195,58,37,1,1,1,1,1,1,1,1,1,1
173.2745111111111,173.4602707482993,58,61,1,1,1,1,1,1,1,1,1,1,1,1,1,1,1,1
173.26290113378684,173.5531505668934,70,56,1,1,1,1,1,1,1,1,1,1,1,1,1,1,1,1,1,1,1,1,1,1,1,1,1
173.25129115646257,173.44866077097504,61,58,1,1,1,1,1,1,1,1,1,1,1,1,1,1,1,1,1
173.00748163265305,173.10036145124715,56,49,1,1,1,1,1,1,1,1
172.961041723356,173.06553151927437,58,36,1,1,1,1,1,1,1,1,1
172.84494195011337,173.47188072562358,65,50,1,1,1,1,1,1,1,1,1,1,1,1,1,1,1,1,1,1,1,1,1,1,1,1,1,1,1,1,1,1,1,1,1,1,1,1,1,1,1,1,1,1,1,1,1,1,1,1,1,1,1,1,1,1
172.84494195011337,173.25129115646257,61,40,1,1,1,0,-2,-2,-2,-2,1,1,1,1,1,1,1,1,1,1,1,1,1,1,1,1,1,1,1,1,1,1,1,1,1,1,1
172.84494195011337,173.17002131519274,49,47,1,1,1,1,1,1,1,1,1,1,1,1,1,1,1,1,1,1,1,1,1,1,1,1,1,1,1,1
172.83204807256237,173.13519138321993,72,36,1,1,1,1,1,1,1,1,1,1,1,1,1,1,1,1,1,1,1,1,1,1,1,1,1,1,1
172.79721814058956,172.92621179138322,77,41,1,1,1,1,1,1,1,1,1,1,1,1
172.79721814058956,172.91460181405895,68,46,1,1,1,1,1,1,1,1,1,1,1
172.61145850340137,172.79721814058956,63,46,1,1,1,1,1,1,1,1,1,1,1,1,1,1,1,1
172.56501859410432,173.00748163265305,56,61,1,1,1,1,1,1,1,1,1,1,1,1,1,1,1,1,1,1,1,1,1,1,1,1,1,1,1,1,1,1,1,1,1,1,1,1,1,1,1
172.55340861678005,172.83204807256237,72,43,1,1,1,1,1,1,1,1,1,1,1,1,1,1,1,1,1,1,1,1,1,1,1,1
172.55340861678005,172.79721814058956,68,65,1,1,1,1,1,1,1,1,1,1,1,1,1,1,1,1,1,1,1,1,1
172.29798911564626,172.56501859410432,56,55,1,1,1,1,1,1,1,1,1,1,1,1,1,1,1,1,1,1,1,1,1,1,1
172.27476916099775,172.55340861678005,68,56,1,1,1,1,1,1,1,1,1,1,1,1,1,1,1,1,1,1,1,1,1,1,1,1
172.27476916099775,172.42569886621317,61,37,1,1,1,1,1,1,1,1,1,1,1,1,1
172.26315918367348,172.47213877551022,77,59,1,1,1,1,1,1,1,1,1,1,1,1,1,1,1,1,1,1
172.26315918367348,172.55340861678005,65,40,1,1,1,1,1,1,1,1,1,1,1,1,1,1,1,1,1,1,1,1,1,1,1,1,1
172.26315918367348,172.4373088435374,53,55,1,1,1,1,1,1,1,1,1,1,1,1,1,1,1
172.13544943310657,172.27476916099775,61,52,-2,1,1,1,1,1,1,1,1,1,1,1
172.1006195011338,172.27476916099775,68,69,1,1,1,1,1,1,1,1,1,1,1,1,1,1,1
172.1006195011338,172.29798911564626,56,43,1,1,1,1,1,1,1,1,1,1,1,1,1,1,1,1,1
172.05417959183674,172.26315918367348,53,59,1,1,1,1,1,1,1,1,1,1,1,1,1,1,1,1,1,1
172.0077396825397,172.1006195011338,68,73,1,1,1,1,1,1,1,1
172.0077396825397,172.26315918367348,65,45,1,1,1,1,1,1,1,1,1,1,1,1,1,1,1,1,1,1,1,1,1,1
171.70588027210886,171.94968979591837,69,56,1,1,1,1,1,1,1,1,1,1,1,1,1,1,1,1,1,1,1,1,1
171.42724081632653,171.54334058956917,61,60,1,1,1,1,1,1,1,1,1,1
171.41563083900226,172.0077396825397,65,64,1,1,1,1,1,1,1,1,1,1,1,1,1,1,1,1,1,1,1,1,1,1,1,1,1,1,1,1,1,1,1,1,1,1,1,1,1,1,1,1,-5,-5,-5,-5,-5,-5,1,1,1,1,1
171.40402086167802,171.70588027210886,69,33,1,1,1,1,-2,-2,-2,1,1,1,1,1,1,1,1,1,1,1,1,1,1,1,1,1,1,1
171.32275102040816,171.41563083900226,65,77,1,1,1,1,1,1,1,1
171.3111410430839,171.47368072562358,72,55,1,1,1,1,1,1,1,1,1,1,1,1,1,1
171.3111410430839,171.79876009070296,53,42,1,1,1,1,1,1,1,1,1,1,1,1,1,1,1,1,1,1,1,1,1,1,1,1,1,1,1,1,1,1,1,1,1,1,1,1,1,1,1,1,1,1
171.2182612244898,171.39241088435375,56,61,1,1,1,1,1,1,1,1,1,1,1,1,1,1,1
171.14860136054423,171.3111410430839,72,71,1,1,1,1,1,1,1,1,1,1,1,1,1,1
170.962841723356,171.0557215419501,53,41,1,1,1,1,1,1,1,1
170.95123174603174,171.32275102040816,65,73,1,1,1,1,1,1,1,1,1,1,1,1,1,1,1,1,1,1,1,1,1,1,1,1,1,1,1,1,1,1,1,1
170.92801179138323,171.06733151927438,61,54,1,1,1,1,1,1,1,1,1,1,1,1
170.92801179138323,171.2182612244898,56,33,1,1,1,1,1,1,1,1,1,1,1,1,1,1,1,1,1,1,1,1,1,1,1,1,1
170.91640181405896,171.09055147392291,73,54,1,1,1,1,1,1,1,1,1,1,1,1,1,1,1
170.91640181405896,171.07894149659865,70,29,-5,-5,-5,-5,-5,-5,-5,-5,-5,1,1,1,1,1
170.91640181405896,171.0325015873016,51,34,1,1,1,1,1,1,1,1,1,1
170.9047918367347,171.6942702947846,77,39,1,1,1,1,1,1,1,1,1,1,1,1,1,1,1,1,1,1,1,1,1,1,1,1,1,1,1,1,1,1,1,1,1,1,1,1,1,1,1,1,1,1,1,1,1,1,1,1,1,1,1,1,1,1,1,1,1,1,1,1,1,1,1,1,1,1,1,1
170.9047918367347,171.10216145124716,68,53,1,1,1,1,1,1,1,1,1,1,1,1,1,1,1,1,1
170.81062811791384,170.95123174603174,65,73,1,1,1,1,1,1,1,1,1,1,1,1,1
170.7990181405896,170.9047918367347,77,47,1,1,1,1,1,1,1,1,1,1
170.7990181405896,170.962841723356,53,40,1,1,1,1,1,1,1,1,1,1,1,1,1,1,1
170.68291836734696,170.81062811791384,65,80,1,1,1,1,1,1,1,1,1,1,1
170.56681859410432,170.7641882086168,60,50,1,1,1,1,1,1,1,1,1,1,1,1,1,1,1,1,1
170.1952993197279,170.4855487528345,58,60,1,1,1,1,1,1,1,1,1,1,1,1,1,1,1,1,1,1,1,1,1,1,1,1,1
170.18368934240365,170.52037868480727,73,35,1,1,1,-2,-2,-2,-2,-2,-2,-2,-2,-2,1,1,1,1,1,1,1,1,1,1,-2,-2,-2,-2,-2,-2,1
170.11402947845806,170.7990181405896,77,42,1,1,1,1,1,1,1,1,1,1,1,1,1,1,1,1,1,1,1,1,1,1,1,1,1,1,1,1,1,1,1,1,1,1,1,1,1,1,1,1,1,1,1,1,1,1,1,1,1,1,1,1,1,1,1,1,1,1,1
170.1024195011338,170.68291836734696,65,86,1,1,1,1,1,1,1,1,1,1,1,1,1,1,1,1,1,1,1,1,1,1,1,1,1,1,1,1,1,1,1,1,1,1,1,1,1,1,1,1,1,1,1,1,1,1,1,1,1,1
170.1024195011338,170.3926689342404,61,70,1,1,1,1,1,1,1,1,1,1,1,1,1,1,1,1,1,1,1,1,1,1,1,1,1
170.09080952380953,170.3230090702948,63,36,1,-5,-5,-5,-5,-5,-5,-5,-5,-5,-5,-5,-5,-5,1,1,1,1,1,-5
169.70768027210886,169.87021995464855,77,39,1,1,1,1,1,1,1,1,1,1,1,1,1,1
169.6031904761905,169.7541201814059,73,63,1,1,1,1,1,1,1,1,1,1,1,1,1
169.6031904761905,169.7889501133787,68,55,1,1,1,1,1,1,1,1,1,1,1,1,1,1,1,1
169.6031904761905,170.1024195011338,65,57,1,1,1,1,1,1,1,1,1,1,1,1,1,1,1,1,1,1,1,1,1,1,1,1,1,1,1,1,1,1,1,1,1,1,1,1,1,1,1,1,1,1,1
169.6031904761905,169.7541201814059,56,42,1,1,1,1,1,1,1,1,1,1,1,1,1
169.59158049886622,169.96309977324265,63,32,-5,1,1,1,1,1,-5,-5,-5,-5,1,1,-5,-5,-5,-5,-5,-5,-5,-5,1,1,1,1,1,1,1,1,1,1,1,1
169.57997052154195,170.1024195011338,61,50,1,1,1,1,1,1,1,1,1,1,1,1,1,1,1,1,1,1,1,1,1,1,1,1,1,1,1,1,1,1,1,1,1,1,1,1,1,1,1,1,1,1,1,1,1
169.49870068027212,169.6031904761905,65,36,1,1,1,1,1,1,1,1,1
169.38260090702948,169.49870068027212,65,54,1,1,1,1,1,1,1,1,1,1
169.28972108843539,169.38260090702948,63,42,1,1,1,1,1,1,1,1
168.88337188208618,169.1620113378685,61,67,1,1,1,1,1,1,1,1,1,1,1,1,1,1,1,1,1,1,1,1,1,1,1,1
168.82403809523808,169.38260090702948,65,68,1,1,1,1,1,1,1,1,1,1,1,1,1,1,1,1,1,1,1,1,1,1,1,1,1,1,1,1,1,1,1,1,1,1,1,1,1,1,1,1,1,1,1,1,-5,1,1,1,1
168.81242811791384,169.02269160997733,70,49,1,1,1,1,1,1,1,1,1,1,1,1,1,1,1,1,1,1,1
168.61505850340134,168.88337188208618,61,71,1,1,1,1,1,1,1,1,1,1,1,1,1,1,1,1,1,1,1,1,1,1,1,1
168.58022857142856,168.6963283446712,49,32,1,1,1,1,1,1,1,1,1,1
168.5686185941043,168.83564807256235,68,49,1,1,1,1,1,1,1,1,1,1,1,1,1,1,1,1,1,1,1,1,1,1,1
168.46412879818593,168.82403809523808,65,51,1,1,1,1,1,1,1,1,1,1,1,1,1,1,1,1,1,1,1,1,1,1,1,1,1,1,1,1,1,1,1
168.25514920634922,168.54539863945578,46,55,1,1,1,1,1,1,1,1,1,1,1,1,1,1,1,1,1,1,1,1,1,1,1,1,1
168.24353922902495,168.5686185941043,70,35,1,1,0,0,1,1,1,1,1,1,1,1,1,-5,-5,0,1,1,1,1,1,1,1,1,1,1,1,1
168.24353922902495,168.49895873015873,58,50,1,1,1,1,1,1,1,1,1,1,1,1,1,1,1,1,1,1,1,1,1,1
168.13904943310658,168.45251882086168,61,56,1,1,1,1,1,1,1,1,1,1,1,1,1,1,1,1,1,1,1,1,1,1,1,1,1,1,1
168.09260952380953,168.27836916099773,65,56,1,1,1,1,1,1,1,1,1,1,1,1,1,1,1,1
167.7907501133787,167.91845986394557,73,42,-2,-2,-2,1,1,1,-2,-2,-2,-2,-2
167.77914013605442,167.91845986394557,68,39,1,1,1,1,1,1,1,1,1,1,1,1
167.77914013605442,168.09260952380953,65,38,1,1,1,1,1,1,1,1,1,1,1,1,1,1,1,1,1,1,1,1,1,1,1,1,1,1,1
167.77914013605442,168.13904943310658,61,57,-2,1,1,1,1,1,1,1,1,1,1,1,1,1,1,1,1,1,1,1,1,1,1,1,1,1,1,1,1,1,1
167.61660045351474,167.77914013605442,60,78,1,1,1,1,1,1,1,1,1,1,1,1,1,1
167.5933804988662,167.7907501133787,63,53,1,1,1,1,1,1,1,1,1,1,1,1,1,1,1,1,1
167.46567074829932,167.55855056689342,65,54,1,1,1,1,1,1,1,1
167.44245079365078,167.61660045351474,60,66,1,1,1,1,1,1,1,1,1,1,1,1,1,1,1
167.407620861678,167.58177052154196,68,58,1,1,1,1,1,1,1,1,1,1,1,1,1,1,1
167.407620861678,167.7907501133787,56,59,1,1,1,1,1,1,1,1,1,1,1,1,1,1,1,1,1,1,1,1,1,1,1,1,1,1,1,1,1,1,1,1,1
167.34957097505668,167.46567074829932,65,54,1,1,1,1,1,1,1,1,1,1
167.34957097505668,167.44245079365078,60,37,1,1,1,1,1,1,1,1
167.29152108843536,167.44245079365078,51,60,1,1,1,1,1,1,1,1,1,1,1,1,1
167.2218612244898,167.5933804988662,63,53,1,1,1,1,1,1,1,1,1,1,1,1,1,1,1,1,1,1,1,1,1,1,1,1,1,1,1,1,1,1,1,1
167.2218612244898,167.36118095238095,46,31,0,1,1,1,1,1,1,1,1,1,1,1
167.187031292517,167.34957097505668,65,41,-5,1,1,1,1,1,1,-5,1,1,1,1,1,1
167.1289814058957,167.407620861678,68,52,1,1,1,1,1,1,1,1,1,1,1,1,1,1,1,1,1,1,1,1,1,1,1,1
166.98966167800452,167.1289814058957,68,61,1,1,1,1,1,1,1,1,1,1,1,1
166.92000181405896,167.1289814058957,53,53,1,1,1,1,1,1,1,1,1,1,1,1,1,1,1,1,1,1
166.9083918367347,167.10576145124716,65,62,1,1,1,1,1,1,1,1,1,1,1,1,1,1,1,1,1
166.9083918367347,167.02449160997733,61,34,1,1,1,1,1,1,1,1,1,1
166.62846848072564,166.77939818594106,63,40,1,1,1,1,1,1,1,1,1,1,1,1,1
166.62846848072564,166.80261814058957,58,32,1,1,1,1,1,1,1,1,1,1,1,1,1,1,1
166.61685850340137,166.9083918367347,65,38,1,1,1,1,1,1,1,1,-5,-5,-5,-5,-5,1,1,1,1,1,1,1,1,1,1,1,1,1
166.46592879818596,166.61685850340137,65,62,1,1,1,1,1,1,1,1,1,1,1,1,1
166.4543188208617,166.75617823129252,61,42,1,1,1,1,1,1,1,1,1,1,1,1,1,1,1,1,1,1,1,1,1,1,1,1,1,1
166.16406938775512,166.28016916099773,56,36,1,1,1,1,1,1,1,1,1,1
166.1060195011338,166.23372925170068,73,41,1,1,1,1,1,1,1,1,1,1,1
166.1060195011338,166.4543188208617,61,59,1,1,1,1,1,1,1,1,1,1,1,1,1,1,1,1,1,1,1,1,1,1,1,1,0,0,0,1,1,1
166.09440952380953,166.53558866213152,69,60,1,1,1,1,1,1,1,1,1,1,1,1,1,1,1,1,1,1,1,1,1,1,1,1,1,1,1,1,1,1,1,1,1,1,1,1,1,1
166.0131396825397,166.1292394557823,75,58,1,1,1,1,1,1,1,1,1,1
165.90864988662133,166.46592879818596,65,68,1,1,1,1,1,1,1,1,1,1,1,1,1,1,1,1,1,1,1,1,1,1,1,1,1,1,1,1,1,1,1,1,1,1,1,1,1,1,1,1,1,1,1,1,1,1,1,1
165.90864988662133,166.08279954648526,56,49,1,1,1,1,1,1,1,1,1,1,1,1,1,1,1
165.89703990929706,166.0131396825397,75,61,1,1,1,1,1,1,1,1,1,1
165.89703990929706,166.31499909297054,63,48,1,1,1,1,1,1,1,1,1,1,1,1,1,1,1,1,1,1,1,1,1,1,1,1,-5,-5,-5,-5,-5,-5,-5,-5,-5,1,1,1
165.80416009070296,166.0131396825397,58,30,0,0,1,1,1,1,-2,-2,-2,-2,1,1,1,1,1,1,1,-5
165.7228902494331,166.1060195011338,61,37,1,1,1,1,1,1,1,1,1,1,1,1,1,1,1,1,1,1,1,1,1,1,1,1,1,1,1,1,1,7,7,7,1
165.64162040816328,165.76933015873016,65,43,-5,-5,-5,-5,1,1,1,1,1,1,1
165.6067904761905,165.78094013605443,53,49,1,1,1,1,1,1,1,1,1,1,1,1,1,1,1
165.58357052154196,165.82738004535148,63,60,1,1,1,1,1,1,1,1,1,1,1,1,1,1,1,1,1,1,1,1,1
165.5719605442177,165.7228902494331,61,55,0,1,1,1,1,1,1,1,1,1,1,1,1
165.5719605442177,165.71128027210887,49,31,0,0,0,0,0,0,1,1,1,1,1,1
165.56035056689342,165.93186984126984,68,48,1,1,1,1,1,1,1,1,1,1,1,1,1,1,1,1,1,1,1,1,1,1,1,1,1,1,1,1,1,1,1,1
165.52552063492064,165.61840045351474,72,47,1,1,1,1,1,1,1,1
165.46747074829932,165.56035056689342,68,59,1,1,1,1,1,1,1,1
165.46747074829932,165.58357052154196,63,61,1,1,1,1,1,1,1,1,1,1
165.36298095238095,165.46747074829932,63,55,1,1,1,1,1,1,1,1,1
165.33976099773244,165.46747074829932,68,56,1,1,1,1,1,1,1,1,1,1,1
165.33976099773244,165.46747074829932,65,63,1,1,1,1,1,1,1,1,1,1,1
164.96824172335602,165.33976099773244,65,78,1,1,1,1,1,1,1,1,1,1,1,1,1,1,1,1,1,1,1,1,1,1,1,1,1,1,1,1,1,1,1,1
164.80441814058955,165.11917142857143,73,48,1,1,1,1,1,1,1,1,1,1,-2,-2,-2,-2,-2,-2,-2,-2,-2,-2,1,1,1,1,1,1,1,1
164.7928081632653,164.96824172335602,65,67,1,1,1,1,1,1,1,1,1,1,1,1,1,1,1,1
164.78119818594104,165.0030716553288,61,54,1,1,1,1,1,1,1,1,1,1,1,1,1,1,1,1,-2,1,1,1
164.76958820861677,165.08434149659865,68,52,1,1,1,1,1,1,1,1,1,1,1,1,1,1,1,1,1,1,1,1,1,1,1,1,1,1,1,1
164.76958820861677,165.0379015873016,56,52,1,1,1,1,1,1,1,1,1,1,1,1,1,1,1,1,1,1,1,1,1,1,1,1
164.74636825396826,165.36298095238095,63,38,1,1,1,1,1,-5,-5,-5,-5,-5,-5,-5,-5,-5,-5,1,1,1,1,1,1,1,1,1,1,1,1,1,1,1,1,1,1,1,1,1,1,1,1,1,1,1,1,1,1,1,1,1,1,1,1,1,1,1
164.6650984126984,165.09595147392292,51,38,1,1,1,1,1,1,1,1,1,1,1,1,1,1,1,1,1,1,1,1,1,1,1,1,1,1,1,1,1,1,1,1,1,1,1,1,1,1
164.65348843537413,164.74636825396826,63,28,1,1,1,1,1,1,1,1
164.63026848072562,165.39781088435376,77,46,1,1,1,1,1,1,1,1,1,1,1,1,1,1,1,1,1,0,0,0,0,0,1,1,1,1,1,1,1,1,1,1,1,1,1,1,1,1,1,1,1,1,1,1,1,1,1,1,1,1,1,1,1,1,1,1,1,1,1,1,1,1,1,1,1,1,1
164.54899863945576,164.78119818594104,72,53,1,1,1,1,1,1,1,1,1,1,1,1,1,1,1,1,1,1,1,1
164.52577868480725,164.8276380952381,46,45,1,1,1,1,1,1,1,1,1,1,1,1,1,1,1,1,1,1,1,1,1,1,1,1,1,1
164.49094875283447,164.7928081632653,65,46,1,1,1,1,1,1,1,1,1,1,1,1,1,1,1,1,1,1,1,1,1,1,1,1,1,1
164.2587492063492,164.76958820861677,68,54,1,1,1,1,1,1,1,1,1,1,1,1,1,1,1,1,1,1,1,1,1,1,1,1,1,1,1,1,1,1,1,1,1,1,1,1,1,1,1,1,1,1,1,1
164.2587492063492,164.49094875283447,65,39,1,1,1,1,1,1,1,1,1,1,1,1,1,1,1,1,1,1,1,1
164.2587492063492,164.4445088435374,56,52,1,1,1,1,1,1,1,1,1,1,1,1,1,1,1,1
164.24713922902492,164.34001904761905,77,45,1,1,1,1,1,1,1,1
164.24713922902492,164.46772879818593,73,47,1,1,1,1,1,1,1,1,1,1,1,1,1,1,1,1,-2,-2,-2
164.24713922902492,164.43289886621315,61,50,1,1,1,1,1,1,1,1,1,1,1,1,1,1,1,1
164.24713922902492,164.69992834467118,53,54,1,1,1,1,1,1,1,1,1,1,1,1,1,1,1,1,1,1,1,1,1,1,1,1,1,1,1,1,1,1,1,1,1,1,1,1,1,1,1
164.0962095238095,164.20069931972787,60,49,1,1,1,1,1,1,1,1,1
163.95688979591836,164.2587492063492,56,45,1,1,1,1,1,1,1,1,1,1,1,1,1,1,1,1,1,1,1,1,1,1,1,1,1,1
163.92205986394558,164.0962095238095,60,69,1,1,1,1,1,1,1,1,1,1,1,1,1,1,1
163.9104498866213,164.24713922902492,72,57,1,1,1,1,1,1,1,1,1,1,1,1,1,1,1,1,1,1,1,1,1,1,1,1,1,1,1,1,1
163.65503038548752,163.7595201814059,46,43,1,1,1,1,1,1,1,1,1
163.62020045351474,163.74791020408162,49,47,1,1,1,1,1,1,1,1,1,1,1
163.42283083900224,163.5273206349206,73,43,1,1,1,1,1,1,1,1,1
163.42283083900224,163.70147029478457,58,50,1,1,1,1,1,1,1,1,1,1,1,1,1,1,1,1,1,1,1,1,1,1,1,1
163.42283083900224,163.65503038548752,46,53,1,1,1,1,1,1,1,1,1,1,1,1,1,1,1,1,1,1,1,1
163.411220861678,163.65503038548752,61,39,1,1,1,1,1,1,1,1,1,1,1,1,1,1,1,1,1,1,1,1,1
163.411220861678,163.89883990929704,53,41,1,1,1,1,1,1,1,1,1,1,1,1,1,1,1,1,1,1,1,1,1,1,1,1,1,1,1,1,1,1,1,1,1,1,1,1,1,1,1,1,1,1
163.39961088435373,164.2587492063492,65,45,1,1,1,1,1,1,1,1,1,1,1,1,1,1,1,1,1,1,1,1,1,1,1,1,1,1,1,1,1,1,1,1,1,1,1,1,1,1,1,1,1,1,1,1,1,1,1,1,1,1,1,1,1,1,1,1,1,1,1,1,1,1,1,1,1,1,1,1,1,1,1,1,1,1
163.2835111111111,163.42283083900224,58,42,1,1,1,1,1,1,1,1,1,1,1,1
163.23707120181405,163.411220861678,61,73,1,1,1,1,1,1,1,1,1,1,1,1,1,1,1
163.20224126984127,163.35317097505668,68,50,1,1,1,1,1,1,1,1,1,1,1,1,1
163.07453151927436,163.22546122448978,53,58,1,1,1,1,1,1,1,1,1,1,1,1,1
163.05131156462585,163.39961088435373,65,41,-5,-5,1,1,1,1,1,1,1,1,1,1,1,1,1,1,1,1,1,1,1,1,1,1,1,1,1,1,1,1
162.90038185941043,163.05131156462585,72,51,1,1,1,1,1,1,1,1,1,1,1,1,1
162.8874879818594,163.07453151927436,44,44,1,1,1,1,1,1,1,1,1,1,1,1,1,1,1,1,1
162.87587800453514,163.05131156462585,75,34,1,1,1,1,1,1,1,1,1,1,1,1,1,1,1,1
162.87587800453514,163.16741133786846,63,65,1,1,1,1,1,1,1,1,1,1,1,1,1,1,1,1,1,1,1,1,1,1,1,1,1,1
162.8642680272109,163.30673106575964,56,60,1,1,1,1,1,1,1,1,1,1,1,1,1,1,1,1,1,1,1,1,1,1,1,1,1,1,1,1,1,1,1,1,1,1,1,1,1,1,1
162.8294380952381,163.05131156462585,65,49,1,1,1,1,1,1,-5,-5,-5,-5,-5,1,-5,-5,-5,-5,-5,-5,-5,-5
162.69011836734694,162.8294380952381,65,64,1,1,1,1,1,1,1,1,1,1,1,1
162.69011836734694,162.90038185941043,58,71,1,1,1,1,1,1,1,1,1,1,1,1,1,1,1,1,1,1,-5
162.67850839002267,163.0977514739229,70,49,1,1,1,1,1,1,1,1,1,1,1,1,1,1,1,1,1,1,1,1,1,1,1,1,1,1,1,1,1,1,1,1,1,1,1,1,1
162.67850839002267,162.77138820861677,68,43,1,1,1,1,1,1,1,1
162.58562857142857,162.87587800453514,63,49,-5,-5,-5,-5,-5,-5,-5,-5,-5,1,1,1,1,1,1,1,1,1,1,1,1,1,1,1,1
162.58562857142857,162.77138820861677,61,65,1,1,1,1,1,1,1,1,1,1,1,1,1,1,1,1
162.56240861678006,162.69011836734694,58,42,1,1,1,1,1,1,1,1,1,1,1
162.53918866213152,162.67850839002267,68,55,1,1,1,1,1,1,1,1,1,1,1,1
162.49274875283447,162.69011836734694,65,47,1,1,1,1,1,1,1,1,1,1,1,1,1,1,1,1,1
162.49274875283447,162.58562857142857,61,62,1,1,1,1,1,1,1,1
162.3882589569161,162.49274875283447,61,59,1,1,1,1,1,1,1,1,1
162.3882589569161,162.49274875283447,49,46,1,1,1,1,1,1,1,1,1
162.295379138322,162.44630884353742,63,42,1,1,1,1,1,1,1,1,1,1,1,-5,1
162.21410929705215,162.43469886621315,58,55,1,1,1,1,1,1,1,1,1,1,1,1,1,1,1,1,1,1,1
162.02834965986395,162.53918866213152,68,59,1,1,1,1,1,1,1,1,1,1,1,1,1,1,1,1,1,1,1,1,1,1,1,1,1,1,1,1,1,1,1,1,1,1,1,1,1,1,1,1,1,1,1,1
162.01673968253968,162.1444494331066,51,43,1,1,1,1,1,1,1,1,1,1,1
161.9819097505669,162.5507986394558,72,55,1,1,1,1,1,1,1,1,1,1,1,1,1,1,1,1,1,1,1,1,1,1,1,1,1,1,1,1,1,1,1,1,1,1,1,1,1,1,1,1,1,1,1,1,1,1,1,1,1
161.8890299319728,162.02834965986395,68,49,1,1,1,1,1,1,1,1,1,1,1,1
161.87741995464853,162.21410929705215,58,41,1,1,1,1,1,1,1,1,1,1,1,1,1,1,1,1,-5,-5,-5,-5,-5,-5,-5,1,1,1,1,1,1
161.70327029478457,161.9819097505669,72,56,1,1,1,1,1,1,1,1,1,1,1,1,1,1,1,1,1,1,1,1,1,1,1,1
161.70327029478457,161.8890299319728,68,41,1,1,1,1,1,1,1,1,1,1,1,1,1,1,1,1
161.6684403628118,161.84259002267575,63,43,1,1,1,1,1,1,1,1,1,1,1,1,1,1,1
161.55234058956916,161.74971020408162,61,49,-2,1,1,1,-2,1,1,1,1,1,1,1,1,1,1,1,1
161.51751065759638,161.6684403628118,63,33,1,1,1,1,1,1,1,1,1,1,-5,-5,-5
161.5059006802721,162.01673968253968,51,47,1,1,1,1,1,1,1,1,1,1,1,1,1,1,1,1,1,1,1,1,1,1,1,1,1,1,1,1,1,1,1,1,1,1,1,1,1,1,1,1,1,1,1,1
161.34336099773242,161.43624081632655,61,52,1,1,1,1,1,1,1,1
161.2853111111111,161.37819092970523,72,40,4,4,4,1,1,1,1,1
161.2853111111111,161.49429070294784,65,58,1,1,1,1,1,1,1,1,1,1,1,1,1,1,1,1,1,1
161.23887120181405,161.34336099773242,61,65,1,1,1,1,1,1,1,1,1
161.2272612244898,161.38980090702947,73,54,1,1,1,1,1,1,1,1,1,1,1,1,1,1
161.2272612244898,161.45946077097506,58,45,1,1,1,1,1,1,1,1,1,1,1,1,1,1,1,1,1,1,1,1
161.20404126984127,161.3549709750567,77,43,1,1,1,1,1,1,1,1,1,1,1,1,1
161.20404126984127,161.37819092970523,70,36,-2,-2,-2,1,1,1,1,1,1,1,1,1,1,1,1
161.06472154195012,161.15760136054422,56,39,4,4,1,1,1,1,1,4
161.04150158730158,161.20404126984127,69,39,1,1,1,1,1,1,1,1,0,0,0,0,0,1
160.97184172335602,161.20404126984127,57,65,1,1,1,1,1,1,1,1,1,1,1,1,1,1,1,1,1,1,1,1
160.8892879818594,160.97184172335602,57,63,1,1,1,1,1,1,1,1
160.87767800453517,161.04150158730158,69,51,1,1,1,1,1,1,1,1,1,1,1,1,1,1,1
160.7964081632653,160.8892879818594,72,37,1,1,1,1,1,1,1,1
160.78479818594104,161.2853111111111,65,54,1,1,1,1,1,1,1,1,1,1,1,1,1,1,1,1,1,1,1,1,1,1,1,1,1,1,1,1,1,1,1,1,1,1,1,1,1,1,1,1,1,1,1,1
160.78479818594104,160.87767800453517,58,29,-2,-2,-2,-2,1,1,1,-2
160.7731882086168,160.99506167800453,77,43,1,1,1,1,1,1,1,1,1,1,1,1,1,1,1,1,1,1,1,1
160.62225850340138,160.87767800453517,69,47,-2,1,1,1,1,1,1,1,1,1,1,1,1,1,1,1,1,1,1,1,1,1
160.58742857142857,160.7731882086168,77,42,1,1,1,1,1,1,1,1,1,1,1,1,1,1,1,1
160.58742857142857,160.8892879818594,57,53,1,1,1,1,1,1,1,1,1,1,1,1,1,1,1,1,1,1,1,1,1,1,1,1,1,1
160.57581859410433,160.78479818594104,65,71,1,1,1,1,1,1,1,1,1,1,1,1,1,1,1,1,1,1
160.44810884353743,160.7964081632653,72,43,1,1,1,1,1,1,1,1,1,1,1,1,1,1,1,1,1,1,1,1,1,1,1,1,1,1,1,1,1,1
160.44810884353743,160.57581859410433,65,69,1,1,1,1,1,1,1,1,1,1,1
160.43649886621316,160.62225850340138,68,41,1,1,1,1,1,1,1,1,1,1,1,1,1,1,1,1
160.42488888888892,160.63386848072562,61,29,1,1,1,1,1,1,1,1,1,1,-2,-2,1,1,1,1,1,1
160.28556916099774,160.43649886621316,68,54,1,1,1,1,1,1,1,1,1,1,1,1,1
160.21590929705218,160.32039909297055,60,37,1,1,1,1,1,1,1,1,1
160.16946938775513,160.44810884353743,65,79,1,1,1,1,1,1,1,1,1,1,1,1,1,1,1,1,1,1,1,1,1,1,1,1
160.076589569161,160.19268934240364,77,50,1,1,1,1,1,1,1,1,1,1
160.076589569161,160.16946938775513,65,60,1,1,1,1,1,1,1,1
160.06497959183676,160.2042993197279,56,29,1,1,1,1,1,1,1,1,1,1,1,1
159.9604897959184,160.18107936507937,53,67,1,1,1,1,1,1,1,1,1,1,1,1,1,1,1,1,1,1,1
159.86760997732426,160.01853968253968,85,48,1,1,1,1,1,1,1,1,1,1,1,1,1
159.86760997732426,159.9604897959184,53,88,1,1,1,1,1,1,1,1
159.82117006802721,160.076589569161,65,52,1,1,1,1,1,1,1,1,1,1,1,1,1,1,1,1,1,1,1,1,1,1
159.60058049886624,159.72829024943312,61,42,1,1,1,1,1,1,1,1,1,1,1
159.53092063492065,159.86760997732426,53,54,1,1,1,1,1,1,1,1,1,1,1,1,1,1,1,1,1,1,1,1,1,1,1,1,1,1,1,1,1
159.2638911564626,159.56575056689343,72,39,1,1,1,1,1,1,1,1,1,1,1,1,1,1,1,1,1,1,1,1,1,1,1,1,1,1
159.2638911564626,159.82117006802721,65,73,1,1,1,1,1,1,1,1,1,1,1,1,1,1,1,1,1,1,1,1,1,1,1,1,1,1,1,1,1,1,1,1,1,1,1,1,1,1,1,1,1,1,1,1,1,1,1,1
159.24067120181408,159.84439002267575,58,60,1,1,1,1,1,1,1,1,1,1,1,1,1,1,1,1,1,1,1,1,1,1,1,1,1,1,1,1,1,1,1,1,1,1,1,1,1,1,1,1,1,1,1,1,1,1,1,1,1,1,1,1
159.19423129251703,159.82117006802721,70,40,1,1,1,1,1,1,1,1,1,1,1,1,1,1,1,1,1,1,1,1,1,1,1,1,1,1,1,1,1,1,1,1,1,0,0,1,1,1,1,1,1,1,1,1,1,1,1,1,1,1,1,1,1,1
159.0084716553288,159.24067120181408,58,46,1,1,1,1,1,1,1,1,1,1,1,1,1,1,1,1,1,1,1,1
158.96203174603176,159.2638911564626,65,50,1,1,1,1,1,1,1,1,1,1,1,1,1,1,1,1,1,1,1,1,1,1,1,1,1,1
158.87947800453514,159.11296145124717,73,50,1,1,1,1,1,1,1,1,1,1,1,1,1,1,1,1,1,1,1,1,1
158.87947800453514,159.11296145124717,70,35,1,1,1,1,1,1,1,1,1,1,1,1,1,1,1,1,1,1,1,1,1
158.87947800453514,159.02008163265307,61,60,1,1,1,1,1,1,1,1,1,1,1,1,1
158.87947800453514,159.0084716553288,58,56,1,1,1,1,1,1,1,1,1,1,1,1
158.69371836734695,158.86786802721087,51,60,1,1,1,1,1,1,1,1,1,1,1,1,1,1,1
158.6472784580499,158.78659818594105,70,42,1,1,1,1,1,1,1,1,1,1,1,1
158.60083854875282,158.69371836734695,51,63,1,1,1,1,1,1,1,1
158.54278866213153,158.6472784580499,46,35,1,1,1,1,1,1,1,1,1
158.53117868480726,158.6472784580499,70,42,1,1,1,1,1,1,1,1,1,1
158.53117868480726,158.87947800453514,58,54,1,1,1,1,1,1,1,1,1,1,1,1,1,1,1,1,1,1,1,1,1,1,1,1,1,1,1,1,1,1
158.41507891156462,158.50795873015872,61,46,-2,1,1,1,1,1,1,-2
158.40346893424035,158.54278866213153,56,56,1,1,1,1,1,1,1,1,1,1,1,1
158.3338090702948,158.4847387755102,53,53,1,1,1,1,1,1,1,1,1,1,1,1,1
158.28736916099774,158.41507891156462,60,58,1,1,1,1,1,1,1,1,1,1,1
158.22931927437642,158.58922857142858,65,46,1,1,1,1,1,1,1,1,1,1,1,1,1,1,1,1,1,1,1,1,1,1,1,1,1,1,1,1,1,1,2
158.1712693877551,158.28736916099774,60,70,1,1,1,1,1,1,1,1,1,1
158.10160952380951,158.3338090702948,53,43,1,1,1,1,1,1,1,1,1,1,1,1,1,1,1,1,1,1,1,1
158.078389569161,158.21770929705215,73,45,1,1,1,1,1,1,1,1,1,1,1,1
158.078389569161,158.32219909297052,70,48,1,1,1,1,1,1,1,1,1,1,1,1,1,1,1,1,1,1,1,1,1
158.078389569161,158.22931927437642,65,47,1,1,1,1,1,1,1,1,1,1,1,1,1
158.078389569161,158.40346893424035,56,55,1,1,1,1,1,1,1,1,1,1,1,1,1,1,1,1,1,1,1,1,1,1,1,1,1,1,1,1
158.06677959183673,158.15965941043083,80,27,1,1,1,1,1,1,1,1
158.06677959183673,158.22931927437642,68,47,1,1,1,1,1,1,1,1,1,1,1,1,1,1
158.06677959183673,158.1712693877551,60,58,1,1,1,1,1,1,1,1,1
157.97389977324264,158.06677959183673,68,36,1,1,1,1,1,1,1,1
157.97389977324264,158.078389569161,56,68,1,1,1,1,1,1,1,1,1
157.93906984126983,158.06677959183673,60,60,1,1,1,1,1,1,1,1,1,1,1
157.91584988662132,158.10160952380951,53,59,1,1,1,1,1,1,1,1,1,1,1,1,1,1,1,1
157.6952603174603,157.81136009070295,56,54,1,1,1,1,1,1,1,1,1,1
157.53272063492062,157.6952603174603,56,56,1,1,1,1,1,1,1,1,1,1,1,1,1,1
157.40501088435374,157.56755056689343,70,66,1,1,1,1,1,1,1,1,1,1,1,1,1,1
157.31213106575964,157.40501088435374,70,67,1,1,1,1,1,1,1,1
157.30052108843537,157.68365034013604,61,55,1,1,1,1,1,1,1,1,1,1,1,1,1,1,1,1,1,1,1,1,1,1,1,1,1,1,1,1,1,1,1,1,1
157.25408117913832,157.6720403628118,58,65,1,1,1,1,1,1,1,1,1,1,1,1,1,1,1,1,1,1,1,1,1,1,1,1,1,1,1,1,1,1,1,1,1,1,1,1
157.196031292517,157.30052108843537,61,60,1,1,1,1,1,1,1,1,1
157.17281133786847,157.3585709750567,73,54,1,1,1,1,1,1,1,1,1,1,1,1,1,1,1,1
156.99866167800454,157.16120136054423,51,53,1,1,1,1,1,1,1,1,1,1,1,1,1,1
156.975441723356,157.25408117913832,58,42,-5,1,1,1,1,1,1,1,1,1,1,1,1,1,1,1,1,1,1,1,1,1,1,1
156.86966802721088,157.2889111111111,68,58,1,1,1,1,1,1,1,1,1,1,1,1,1,1,1,1,1,1,1,1,1,1,1,1,1,1,1,1,1,1,1,1,1,1,1,1,1
156.85805804988664,157.196031292517,56,56,1,1,1,1,1,1,1,1,1,1,1,1,1,1,1,1,1,1,1,1,1,1,1,1,1,1,1,1,1,1
156.8348380952381,156.99866167800454,60,48,-5,1,1,1,1,1,1,1,1,1,1,1,1,1,1
156.82322811791383,157.1379814058957,72,49,1,1,1,1,1,1,1,1,1,1,1,1,1,1,1,1,1,1,1,1,1,1,1,1,1,1,1,1
156.78839818594105,156.975441723356,58,51,1,1,1,1,1,1,1,1,1,1,1,1,1,-5,-5,-5,-5
156.76517823129254,156.91610793650796,80,64,1,1,1,1,1,1,1,1,1,1,1,1,1
156.76517823129254,156.85805804988664,56,51,1,1,1,1,1,1,1,1
156.60263854875285,157.17281133786847,63,57,1,1,1,1,1,1,1,1,1,1,1,1,1,1,1,1,1,1,1,1,1,1,1,1,1,1,1,1,1,1,1,1,1,1,1,1,1,1,1,1,1,1,1,1,1,1,1,1,1,1
156.56780861678004,156.8348380952381,60,61,1,1,1,1,1,1,1,1,1,1,1,1,1,1,1,1,1,1,1,1,1,1,-5
156.56780861678004,156.78839818594105,58,35,1,1,1,1,1,1,1,1,1,1,1,1,1,1,-5,-5,-5,-5,1
156.56780861678004,156.99866167800454,51,54,1,1,1,1,1,1,1,1,1,1,1,1,1,1,1,1,1,1,1,1,1,1,1,1,1,1,1,1,1,1,1,1,1,1,1,1,1,1
156.41687891156462,156.56780861678004,58,29,1,1,1,1,1,1,1,1,1,1,1,1,1
156.32399909297052,156.46331882086167,65,52,1,1,1,1,1,1,1,1,1,1,1,1
156.2427292517007,156.3588290249433,61,60,1,1,1,1,1,1,1,1,-2,-2
156.21950929705216,156.53297868480726,75,32,1,1,1,1,1,1,1,1,1,1,1,1,1,1,1,1,1,1,1,1,1,1,1,1,1,1,1
156.21950929705216,156.32399909297052,65,71,1,1,1,1,1,1,1,1,1
156.21950929705216,156.3936589569161,56,48,1,1,1,1,1,1,1,1,1,1,1,1,1,1,1
156.2078993197279,156.31238911564625,68,48,1,1,1,1,1,1,1,1,1
156.18467936507938,156.56780861678004,60,42,1,1,1,1,1,1,4,4,4,4,4,1,1,1,1,1,1,1,1,1,1,1,1,1,1,1,1,1,1,1,1,1,1
155.96408979591837,156.2078993197279,72,35,-5,4,4,4,4,1,1,1,1,1,1,1,1,1,1,1,1,1,1,1,1
155.96408979591837,156.21950929705216,65,39,-5,-5,1,1,1,1,1,1,-5,-5,1,1,1,1,1,1,1,1,1,1,1,1
155.96408979591837,156.18467936507938,60,44,1,1,1,1,1,1,1,1,1,1,1,1,1,1,1,1,4,1,1
155.96408979591837,156.1498494331066,58,45,1,1,1,1,1,1,1,1,1,1,1,1,1,1,1,1
155.96408979591837,156.06857959183674,53,46,1,1,1,1,1,1,1,1,1
155.87120997732427,156.300779138322,63,49,1,1,1,1,1,1,1,1,1,1,1,1,1,1,1,1,1,1,1,1,1,1,1,1,1,1,1,1,1,1,1,1,1,1,-5,-5,-5
155.8596,156.0221396825397,75,34,1,1,1,1,1,1,1,1,1,1,1,1,1,1
155.78994013605444,155.88281995464854,61,52,1,1,1,1,1,1,1,1
155.6970603174603,155.78994013605444,69,37,1,1,1,1,1,1,1,1
155.68545034013607,155.82477006802722,57,43,1,1,1,1,1,1,1,1,1,1,1,1
155.62740045351475,155.87120997732427,65,65,1,1,1,1,1,1,1,1,1,1,1,1,1,1,1,1,1,1,1,1,1
155.3603709750567,155.62740045351475,65,77,1,1,1,1,1,1,1,1,1,1,1,1,1,1,1,1,1,1,1,1,1,1,1
155.34876099773243,155.81316009070295,77,40,1,1,1,1,1,1,1,1,1,1,1,1,1,1,1,1,1,1,1,1,1,1,1,1,1,1,1,1,1,1,1,1,1,1,1,1,1,1,1,1
155.34876099773243,155.8944299319728,73,47,1,1,1,1,1,1,1,1,1,1,1,1,1,1,1,1,1,1,1,1,1,1,1,1,1,1,1,1,1,1,1,1,1,1,1,1,1,1,1,1,1,1,1,1,1,1,1
155.34876099773243,155.5809605442177,61,69,1,1,1,1,1,1,1,1,1,1,1,1,1,1,1,1,1,-2,-2,-2
155.30232108843538,155.55774058956916,68,43,1,1,1,1,1,1,1,1,1,1,1,1,1,1,1,1,1,1,1,1,1,1
155.2907111111111,155.68545034013607,57,32,-2,-2,-2,-2,-2,-2,-2,-2,-2,1,1,1,1,1,1,1,1,1,1,1,1,1,1,1,1,1,1,1,1,1,1,1,1,1
155.23266122448982,155.3603709750567,65,74,1,1,1,1,1,1,1,1,1,1,1
155.197831292517,155.61579047619048,53,44,1,1,1,1,1,1,1,1,1,1,1,1,1,1,1,1,1,1,1,1,1,1,1,1,1,1,1,1,1,1,1,1,1,1,1,1
155.1397814058957,155.34876099773243,73,51,-2,-2,1,1,1,1,1,1,1,1,1,1,1,1,1,1,1,1
155.1397814058957,155.34876099773243,61,72,1,1,1,1,1,1,1,1,1,1,1,1,1,1,1,1,1,1
154.9527378684807,155.1397814058957,61,49,-2,1,1,1,1,1,1,1,1,1,1,-2,-2,-2,-2,1,1
154.9295179138322,155.30232108843538,68,47,1,1,1,1,1,1,1,1,1,1,1,1,1,1,1,1,1,1,1,1,1,1,1,1,1,1,1,1,1,1,1,1,1
154.83663809523807,155.1397814058957,72,42,1,1,1,1,1,1,1,1,1,1,1,1,1,1,1,1,1,1,1,1,1,1,1,1,1,1,1
154.82502811791383,154.9295179138322,68,35,1,1,1,1,1,1,1,1,1
154.82502811791383,155.23266122448982,65,57,1,1,1,1,1,1,1,1,1,1,1,1,1,1,1,1,1,1,1,1,1,1,1,1,1,1,1,1,1,1,1,1,1,1,1,1
154.8018081632653,155.197831292517,53,39,1,1,1,1,1,1,1,1,1,1,1,1,1,1,1,1,1,1,1,1,1,1,1,1,1,1,1,1,1,1,1,1,1,1,1
154.7669782312925,154.9527378684807,60,53,1,1,1,1,1,1,1,1,1,1,1,1,1,1,1,1
154.68570839002265,154.82502811791383,65,54,1,1,1,1,1,1,1,1,1,1,1,1
154.53477868480724,154.7669782312925,60,50,1,1,1,1,1,1,1,1,1,1,1,1,1,1,1,1,1,1,1,1
154.523168707483,154.83663809523807,72,55,1,1,1,1,1,1,1,1,1,1,1,1,1,1,1,1,1,1,1,1,1,1,1,1,1,1,1
154.51155873015873,154.8018081632653,53,67,1,1,1,1,1,1,1,1,1,1,1,1,1,1,1,1,1,1,1,1,1,1,1,1,1
154.49994875283446,154.6160485260771,63,46,1,1,1,1,1,1,1,1,1,1
154.4883387755102,154.91790793650793,77,45,1,1,1,1,1,1,1,1,1,1,1,1,1,1,1,1,1,1,1,1,1,1,1,1,1,1,1,1,1,1,1,1,1,1,1,1,1
154.4883387755102,154.82502811791383,68,41,1,1,1,1,1,1,1,1,1,1,1,1,1,1,1,1,1,1,1,1,1,1,1,1,1,1,1,1,1
154.44189886621314,154.5463886621315,58,36,1,1,1,1,1,1,1,1,1
154.3954589569161,154.51155873015873,53,57,1,1,1,1,1,1,1,1,1,1
154.38384897959182,154.53477868480724,60,29,1,1,1,1,1,1,1,1,-5,-5,-5,1,1
154.302579138322,154.3954589569161,53,56,1,1,1,1,1,1,1,1
154.17486938775508,154.38384897959182,60,47,1,1,1,1,1,1,1,1,-5,-5,-5,-5,-5,-5,1,1,1,1
154.16325941043084,154.44189886621314,58,51,1,1,1,1,1,1,1,1,1,1,1,1,1,1,1,1,1,1,1,1,1,1,1,1
153.89622993197278,154.17486938775508,60,55,-5,-5,1,1,1,1,1,1,1,1,1,1,1,1,1,1,1,1,1,1,1,1,1,1
153.8614,154.68570839002265,65,76,1,1,1,1,1,1,1,1,1,1,1,1,1,1,1,1,1,1,1,1,1,1,1,1,1,1,1,1,1,1,1,1,1,1,1,1,1,1,1,1,1,1,1,1,1,1,1,1,1,1,1,1,1,1,1,1,1,1,-5,-5,-5,-5,-5,-5,1,1,1,1,1,1,1
153.8614,154.16325941043084,58,47,1,1,1,1,1,1,1,1,1,1,1,1,1,1,1,1,1,1,1,1,1,1,1,1,1,1
153.8265700680272,154.38384897959182,51,59,1,1,1,1,1,1,1,1,1,1,1,1,1,1,1,1,1,1,1,1,1,1,1,1,1,1,1,1,1,1,1,1,1,1,1,1,1,1,1,1,1,1,1,1,1,1,1,1
153.74530022675737,153.8614,58,58,1,1,1,1,1,1,1,1,1,1
153.43183083900226,153.58276054421768,61,56,1,1,1,1,1,1,1,1,1,1,1,1,1
153.33895102040816,153.43183083900226,61,77,1,1,1,1,1,1,1,1
153.2925111111111,153.68725034013605,73,39,1,1,1,1,1,1,1,1,1,1,1,1,1,1,1,1,1,1,0,0,1,1,1,1,-2,-2,-2,-2,0,0,1,1,1,1
153.21124126984125,153.46666077097504,58,49,1,1,1,1,1,1,1,1,1,1,1,1,1,1,1,1,1,1,1,1,1,1
153.18802131519274,153.4782707482993,51,57,1,1,1,1,1,1,1,1,1,1,1,1,1,1,1,1,1,1,1,1,1,1,1,1,1
153.1648013605442,153.2576811791383,63,36,1,1,1,1,1,1,1,1
153.1415814058957,153.35056099773243,82,33,1,1,1,1,1,1,1,1,1,1,1,0,0,0,0,1,1,1
153.10675147392288,153.28090113378684,65,47,1,1,1,1,1,1,1,1,1,1,1,1,1,1,1
153.06031156462583,153.33895102040816,61,54,1,1,1,1,1,1,1,1,1,1,1,1,1,1,1,1,1,1,1,1,1,1,1,1
153.04870158730157,153.420220861678,77,34,1,1,1,1,1,1,1,1,1,1,1,1,1,1,1,1,1,1,1,1,1,1,1,1,1,1,1,1,1,1,1,1
153.03709160997732,153.21124126984125,58,33,-5,1,1,1,1,1,1,1,1,1,1,1,1,1,1
153.00226167800452,153.2576811791383,46,38,1,1,1,1,1,1,1,1,1,1,1,1,1,1,1,1,1,1,1,1,1,1
152.979041723356,153.10675147392288,56,40,1,1,1,1,1,1,1,1,1,1,1
152.96743174603174,153.08353151927437,44,51,1,1,1,1,1,1,1,1,1,1
152.8384380952381,152.979041723356,58,54,1,1,1,1,1,1,1,1,1,1,1,1,1
152.75716825396825,153.1415814058957,53,47,1,1,1,1,1,1,1,1,1,1,1,1,1,1,1,1,1,1,1,1,1,1,1,1,1,1,1,1,1,1,1,1,1,1
152.68750839002269,152.79199818594105,73,34,1,1,1,1,1,1,1,1,1
152.67589841269842,152.78038820861678,61,45,1,1,1,1,1,1,1,1,1
152.60623854875283,152.8384380952381,58,34,-5,-5,-5,1,1,1,1,1,1,1,1,1,1,1,1,-2,1,1,1,1
152.58301859410432,152.90809795918366,65,43,1,1,1,1,1,1,1,1,1,-5,-5,1,1,1,1,1,1,1,1,1,1,1,1,1,1,1,1,1
152.57140861678005,152.72233832199547,80,39,1,1,1,1,1,1,1,1,1,1,1,1,1
152.57140861678005,152.75716825396825,53,80,1,1,1,1,1,1,1,1,1,1,1,1,1,1,1,1
152.5481886621315,152.7107283446712,63,40,1,1,1,1,1,1,1,1,1,1,1,1,1,1
152.5481886621315,152.745558276644,56,57,1,1,1,1,1,1,1,1,1,1,1,1,1,1,1,1,1
152.5481886621315,152.7107283446712,46,45,1,1,1,1,1,1,1,1,1,1,1,1,1,1
152.47852879818595,152.57140861678005,53,57,1,1,1,1,1,1,1,1
152.2114993197279,152.4553088435374,63,74,1,1,1,1,1,1,1,1,1,1,1,1,1,1,1,1,1,1,1,1,1
152.15344943310657,152.5481886621315,56,52,1,1,1,1,1,1,1,1,1,1,1,1,1,1,1,1,1,1,1,1,1,1,1,1,1,1,1,1,1,1,1,1,1,1
152.15344943310657,152.32759909297053,51,34,1,1,1,1,1,1,1,1,1,1,1,1,1,1,1
152.03734965986393,152.15344943310657,73,40,-2,-2,1,1,1,1,1,1,1,1
151.99090975056689,152.1766693877551,65,45,-5,1,1,1,1,1,-5,-5,1,1,1,1,1,1,1,1
151.9560798185941,152.2114993197279,63,67,1,1,1,1,1,1,1,1,1,1,1,1,1,1,1,1,1,1,1,1,1,1
151.90963990929706,152.083789569161,61,40,1,1,1,1,1,1,1,1,1,1,1,1,1,1,1
151.8632,152.16505941043084,68,52,1,1,1,1,1,1,1,1,1,1,1,1,1,1,1,1,1,1,1,1,1,1,1,1,1,1
151.75871020408164,152.0257396825397,70,34,1,1,1,1,1,1,1,1,1,1,1,1,1,1,-5,1,-5,-5,-5,1,1,1,1
151.75871020408164,151.8632,68,35,1,1,1,1,1,1,1,1,1
151.74710022675737,151.9560798185941,63,29,-5,-5,1,1,1,1,1,1,1,-5,-5,-5,-5,-5,-5,-5,-5,-5
151.72388027210886,152.0257396825397,49,45,1,1,1,1,1,1,1,1,1,1,1,1,1,1,1,1,1,1,1,1,1,1,1,1,1,1
151.7122702947846,151.90963990929706,61,54,1,1,1,1,1,1,1,1,1,1,1,1,1,1,1,1,1
151.6193904761905,151.78193015873015,72,47,1,1,1,1,1,1,1,1,1,1,1,1,1,1
151.6193904761905,151.74710022675737,63,44,1,1,1,1,1,1,1,1,-5,-5,-5
151.58456054421768,151.70066031746032,56,50,1,1,1,1,1,1,1,1,1,1
151.52651065759636,151.7122702947846,61,62,1,1,1,1,1,1,1,1,1,1,1,1,-2,-2,-2,1
151.50329070294785,151.60778049886622,68,39,1,1,1,1,1,1,1,1,1
151.3291410430839,151.422020861678,80,45,1,1,1,1,1,1,1,1
151.2362612244898,151.50329070294785,68,53,1,1,1,1,1,1,1,1,1,1,1,1,1,1,1,1,1,1,1,1,1,0,0
151.2362612244898,151.39880090702948,60,57,1,1,1,1,1,1,1,1,1,1,1,1,1,1
151.2362612244898,151.58456054421768,56,58,1,1,1,1,1,1,1,1,1,1,1,1,1,1,1,1,1,1,1,1,1,1,1,1,1,1,1,1,1,1
151.06211156462584,151.39880090702948,72,44,1,1,1,1,1,1,1,1,1,1,1,1,1,1,1,1,1,1,1,1,1,1,1,1,1,1,1,1,1
150.97955782312926,151.2362612244898,56,59,1,1,1,1,1,1,1,1,1,1,1,1,1,1,1,1,1,1,1,1,1,1,1
150.9331179138322,151.2362612244898,68,42,1,1,1,1,1,1,1,1,1,1,1,1,1,1,1,1,1,1,1,1,1,1,1,1,1,1,1
150.8750680272109,150.97955782312926,56,56,1,1,1,1,1,1,1,1,1
150.86345804988665,151.6193904761905,63,45,1,1,1,1,1,1,1,1,1,1,1,1,1,1,1,1,1,1,1,1,1,1,1,1,1,1,1,1,1,1,1,1,1,1,1,1,1,1,1,1,1,1,1,1,1,1,1,1,1,1,1,1,1,1,0,0,1,1,1,1,1,1,1,1,1,1
150.85184807256238,151.0505015873016,51,55,1,1,1,1,1,1,1,1,1,1,1,1,1,1,1,1,1,1
150.75896825396828,150.86345804988665,63,50,-5,1,1,1,1,1,1,1,1
150.70091836734696,150.88667800453516,70,37,1,1,1,1,1,1,1,1,1,1,1,1,1,1,1,1
150.6893083900227,151.3291410430839,80,36,1,1,1,1,1,1,1,1,1,1,1,1,1,1,1,1,1,1,1,1,1,1,1,1,1,1,1,1,1,1,1,1,1,1,1,1,1,1,1,1,1,1,1,1,1,1,1,1,1,1,1,1,1,1,1,1
150.58481859410432,150.85184807256238,53,66,1,1,1,1,1,1,1,1,1,1,1,1,1,1,1,1,1,1,1,1,1,1,1
150.526768707483,150.80540816326533,77,37,1,1,1,1,1,1,1,1,1,1,1,1,1,1,1,1,1,1,1,1,1,1,1,1
150.526768707483,150.6544784580499,73,31,-2,-2,-2,-2,-2,0,1,1,1,1,1
150.51515873015873,150.77057823129252,61,64,1,1,1,1,1,1,1,1,1,1,1,1,1,1,1,1,1,1,1,1,1,1
150.5035487528345,150.7821882086168,65,51,1,1,1,1,1,1,1,1,1,1,1,1,1,1,1,1,1,1,1,1,1,1,1,1
150.49193877551022,150.81701814058957,58,48,1,1,1,1,1,1,1,1,1,1,1,1,1,1,1,1,1,1,1,1,1,1,1,1,1,1,1,1
150.28295918367348,150.5035487528345,69,58,1,1,1,1,1,1,1,1,1,1,1,1,1,1,1,1,1,1,1
150.2713492063492,150.526768707483,77,41,1,1,1,1,1,1,1,1,1,1,1,1,1,1,1,1,1,1,1,1,1,1
150.23651927437643,150.37583900226758,72,41,1,1,1,1,4,4,4,1,1,1,1,1
150.2132993197279,150.4338888888889,57,68,1,1,1,1,1,1,1,1,1,1,1,1,1,1,1,1,1,1,1
150.20168934240365,150.5035487528345,65,53,1,1,1,1,1,1,1,1,1,1,1,1,1,1,1,1,1,1,1,1,1,1,1,1,1,1
150.13202947845807,150.37583900226758,81,37,1,1,1,1,1,1,1,1,1,1,1,1,1,1,1,1,1,1,1,1,1
150.10880952380953,150.58481859410432,53,57,1,1,1,1,1,1,1,1,1,1,1,1,1,1,1,1,1,1,1,1,1,1,1,1,1,1,1,1,1,1,1,1,1,1,1,1,1,1,1,1,1
150.09719954648529,150.2713492063492,77,64,1,1,1,1,1,1,1,1,1,1,1,1,1,1,1
150.07397959183675,150.23651927437643,73,55,1,1,1,1,1,1,1,1,1,1,1,1,1,1
150.0507596371882,150.15524943310658,68,42,1,1,1,1,1,1,1,1,1
149.92304988662133,150.28295918367348,69,42,1,1,1,1,1,1,1,1,1,1,1,-2,-2,-2,1,1,1,1,-2,-2,-2,-2,1,1,1,1,1,1,1,1,1
149.92304988662133,150.2132993197279,57,60,1,1,1,1,1,1,1,1,1,1,1,1,1,1,1,1,1,1,1,1,1,1,1,1,1
149.92304988662133,150.10880952380953,53,72,1,1,1,1,1,1,1,1,1,1,1,1,1,1,1,1
149.8998299319728,150.13202947845807,81,37,1,1,1,1,1,1,1,1,1,1,1,1,1,1,-2,-2,-2,1,1,1
149.8998299319728,150.07397959183675,72,29,4,4,1,1,4,4,4,4,4,4,4,4,4,1,1
149.79534013605442,150.20168934240365,65,49,1,1,1,1,1,1,1,1,1,1,1,1,1,1,1,1,1,1,1,1,1,1,1,1,1,1,1,1,1,1,1,1,1,1,1
149.76051020408164,149.8998299319728,72,47,1,1,1,1,1,1,1,1,1,1,4,4
149.7140702947846,150.09719954648529,77,45,1,1,1,1,1,1,1,1,1,1,1,1,1,1,1,1,1,1,1,1,1,1,1,1,1,1,1,1,1,1,1,1,1
149.644410430839,149.76051020408164,80,50,1,1,1,1,1,1,1,1,1,1
149.6211904761905,149.73729024943313,61,46,1,1,1,1,1,1,1,1,1,1
149.6211904761905,149.92304988662133,53,50,1,1,1,1,1,1,1,1,1,1,1,1,1,1,1,1,1,1,1,1,1,1,1,1,1,1
149.57475056689344,149.92304988662133,68,42,1,1,1,1,1,1,1,1,1,1,1,1,1,1,1,1,1,1,1,1,1,1,1,1,1,1,1,1,1,1
149.42382086167802,149.76051020408164,56,60,1,1,1,1,1,1,1,1,1,1,1,1,1,1,1,1,1,1,1,1,1,1,1,1,1,1,1,1,1
149.2728911564626,149.79534013605442,65,68,1,1,1,1,1,1,1,1,1,1,1,1,1,1,1,1,1,1,1,1,1,1,1,1,1,1,1,1,1,1,1,1,1,1,1,1,1,1,1,1,1,1,1,1,1
149.2380612244898,149.7140702947846,77,47,1,1,1,1,1,1,1,1,1,1,1,1,1,1,1,1,1,1,1,1,1,1,1,1,1,1,1,1,1,1,1,1,1,1,1,1,1,1,1,1,1
149.2148412698413,149.57475056689344,68,47,1,1,1,1,1,1,1,1,1,1,1,1,1,1,1,1,1,1,1,1,1,1,1,1,1,1,1,1,1,1,1
149.20323129251702,149.33094104308393,57,45,1,1,1,1,1,1,1,1,1,1,1
149.19162131519275,149.6211904761905,53,57,1,1,1,1,1,1,1,1,1,1,1,1,1,1,1,1,1,1,1,1,1,1,1,1,1,1,1,1,1,1,1,1,1,1,1,1,1
149.06391156462587,149.15679138321997,65,53,1,1,1,1,1,1,1,1
148.99425170068028,149.19162131519275,53,64,1,1,1,1,1,1,1,1,1,1,1,1,1,1,1,1,1
148.8768680272109,148.99425170068028,54,47,1,1,1,1,1,1,1,1,1,1,1
148.8072081632653,149.06391156462587,65,75,1,1,1,1,1,1,1,1,1,1,1,1,1,1,1,1,1,1,1,1,1,1,1
148.6214485260771,148.8072081632653,65,87,1,1,1,1,1,1,1,1,1,1,1,1,1,1,1,1
148.52856870748298,149.09874149659865,58,70,1,1,1,1,1,1,1,1,1,1,1,1,1,1,1,1,1,1,1,1,1,1,1,1,1,1,1,1,1,1,1,1,1,1,1,1,1,1,1,1,1,1,1,1,1,1,1,1,1,1
148.50534875283446,148.91169795918367,77,43,1,1,1,1,1,1,1,1,1,1,1,1,1,1,1,1,1,1,1,1,1,1,1,1,1,1,1,1,1,1,1,1,1,1,1
148.50534875283446,148.6214485260771,65,85,1,1,1,1,1,1,1,1,1,1
148.41246893424037,148.99425170068028,70,44,1,1,1,1,1,1,1,1,1,1,1,1,1,1,1,1,1,1,1,1,1,1,1,1,1,1,1,1,1,1,1,1,1,1,1,1,1,1,1,1,1,1,1,1,1,1,1,1,1,1,1
148.41246893424037,148.52856870748298,58,59,1,1,1,1,1,1,1,1,1,1
148.35441904761905,148.45890884353742,53,47,1,1,1,1,1,1,1,1,1
148.31958911564627,148.45890884353742,68,36,1,1,1,1,1,1,1,1,1,1,1,1
148.29636916099773,148.4008589569161,73,51,1,1,1,1,1,1,1,1,1
148.16865941043085,148.50534875283446,77,43,1,1,1,1,1,1,1,1,1,1,1,1,1,1,1,1,1,1,1,1,1,1,1,1,1,1,1,1,1
148.16865941043085,148.307979138322,65,41,1,1,1,1,1,1,1,1,1,1,1,1
148.16865941043085,148.41246893424037,58,67,1,1,1,1,1,1,1,1,1,1,1,1,1,1,1,1,1,1,1,1,1
148.15704943310658,148.36602902494332,56,43,1,1,1,1,1,1,1,1,1,1,1,1,1,1,1,1,1,1
147.94806984126984,148.0525596371882,56,46,1,1,1,1,1,1,1,1,1
147.93645986394557,148.22670929705214,61,52,1,1,1,1,1,1,1,1,1,1,1,1,1,1,1,1,1,1,1,1,1,1,1,1,1
147.9016299319728,148.1802693877551,51,69,1,1,1,1,1,1,1,1,1,1,1,1,1,1,1,1,1,1,1,1,1,1,1,1
147.89001995464852,147.9945097505669,70,45,1,1,1,1,1,1,1,1,1
147.89001995464852,148.16865941043085,58,42,1,1,1,1,1,1,1,1,1,1,1,1,1,1,1,1,1,1,1,1,1,1,1,1
147.71587029478457,147.93645986394557,61,46,1,1,1,1,1,1,1,1,1,1,1,1,1,1,1,1,1,1,1
147.65782040816325,147.8087501133787,53,62,1,1,1,1,1,1,1,1,1,1,1,1,1
147.63460045351474,147.72748027210883,65,36,-5,1,1,1,1,1,1,1
147.5533306122449,147.72748027210883,77,42,1,1,1,1,1,1,1,1,1,1,1,1,1,1,1
147.54172063492064,147.70426031746032,81,51,1,1,1,1,1,1,1,1,1,1,1,1,1,1
147.54172063492064,147.71587029478457,61,49,1,1,1,1,1,1,1,1,1,1,1,1,1,1,1
147.2398612244898,147.54172063492064,61,76,1,1,1,1,1,1,1,1,1,1,1,1,1,1,1,1,1,1,1,1,1,1,1,1,1,1
147.22825124716553,147.65782040816325,53,69,1,1,1,1,1,1,1,1,1,1,1,1,1,1,1,1,1,1,1,1,1,1,1,1,1,1,1,1,1,1,1,1,1,1,1,1,1
147.21664126984126,147.3327410430839,80,41,1,1,1,1,1,1,1,1,1,1
147.21664126984126,147.43723083900227,68,53,1,1,1,1,1,1,1,1,1,1,1,1,1,1,1,1,1,1,1
147.21664126984126,147.68104036281179,63,44,1,1,1,1,-5,-5,-5,-5,-5,-5,-5,-5,-5,-5,-5,-5,-5,-5,-5,-5,1,1,1,1,1,1,1,1,1,1,1,1,1,1,1,1,1,1,1,1
147.19342131519275,147.41401088435373,44,47,1,1,1,1,1,1,1,1,1,1,1,1,1,1,1,1,1,1,1
147.05410158730157,147.21664126984126,68,47,1,1,1,1,1,1,1,1,1,1,1,1,1,1
147.04249160997733,147.13537142857143,72,45,1,1,1,1,1,1,1,1
147.04249160997733,147.2398612244898,60,51,1,1,1,1,1,1,1,1,1,1,1,1,1,1,1,1,1
146.94832789115648,147.04249160997733,72,31,-5,1,1,1,1,1,1,1,1
146.94832789115648,147.04249160997733,60,32,1,1,1,1,1,1,1,1,1
146.89027800453516,147.22825124716553,53,41,1,1,1,1,1,1,1,1,1,1,1,1,1,1,1,1,1,1,1,1,1,1,1,1,1,1,1,1,1,1
146.8438380952381,146.95993786848072,58,45,1,1,1,1,1,1,1,1,1,1
146.83222811791384,147.05410158730157,68,55,1,1,1,1,1,1,1,1,1,1,1,1,1,1,1,1,1,1,1,1
146.82061814058957,146.94832789115648,80,44,1,1,1,1,1,1,1,1,1,1,1
146.82061814058957,147.21664126984126,63,54,1,1,1,1,1,1,1,1,1,1,1,1,1,1,1,1,1,1,1,1,1,1,1,1,1,1,1,1,1,1,1,1,1,1,1
146.58841859410433,146.82061814058957,60,52,1,1,1,1,1,1,1,1,1,1,1,1,1,1,1,1,1,1,1,1
146.55358866213152,146.83222811791384,68,54,1,1,1,1,1,1,1,1,1,1,1,1,1,1,1,1,1,1,1,1,1,1,1,1
146.4026589569161,146.55358866213152,68,69,1,1,1,1,1,1,1,1,1,1,1,1,1
146.36782902494332,146.530368707483,65,45,1,1,1,1,1,1,1,1,1,1,1,1,1,1
146.2401192743764,146.4026589569161,53,59,1,1,1,1,1,1,1,1,1,1,1,1,1,1
146.2168993197279,146.309779138322,56,51,1,1,1,1,1,1,1,1
146.18206938775512,146.309779138322,80,55,1,1,1,1,1,1,1,1,1,1,1
146.17045941043085,146.4026589569161,68,51,1,1,1,1,1,1,1,1,1,1,1,1,1,1,1,1,1,1,1,1
146.17045941043085,146.36782902494332,65,30,-5,-5,-5,-5,-5,1,1,1,1,1,1,-5,-5,-5,-5,-5,-5
146.15884943310658,146.82061814058957,63,45,1,1,1,1,1,1,1,1,1,1,1,1,1,1,1,1,1,1,1,1,1,1,1,1,1,1,1,1,1,1,1,1,1,1,1,1,1,1,1,1,1,1,1,1,1,1,1,1,1,1,1,1,1,1,1,1,1
146.04274965986394,146.18206938775512,80,27,1,1,1,1,1,1,1,1,1,1,1,1
145.91503990929706,146.15884943310658,63,65,-5,1,1,1,1,1,1,1,1,1,1,1,1,1,1,1,1,1,1,1,1
145.88020997732426,146.2168993197279,56,38,1,1,1,1,1,1,1,1,1,1,1,1,1,1,1,1,1,1,1,1,1,1,1,1,1,1,1,1,1
145.7176702947846,145.88020997732426,80,45,1,1,1,1,1,1,1,1,1,1,1,1,1,1
145.7176702947846,146.07757959183675,65,33,1,1,1,1,1,1,1,1,1,1,1,1,1,1,1,1,1,1,1,1,-5,1,1,1,-5,-5,-5,-5,-5,-5,-5
145.7176702947846,146.01952970521543,61,57,-2,1,1,1,1,1,1,1,1,1,1,1,1,1,1,1,1,1,1,1,1,1,1,1,1,1
145.70606031746033,145.8105501133787,72,43,1,1,1,1,1,1,1,1,1
145.53191065759637,145.7176702947846,65,37,-5,-5,-5,-5,-5,1,1,1,-5,1,1,1,1,1,1,1
145.4622507936508,146.17045941043085,68,59,1,1,1,1,1,1,1,1,1,1,1,1,1,1,1,1,1,1,1,1,1,1,1,1,1,1,1,1,1,1,1,1,1,1,1,1,1,1,1,1,1,1,1,1,1,1,1,1,1,1,1,1,1,1,1,1,1,1,1,1,1
145.45064081632654,145.7176702947846,63,49,1,1,1,1,1,1,1,1,1,1,1,1,1,1,1,1,1,1,1,1,1,1,1
145.36937097505668,145.48547074829932,53,49,1,1,1,1,1,1,1,1,1,1
145.25327120181407,145.36937097505668,61,53,1,1,1,1,1,1,1,1,1,1
145.25327120181407,145.36937097505668,53,62,1,1,1,1,1,1,1,1,1,1
145.16039138321997,145.25327120181407,61,67,1,1,1,1,1,1,1,1
145.16039138321997,145.45064081632654,58,62,1,1,1,1,1,1,1,1,1,1,1,1,1,1,1,1,1,1,1,1,1,1,1,1,1
144.98495782312924,145.16039138321997,61,34,1,1,1,-2,-2,-2,-2,-2,-2,1,1,1,1,1,1,1
144.96173786848072,145.12556145124717,68,54,1,1,1,1,1,1,1,1,1,1,1,1,1,1,1
144.9036879818594,145.25327120181407,53,49,1,1,1,1,1,1,1,1,1,1,1,1,1,1,1,1,1,1,1,1,1,1,1,1,1,1,1,1,1,1,1
144.8456380952381,145.25327120181407,73,43,1,1,1,1,1,1,1,1,1,1,1,1,1,1,1,1,1,1,1,-2,-2,-2,-2,1,1,1,1,1,1,1,-2,1,1,1,1,1
144.8456380952381,144.96173786848072,68,63,1,1,1,1,1,1,1,1,1,1
144.8456380952381,145.10234149659865,57,62,1,1,1,1,1,1,1,1,1,1,1,1,1,1,1,1,1,1,1,1,1,1,1
144.79919818594104,144.89207800453514,65,49,1,1,1,1,1,1,1,1
144.79919818594104,145.00817777777777,63,37,-5,7,1,1,1,1,1,1,1,1,1,1,1,1,1,1,1,1
144.79919818594104,144.98495782312924,60,52,1,1,1,1,1,1,1,1,1,1,1,1,1,1,1,1
144.69470839002267,144.9036879818594,53,50,1,1,1,1,1,1,1,1,1,1,1,1,1,1,1,1,1,1
144.67148843537413,144.8456380952381,77,43,1,1,1,1,1,1,1,1,1,1,1,1,1,1,1
144.67148843537413,144.8456380952381,69,48,1,1,1,1,1,1,1,1,1,1,1,1,1,1,-2
144.67148843537413,144.79919818594104,65,71,1,1,1,1,1,1,1,1,1,1,1
144.6598784580499,144.8456380952381,73,34,1,1,1,1,1,1,1,1,1,1,1,1,1,1,1,1
144.6598784580499,144.79919818594104,61,56,1,1,1,1,1,1,1,1,1,1,1,1
144.6598784580499,144.8456380952381,57,65,1,1,1,1,1,1,1,1,1,1,1,1,1,1,1,1
144.57860861678003,144.69470839002267,53,54,1,1,1,1,1,1,1,1,1,1
144.54377868480725,144.67148843537413,69,63,-2,-2,-2,-2,1,1,1,1,1,1,1
144.54377868480725,144.67148843537413,65,75,1,1,1,1,1,1,1,1,1,1,1
144.53216870748298,144.6598784580499,60,53,1,1,1,1,1,1,1,1,1,1,1
144.48572879818593,144.57860861678003,53,60,1,1,1,1,1,1,1,1
144.39284897959183,144.57860861678003,72,41,1,1,1,1,1,1,1,1,1,1,1,1,1,1,1,1
144.34640907029478,144.54377868480725,68,48,1,1,1,1,1,1,1,1,1,1,1,1,1,1,1,1,1
144.31157913832197,144.41606893424034,61,54,1,1,1,1,1,1,1,1,1
144.29996916099773,144.54377868480725,65,82,1,1,1,1,1,1,1,1,1,1,1,1,1,1,1,1,1,1,1,1,1
144.24191927437641,144.39284897959183,73,55,1,1,1,1,1,1,1,1,1,1,1,1,1
144.14903945578232,144.29996916099773,65,88,1,1,1,1,1,1,1,1,1,1,1,1,1
144.14903945578232,144.29996916099773,56,55,1,1,1,1,1,1,1,1,1,1,1,1,1
144.13742947845805,144.4044589569161,77,51,1,1,1,1,1,1,1,1,1,1,1,1,1,1,1,1,1,1,1,1,1,1,1
144.12581950113378,144.34640907029478,68,59,1,1,1,1,1,1,1,1,1,1,1,1,1,1,1,1,1,1,1
144.06776961451246,144.31157913832197,61,51,1,1,1,1,1,1,1,1,1,1,1,1,1,1,1,1,1,1,1,1,1
144.04454965986395,144.24191927437641,73,38,1,1,1,1,1,1,1,1,1,1,1,1,1,1,1,1,1
144.0213297052154,144.14903945578232,56,47,4,4,1,1,1,1,1,1,1,1,1
144.00971972789114,144.13742947845805,77,54,1,1,1,1,1,1,1,1,1,1,1
143.90522993197277,144.14903945578232,65,52,1,1,1,1,1,1,1,1,1,1,1,1,1,1,1,1,1,1,1,1,1
143.89361995464853,144.04454965986395,69,52,1,1,1,1,1,1,1,1,1,1,1,1,1
143.89361995464853,144.06776961451246,61,45,1,1,1,1,1,1,1,1,1,1,1,1,1,1,1
143.89361995464853,144.17225941043083,49,35,1,1,1,1,1,1,1,1,1,1,1,1,1,1,1,1,1,1,1,1,1,1,1,1
143.8355700680272,144.0213297052154,57,69,1,1,1,1,1,1,1,1,1,1,1,1,1,1,1,1
143.81235011337867,144.48572879818593,53,66,1,1,1,1,1,1,1,1,1,1,1,1,1,1,1,1,1,1,1,1,1,1,1,1,1,1,1,1,1,1,1,1,1,1,1,1,1,1,1,1,1,1,1,1,1,1,1,1,1,1,1,1,1,1,1,1,1,1
143.69625034013603,143.81235011337867,70,61,1,1,1,1,1,1,1,1,1,1
143.69625034013603,143.90522993197277,65,47,1,1,1,1,1,1,1,1,1,1,1,1,1,1,1,1,1,1
143.67303038548752,143.81235011337867,53,42,1,1,1,1,1,1,1,1,1,1,1,1
143.4872707482993,143.66142040816325,73,46,-2,-2,1,1,1,1,1,1,1,1,1,1,1,1,1
143.4872707482993,143.7078603174603,61,61,1,1,1,1,1,1,1,1,1,1,1,1,1,1,1,1,1,1,1
143.4872707482993,143.7078603174603,58,63,1,1,1,1,1,1,1,1,1,1,1,1,1,1,1,1,1,1,1
143.46405079365078,143.69625034013603,70,62,1,1,1,1,1,1,1,1,1,1,1,1,1,1,1,1,1,1,1,1
143.31312108843537,143.67303038548752,54,55,1,1,1,1,1,1,1,1,1,1,1,1,1,1,1,1,1,1,1,1,1,1,1,1,1,1,1,1,1,1,1
143.28990113378683,143.4872707482993,73,51,1,1,1,1,1,1,1,1,1,1,1,1,1,1,1,-2,-2
143.24346122448978,143.69625034013603,65,81,1,1,1,1,1,1,1,1,1,1,1,1,1,1,1,1,1,1,1,1,1,1,1,1,1,1,1,1,1,1,1,1,1,1,1,1,1,1,1
143.22024126984127,143.429220861678,68,45,1,1,1,1,1,1,1,1,1,1,1,1,1,1,1,1,1,1
143.19702131519273,143.28990113378683,73,39,1,1,1,1,1,1,1,1
143.10414149659863,143.24346122448978,65,83,1,1,1,1,1,1,1,1,1,1,1,1
143.09253151927436,143.2782911564626,77,50,1,1,1,1,1,1,1,1,1,1,1,1,1,1,1,1
143.0460916099773,143.4872707482993,58,59,1,1,1,1,1,1,1,1,1,1,1,1,1,1,1,1,1,1,1,1,1,1,1,1,1,1,1,1,1,1,1,1,1,1,1,1,1,1
143.03448163265304,143.46405079365078,70,38,1,1,1,1,1,1,1,1,1,1,1,1,1,1,1,1,1,1,-5,-5,1,1,1,-5,-5,-5,-5,1,1,1,1,1,1,1,1,1,1
143.02158775510205,143.22024126984127,68,42,1,1,1,1,1,1,1,1,1,1,1,1,1,1,1,1,1,1
142.91709795918368,143.10414149659863,65,42,1,1,1,1,1,1,1,1,1,1,1,1,1,1,1,1,1
142.87065804988663,143.0460916099773,58,65,1,1,1,1,1,1,1,1,1,1,1,1,1,1,1,1
142.61523854875284,142.85904807256236,65,34,1,1,1,1,1,1,1,1,1,1,1,1,1,1,1,1,1,1,1,1,1
142.60362857142857,143.12736145124717,61,61,1,1,1,1,1,1,1,1,1,1,1,1,1,1,1,1,1,1,1,1,1,1,1,1,1,1,1,1,1,1,1,1,1,1,1,1,1,1,1,1,1,1,1,1,1,1
142.60362857142857,142.73133832199545,54,54,1,1,1,1,1,1,1,1,1,1,1
142.60362857142857,142.8822680272109,51,53,1,1,1,1,1,1,1,1,1,1,1,1,1,1,1,1,1,1,1,1,1,1,1,1
142.5687986394558,142.754558276644,39,54,1,1,1,1,1,1,1,1,1,1,1,1,1,1,1,1
142.4991387755102,142.60362857142857,61,63,1,1,1,1,1,1,1,1,1
142.4991387755102,142.60362857142857,54,58,1,1,1,1,1,1,1,1,1
142.48752879818593,142.60362857142857,73,49,1,1,1,1,1,1,1,1,1,1
142.48752879818593,142.5920185941043,56,45,1,1,1,1,1,1,1,1,1
142.48752879818593,142.60362857142857,51,62,1,1,1,1,1,1,1,1,1,1
142.47591882086166,142.87065804988663,58,61,1,1,1,1,1,1,1,1,1,1,1,1,1,1,1,1,1,1,1,1,1,1,1,1,1,1,1,1,1,1,1,1,1,1
139.7811201814059,140.0017097505669,73,52,1,1,1,1,1,1,1,1,1,1,1,1,1,1,1,1,1,1,1
139.7811201814059,139.87400000000002,70,43,1,1,1,1,1,1,1,1
139.7811201814059,140.1642494331066,61,73,1,1,1,1,1,1,1,1,1,1,1,1,1,1,1,1,1,1,1,1,1,1,1,1,1,1,1,1,1,1,1,1,1
139.7811201814059,140.11780952380954,49,42,1,1,1,1,1,1,1,1,1,1,1,1,1,1,1,1,1,1,1,1,1,1,1,1,1,1,1,1,1
139.76951020408166,139.9784897959184,68,44,1,1,1,1,1,1,1,1,1,1,1,1,1,1,1,1,1,1
139.76951020408166,139.9784897959184,58,55,1,1,1,1,1,1,1,1,-5,1,1,1,1,1,1,1,1,1
139.76951020408166,140.04814965986395,56,55,1,1,1,1,1,1,1,1,1,1,1,1,1,1,1,1,1,1,1,1,1,1,1,1
139.76951020408166,140.1294195011338,46,79,1,1,1,1,1,1,1,1,1,1,1,1,1,1,1,1,1,1,1,1,1,1,1,1,1,1,1,1,1,1,1
139.432820861678,139.53731065759638,73,42,1,1,1,1,1,1,1,1,1
139.432820861678,139.7811201814059,61,68,1,1,1,1,1,1,1,1,1,1,1,1,1,1,1,1,1,1,1,1,1,1,1,1,1,1,1,1,1,1
139.42121088435374,139.71146031746034,69,62,1,1,1,1,1,1,1,1,1,1,1,1,1,1,1,1,1,1,1,1,1,1,1,1,1
139.42121088435374,139.64180045351475,63,63,1,1,1,1,1,1,1,1,1,1,1,1,1,1,1,1,1,1,1
139.42121088435374,139.7230702947846,57,77,1,1,1,1,1,1,1,1,1,1,1,1,1,1,1,1,1,1,1,1,1,1,1,1,1,1
139.31672108843537,139.47926077097506,53,80,1,1,1,1,1,1,1,1,1,1,1,1,1,1
138.52595873015872,138.65366848072563,63,63,1,1,1,1,1,1,1,1,1,1,-5
138.5027387755102,138.67688843537414,41,63,1,1,1,1,1,1,1,1,1,1,1,2,2,1,1
138.4446888888889,138.70010839002268,68,58,1,1,1,1,1,1,1,1,1,1,1,1,1,1,1,1,1,1,1,1,1,1
138.4446888888889,138.54917868480726,49,36,1,1,1,1,1,1,1,1,1
138.43307891156462,138.65366848072563,73,44,1,1,1,1,1,1,1,1,1,1,1,1,1,1,1,1,1,1,1
138.42146893424035,138.52595873015872,63,59,-5,-5,-5,-5,-5,-5,-5,-5,1
138.42146893424035,138.73493832199546,61,70,1,1,1,1,1,1,1,1,1,1,1,1,1,1,1,1,1,1,1,1,1,1,1,1,1,1,1
138.42146893424035,138.67688843537414,57,74,1,1,1,1,1,1,1,1,1,1,1,1,1,1,1,1,1,1,1,1,1,0
138.42146893424035,138.54917868480726,53,47,1,1,1,1,1,1,1,1,1,1,1
138.42146893424035,138.537568707483,45,29,1,1,1,1,1,1,1,1,1,1
138.40985895691608,138.5027387755102,41,54,1,1,1,1,1,1,1,1
138.07316961451247,138.42146893424035,61,71,1,1,1,1,1,1,1,1,1,1,1,1,1,1,1,1,1,1,1,1,1,1,1,1,1,1,1,1,1,1
137.9686798185941,138.1892693877551,51,78,1,1,1,1,1,1,1,1,1,1,1,1,1,1,1,1,1,1,1
137.2488612244898,137.50428072562357,39,73,1,1,1,1,1,1,1,1,1,1,1,1,1,1,1,1,1,1,1,1,1,1
137.0734276643991,137.2488612244898,58,47,1,1,1,1,1,1,1,1,1,1,1,1,1,1,1,1
137.0734276643991,137.33013106575964,54,47,1,1,1,1,1,1,1,1,1,1,1,1,1,1,1,1,1,1,1,1,1,2,2
137.06181768707484,137.31852108843538,68,50,1,1,1,1,1,1,1,1,1,1,1,1,1,1,1,1,1,1,1,1,1,1,1
137.06181768707484,137.29530113378684,61,65,1,1,1,1,1,1,1,1,1,1,1,1,1,1,1,1,1,1,1,1,1
137.06181768707484,137.38818095238094,51,52,1,1,1,1,1,1,1,1,1,1,1,1,1,1,1,1,1,1,1,1,1,1,1,1,1,1,1,1,1
137.06181768707484,137.29530113378684,49,44,1,1,1,1,1,1,1,1,1,1,1,1,1,1,1,1,1,1,1,1,1
137.06181768707484,137.2488612244898,39,90,1,1,1,1,1,1,1,1,1,1,1,1,1,1,1,1,1
137.05020770975057,137.20242131519274,42,32,0,0,0,0,0,1,1,1,1,1,1,1,1,1
135.35515102040816,135.51769070294785,70,50,1,1,1,1,1,1,1,1,1,1,1,1,1,1
135.35515102040816,135.49447074829934,68,62,1,1,1,1,1,1,1,1,1,1,1,1
135.35515102040816,135.48286077097507,65,58,1,1,1,1,1,1,1,1,1,1,1
135.35515102040816,135.49447074829934,58,58,1,1,1,1,1,1,1,1,1,1,1,1
135.35515102040816,135.48286077097507,56,33,1,1,1,1,1,1,1,1,1,1,1
135.35515102040816,135.49447074829934,49,47,1,1,1,1,1,1,1,1,1,1,1,1
135.34354104308392,135.45964081632653,82,36,1,1,1,1,1,1,1,1,1,1
135.34354104308392,135.5989605442177,75,80,1,1,1,1,1,1,1,1,1,1,1,1,1,1,1,1,1,1,1,1,1,1
135.34354104308392,135.5641306122449,61,56,1,1,1,1,1,1,1,1,1,1,1,1,1,1,1,1,1,1,1
135.34354104308392,135.58735056689343,46,70,1,1,1,1,1,1,1,1,1,1,1,1,1,2,2,2,2,2,1,1,1
134.320579138322,134.5992185941043,73,58,1,1,1,1,1,1,1,1,1,1,1,1,1,1,1,1,1,1,1,1,1,1,1,1
134.320579138322,134.4134589569161,70,35,1,1,1,1,1,1,1,1
134.320579138322,134.62243854875283,68,45,1,1,1,1,1,1,1,1,1,1,1,1,1,1,1,1,1,1,1,1,1,1,1,1,1,1
134.320579138322,134.6340485260771,61,69,1,1,1,1,1,1,1,1,1,1,1,1,1,1,1,1,1,1,1,1,1,1,1,1,1,1,1
134.320579138322,134.57599863945578,56,64,1,1,1,1,1,1,1,1,1,1,1,1,1,1,1,1,1,1,1,1,1,1
134.320579138322,134.42506893424036,49,36,1,1,1,1,1,1,1,1,1
134.30896916099772,134.48311882086168,58,43,1,1,1,1,-5,-5,1,1,1,1,1,1,-5,-5,-5
134.30896916099772,134.61082857142856,46,69,0,1,1,1,1,1,1,1,1,1,1,1,1,1,1,1,1,1,1,1,1,1,1,1,1,1
133.98388979591834,134.21608934240362,72,46,1,1,1,1,1,1,1,1,1,1,1,1,1,1,1,1,1,1,1,1
133.98388979591834,134.2276993197279,69,62,1,1,1,1,1,1,1,1,1,1,1,1,1,1,1,1,1,1,1,1,1
133.98388979591834,134.21608934240362,63,68,1,1,1,1,1,1,1,1,1,1,1,1,1,1,1,1,1,1,1,1
133.98388979591834,134.23930929705213,57,60,1,1,1,1,1,1,1,1,1,1,1,1,1,1,1,1,1,1,1,1,1,1
133.98388979591834,134.14642947845803,53,56,1,1,1,1,1,1,1,1,1,1,1,1,1,1
133.9722798185941,134.11159954648525,41,30,1,2,2,2,2,2,2,1,1,1,1,1
133.85618004535146,133.98388979591834,53,100,1,1,1,1,1,1,1,1,1,1,1
133.14797142857142,133.39178095238094,41,70,1,1,1,1,1,1,1,1,1,1,1,1,1,1,1,1,1,1,1,1,1
133.13636145124715,133.24085124716552,63,55,1,1,1,1,1,1,1,1,1
133.01897777777776,133.20602131519274,69,62,1,1,1,1,1,1,1,1,1,1,1,1,1,1,1,1,-2
132.9725378684807,133.1828013605442,61,60,1,1,1,1,1,1,1,1,1,1,1,1,1,1,1,1,1,1,1
132.96092789115647,133.10024761904762,76,33,1,1,1,1,1,1,1,1,1,1,1,1
132.96092789115647,133.14797142857142,73,45,1,1,1,1,1,1,1,1,1,1,1,1,1,1,1,1,1
132.96092789115647,133.13636145124715,64,29,-2,-2,-2,1,1,1,1,1,1,1,-2,-2,-2,-2,-2,-2
132.96092789115647,133.28729115646257,57,76,1,1,1,1,1,1,1,1,1,1,1,1,1,1,1,1,1,1,1,1,1,1,1,1,1,1,1,1,1
132.96092789115647,133.10024761904762,49,42,1,1,1,1,1,1,1,1,1,1,1,1
132.96092789115647,133.14797142857142,41,91,1,1,1,1,1,1,1,1,1,1,1,1,1,1,1,1,1
132.9493179138322,133.24085124716552,53,40,1,1,1,1,1,1,1,1,1,1,1,1,1,1,1,1,1,1,1,1,1,1,1,1,1,1
132.9493179138322,133.10153151927437,45,35,2,2,1,1,1,1,1,1,1,1,1,1,1,1
132.58940861678005,132.75194829931974,54,52,1,1,1,1,1,1,1,1,1,1,1,1,1,1
132.57779863945578,132.7287283446712,61,40,1,1,1,1,1,1,1,1,1,1,1,1,1
132.5081387755102,132.60101859410432,63,48,1,1,1,1,1,1,1,1
132.49652879818595,132.62423854875283,51,68,1,1,1,1,1,1,1,1,1,1,1
131.68383038548754,131.89280997732428,51,57,1,1,1,1,1,1,1,1,1,1,1,1,1,1,1,1,1,1
131.61417052154195,131.98568979591838,61,44,1,1,1,1,1,1,1,1,1,1,1,1,1,1,1,1,1,1,1,1,1,1,1,1,1,1,1,1,1,1,1,1
131.5909505668934,131.99729977324262,39,78,2,2,1,1,1,1,1,1,1,1,1,1,1,1,1,1,1,1,1,1,1,1,1,1,1,2,2,2,2,2,1,1,1,1,1
131.54451065759636,131.68383038548754,51,40,1,1,1,1,1,1,1,1,1,1,1,1
131.46324081632653,131.5677306122449,65,44,1,1,1,1,1,1,1,1,1
131.440020861678,131.5677306122449,46,40,1,1,1,1,1,1,1,1,1,1,1
131.3471410430839,131.50968072562358,56,41,1,1,1,1,1,1,1,1,1,1,1,1,1,1
131.24265124716553,131.3471410430839,56,83,1,1,1,1,1,1,1,1,1
131.0788276643991,131.1846013605442,77,46,1,1,1,1,1,1,1,1,1,1
130.985947845805,131.10204761904762,46,36,1,1,1,1,1,1,1,1,1,1
130.97433786848075,131.1846013605442,65,33,1,1,1,1,-2,-2,-2,0,1,1,1,1,1,1,1,1,1,1,1
130.97433786848075,131.24265124716553,56,45,1,1,1,1,1,1,1,1,1,1,1,1,1,1,1,1,1,-2,-2,-2,-2,-2,-2,1
130.83501814058957,131.27748117913833,68,44,1,1,1,1,1,1,1,1,1,1,1,1,1,1,1,1,1,1,1,1,1,1,1,1,1,1,1,1,1,1,1,1,1,1,1,1,1,1,1
130.77696825396828,130.97433786848075,56,59,1,1,1,1,1,1,1,1,1,1,1,1,1,1,1,1,1
130.765358276644,130.8582380952381,53,48,1,1,1,1,1,1,1,1
130.69569841269842,131.00916780045353,80,37,1,1,1,1,1,1,1,1,1,1,1,-2,-2,-2,-2,1,1,1,1,1,1,1,1,1,1,1,1
130.69569841269842,130.83501814058957,68,58,1,1,1,1,1,1,1,1,1,1,1,1
130.6724784580499,130.97433786848075,65,40,1,1,1,1,1,1,1,1,1,1,1,1,1,1,1,1,1,1,1,0,-2,-2,-2,-2,-2,-2
130.60281859410432,130.71891836734696,44,43,1,1,1,1,1,1,1,1,1,1
130.57959863945578,130.765358276644,53,58,1,1,1,1,1,1,1,1,1,1,1,1,1,1,1,1
130.50993877551022,130.69569841269842,68,59,1,1,1,1,1,1,1,1,1,1,1,1,1,1,1,1
130.48671882086168,130.60281859410432,77,36,1,1,1,1,1,1,1,1,1,1
130.4751088435374,130.6376485260771,73,36,1,1,1,1,1,1,1,1,-2,1,1,1,1,1
130.4751088435374,130.6724784580499,65,54,1,1,1,1,1,1,1,1,1,1,1,1,1,1,1,1,1
130.37061904761904,130.4751088435374,65,65,1,1,1,1,1,1,1,1,1
130.324179138322,130.7305283446712,46,44,1,1,1,1,1,1,1,1,1,1,1,1,1,1,1,1,1,1,1,1,1,1,1,1,1,1,-5,-5,-5,-5,1,1,1,1,1
130.27773922902495,130.37061904761904,65,59,1,1,1,1,1,1,1,1
130.27773922902495,130.48671882086168,63,43,1,1,1,1,1,1,1,1,1,1,1,1,1,1,1,1,1,1
130.25451927437643,130.44027891156463,80,44,1,1,1,1,1,1,1,1,1,1,1,1,1,1,1,1
130.2312993197279,130.37061904761904,44,28,-1,1,1,1,1,1,1,1,1,1,1,1
130.21968934240363,130.77696825396828,56,69,1,1,1,1,1,1,1,1,1,1,1,1,1,1,1,1,1,1,1,1,1,1,1,1,1,1,1,1,1,1,1,1,1,1,1,1,1,1,1,1,1,1,1,1,1,1,1,1
130.10358956916102,130.2312993197279,61,53,1,1,1,1,1,1,1,1,1,1,1
130.08036961451248,130.3590090702948,53,59,1,1,1,1,1,1,1,1,1,1,1,1,1,1,1,1,1,1,1,1,1,1,1,1
129.9526598639456,130.10358956916102,61,76,1,1,1,1,1,1,1,1,1,1,1,1,1
129.90621995464855,130.08036961451248,53,68,1,1,1,1,1,1,1,1,1,1,1,1,1,1,1
129.90621995464855,130.324179138322,46,47,1,1,1,1,1,1,1,1,1,1,1,1,1,1,1,1,1,1,1,1,1,1,1,1,1,1,1,1,1,1,1,1,1,1,1,1
129.89460997732428,130.27773922902495,65,69,1,1,1,1,1,1,1,1,1,1,1,1,1,1,1,1,1,1,1,1,1,1,1,1,1,1,1,1,1,1,1,1,1
129.83656009070296,130.0687596371882,58,33,1,1,1,1,1,1,1,1,1,-5,1,1,1,1,1,1,1,1,1,1
129.74368027210886,129.85978004535147,80,50,1,1,1,1,1,1,1,1,1,1
129.74368027210886,129.9526598639456,61,65,1,1,1,1,1,1,1,1,1,1,1,1,1,1,1,1,1,1
129.74368027210886,129.90621995464855,46,47,1,1,1,1,1,1,1,1,1,1,1,1,1,1
129.7320702947846,129.90621995464855,53,69,1,1,1,1,1,1,1,1,1,1,1,1,1,1,1
129.72046031746032,129.89460997732428,65,62,1,1,1,1,1,1,1,1,1,1,1,1,1,1,1
129.6391904761905,129.7320702947846,53,66,1,1,1,1,1,1,1,1
129.59275056689344,129.74368027210886,80,60,1,1,1,1,1,1,1,1,1,1,1,1,1
129.59275056689344,129.74368027210886,46,64,1,1,1,1,1,1,1,1,1,1,1,1,1
129.52309070294785,129.83656009070296,58,50,1,1,1,1,1,1,1,1,1,1,1,1,1,1,1,1,1,1,1,1,1,1,1,1,1,1,1
129.45343083900227,129.59275056689344,80,36,1,1,1,1,1,1,1,1,1,1,1,1
129.45343083900227,130.50993877551022,68,49,1,1,1,1,1,1,1,1,1,1,1,1,1,1,1,1,1,1,1,1,1,1,1,1,1,1,1,1,1,1,1,1,1,1,1,1,1,1,1,1,1,1,1,1,1,1,1,1,1,1,1,1,1,1,1,1,1,1,1,1,1,1,1,1,1,1,1,1,1,1,1,1,1,1,1,1,1,1,1,1,1,1,1,1,1,1,1,1,1,1,1
129.45343083900227,129.67402040816327,56,38,1,1,1,1,1,1,1,1,1,1,1,1,1,1,1,1,1,1,1
129.45343083900227,129.59275056689344,46,67,1,1,1,1,1,1,1,1,1,1,1,1
129.26767120181407,129.45343083900227,68,52,1,1,1,1,1,1,1,1,1,1,1,1,1,1,1,1
129.26767120181407,129.46504081632654,61,47,1,1,1,1,1,1,1,1,1,1,1,1,1,1,1,1,1
129.2560612244898,129.39538095238098,39,42,1,1,1,1,1,1,1,1,1,1,1,1
129.18640136054424,129.45343083900227,46,68,1,1,1,1,1,1,1,1,1,1,1,1,1,1,1,1,1,1,1,1,1,1,1
129.17479138321997,129.72046031746032,65,57,1,1,1,1,1,1,1,1,1,1,1,1,1,1,1,1,1,1,1,1,1,1,1,1,1,1,1,1,1,1,1,1,1,1,1,1,1,1,1,1,1,1,1,1,1,1,1
129.15157142857143,129.26767120181407,68,59,1,1,1,1,1,1,1,1,1,1
129.12706757369614,129.26767120181407,61,55,1,1,1,1,1,1,1,1,1,1,1,1,1
129.02257777777777,129.18640136054424,46,75,1,1,1,1,1,1,1,1,1,1,1,1,1,1,1
128.94130793650794,129.3489410430839,53,38,1,1,1,1,1,1,1,1,1,1,1,1,1,1,1,1,1,1,1,1,1,1,1,1,1,1,1,1,1,1,1,1,1,1,1,1
128.88325804988662,129.12706757369614,61,58,1,1,1,1,1,1,1,1,1,1,1,1,1,1,1,1,1,1,1,1,1
128.88325804988662,129.02257777777777,46,71,1,1,1,1,1,1,1,1,1,1,1,1
128.79037823129252,128.88325804988662,60,54,1,1,1,1,1,1,1,1
128.77876825396825,128.88325804988662,46,43,1,1,1,1,1,1,1,1,1
128.7323283446712,128.8484281179138,68,53,1,1,1,1,1,1,1,1,1,1
128.70910839002266,129.17479138321997,65,39,1,1,1,1,1,1,1,1,1,1,1,1,1,1,1,1,1,1,1,1,1,1,1,1,1,1,1,1,1,1,1,1,1,1,1,1,1,1,1,1,1
128.62783854875283,128.7323283446712,68,67,1,1,1,1,1,1,1,1,1
128.6046185941043,128.7323283446712,56,41,1,1,1,4,4,4,1,1,1,1,1
128.58139863945578,128.70910839002266,65,64,1,1,1,1,1,1,1,1,1,1,1
128.58139863945578,128.68588843537415,53,43,1,1,1,1,1,1,1,1,1
128.53495873015873,128.6626684807256,75,31,1,1,1,1,1,1,1,1,1,1,1
128.53495873015873,128.62783854875283,68,33,1,1,1,1,1,1,1,1
128.52334875283447,128.79037823129252,60,64,1,1,1,1,1,1,1,1,1,1,1,1,1,1,1,1,1,1,1,1,1,1,1
128.39563900226756,128.58139863945578,65,60,1,1,1,1,1,1,1,1,1,1,1,1,1,1,1,1
128.3491990929705,128.6046185941043,57,55,1,1,1,1,1,1,1,1,1,1,1,1,1,1,1,1,1,1,1,1,1,1
128.2563192743764,128.39563900226756,65,52,1,1,1,1,1,1,1,1,1,1,1,1
128.20987936507936,128.52334875283447,60,71,1,1,1,1,1,1,1,1,1,1,1,1,1,1,1,1,1,1,1,1,1,1,1,1,1,1,1
128.1982693877551,128.3491990929705,57,62,1,1,1,1,1,1,1,1,1,1,1,1,1
128.1982693877551,128.43046893424037,52,53,1,1,1,1,1,1,1,1,1,1,1,1,1,1,1,1,1,1,1,1
128.1982693877551,128.31436916099773,33,35,0,0,1,1,1,1,1,1,1,1
128.08216961451245,128.1982693877551,53,61,1,1,1,1,1,1,1,1,1,1
128.0705596371882,128.1982693877551,57,40,1,1,1,1,1,1,1,1,1,1,1
128.02411972789116,128.37241904761905,48,40,1,1,1,2,2,1,1,1,1,1,1,1,1,1,1,1,1,1,1,1,1,1,1,1,1,1,1,1,1,1
128.0125097505669,128.325979138322,69,46,1,1,1,1,1,1,1,1,1,1,1,1,1,1,1,1,1,1,1,1,1,1,1,1,1,1,1
127.96606984126984,128.0705596371882,57,36,1,1,1,1,1,-2,1,1,1
127.93123990929703,128.12860952380953,41,54,1,1,1,1,1,1,1,1,1,1,1,1,1,1,1,1,1
127.91962993197279,128.0125097505669,45,35,1,1,1,1,1,1,1,1
127.90801995464852,128.08216961451245,53,57,1,1,1,1,1,1,1,1,1,1,1,1,1,1,1
127.87319002267574,128.0125097505669,69,47,1,1,1,1,1,1,1,1,1,1,1,1
127.87319002267574,127.96606984126984,57,35,1,1,1,1,1,1,1,1
127.8499700680272,128.20987936507936,60,63,1,1,1,1,1,1,1,1,1,1,1,1,1,1,1,1,1,1,1,1,1,1,1,1,1,1,1,1,1,1,1
127.7570902494331,127.91962993197279,72,25,1,1,1,1,1,1,1,1,1,1,1,1,1,1
127.7570902494331,127.8499700680272,60,33,1,1,1,1,1,1,1,1
127.7570902494331,127.90801995464852,53,64,1,1,1,1,1,1,1,1,1,1,1,1,1
127.7570902494331,128.02411972789116,48,54,1,1,1,1,1,1,1,1,1,1,1,1,1,1,1,1,1,1,1,1,1,1,1
127.74548027210884,127.87319002267574,69,67,1,1,1,1,1,1,1,1,1,1,1
127.58294058956915,127.7570902494331,48,49,1,1,1,1,1,1,1,1,1,1,1,1,1,1,1
127.54811065759637,127.7570902494331,53,51,1,1,1,1,1,1,1,1,1,1,1,1,1,1,1,1,1,1
127.5365006802721,127.74548027210884,69,46,-2,1,1,1,1,1,1,1,1,1,1,1,1,1,1,1,1,1
127.5365006802721,127.6293804988662,57,42,1,1,1,1,1,1,1,1
127.52489070294783,127.74548027210884,51,39,-5,1,1,1,1,1,1,1,1,1,1,1,1,1,1,1,1,1,1
127.49006077097505,127.60616054421769,73,39,1,1,1,1,1,1,1,1,1,1
127.43201088435373,127.5365006802721,68,30,1,1,1,0,1,1,1,1,1
127.40879092970522,127.54811065759637,49,39,1,1,1,1,1,1,1,1,1,1,1,1
127.36235102040817,127.49006077097505,73,47,1,1,1,1,1,1,1,1,1,1,1
127.3507410430839,127.54811065759637,53,53,1,1,1,1,1,1,1,1,1,1,1,1,1,1,1,1,1
127.33913106575963,127.50167074829932,61,41,1,1,1,1,1,1,1,1,1,1,1,1,1,1
127.26947120181406,127.36235102040817,73,29,1,1,1,0,0,1,1,1
127.223031292517,127.38557097505668,63,43,1,1,1,1,1,1,1,1,1,1,1,1,1,1
127.21142131519274,127.3507410430839,54,66,1,1,1,1,1,1,1,1,1,1,1,1
127.21142131519274,127.443620861678,51,56,1,1,1,1,1,1,1,1,1,1,1,1,1,1,1,1,1,1,1,1
127.11725759637189,127.21142131519274,51,61,1,1,1,1,1,1,1,1,1
127.10564761904763,127.18820136054421,73,41,1,1,1,1,1,1,1,1
127.05920770975057,127.18820136054421,61,55,1,1,1,1,1,1,1,1,1,1,1,1
127.02437777777779,127.21142131519274,46,46,1,1,1,1,1,1,1,1,1,1,1,1,1,1,1,1,1
127.00115782312926,127.28108117913831,58,47,2,1,1,1,1,1,1,1,1,1,1,1,1,1,1,1,1,1,1,1,1,1,1,1,1
127.00115782312926,127.11725759637189,51,43,1,1,1,1,1,1,1,1,1,1
126.96632789115647,127.07081768707484,80,45,1,1,1,1,1,1,1,1,1
126.96632789115647,127.33913106575963,68,36,1,1,1,1,1,1,1,1,1,1,1,1,1,1,1,1,1,1,1,1,1,1,1,1,1,1,1,1,1,1,1,1,1
126.91988798185942,127.10564761904763,73,38,1,1,1,1,1,1,1,1,1,1,1,1,1,1,1,1
126.90827800453515,127.21142131519274,54,68,1,1,1,1,1,1,1,1,1,1,1,1,1,1,1,1,1,1,1,1,1,1,1,1,1,1,1
126.8966680272109,127.05920770975057,61,56,1,1,1,1,1,1,1,1,1,1,1,1,1,1
126.8270081632653,127.02437777777779,46,55,1,1,1,1,1,1,1,1,1,1,1,1,1,1,1,1,1
126.81539818594105,127.07081768707484,39,53,1,1,1,1,1,1,1,1,1,1,1,1,1,1,1,1,1,1,1,1,1,1
126.79217823129252,127.00115782312926,51,48,1,1,1,1,1,1,1,1,1,1,1,1,1,1,1,1,1,1
126.75734829931973,126.96632789115647,68,30,1,1,1,1,1,1,1,1,1,1,1,1,1,1,1,1,1,1
126.75734829931973,126.91988798185942,65,40,1,1,1,1,1,1,1,1,1,1,1,1,1,1
126.74573832199547,126.90827800453515,54,72,1,1,1,1,1,1,1,1,1,1,1,1,1,1
126.7341283446712,126.8270081632653,46,56,1,1,1,1,1,1,1,1
126.71090839002268,126.8966680272109,61,46,1,1,1,1,1,1,1,1,1,1,1,1,1,1,1,1
126.65285850340136,126.74573832199547,54,65,1,1,1,1,1,1,1,1
126.61802857142858,126.75734829931973,68,27,1,1,1,1,1,1,1,1,1,1,1,1
126.4554888888889,126.65285850340136,54,47,1,1,1,1,1,1,1,1,1,1,1,1,1,1,1,1,1
126.39743900226757,126.50192879818594,66,36,1,1,1,1,1,1,1,1,1
126.39743900226757,126.71090839002268,61,57,1,1,1,1,1,1,1,1,1,1,1,1,1,1,1,1,1,1,1,1,1,1,1,1,1,1,1
126.39743900226757,126.79217823129252,51,53,1,1,1,1,1,1,1,1,1,1,1,1,1,1,1,1,1,1,1,1,1,1,1,1,1,1,1,1,1,1,1,1,1,1
126.37421904761905,126.81539818594105,39,52,1,1,1,1,1,1,1,1,1,1,1,1,1,1,1,1,1,1,1,1,1,1,1,1,1,1,1,1,1,1,1,1,1,1,1,1,1,1
126.22328934240363,126.31616916099773,80,36,1,1,1,1,1,1,1,1
126.21167936507938,126.30455918367348,65,48,1,1,1,1,1,1,1,1
126.21167936507938,126.30455918367348,58,38,1,1,1,1,1,1,1,1
126.21167936507938,126.7341283446712,46,46,1,1,1,1,1,1,1,1,1,1,1,1,1,1,1,1,1,1,1,1,1,1,1,1,1,1,1,1,1,1,1,1,1,1,1,1,1,1,1,1,1,1,1,1,1
126.20006938775511,126.43226893424037,63,37,1,1,-5,-5,-5,1,1,1,1,1,1,1,1,1,1,1,1,1,1,1
126.20006938775511,126.39743900226757,61,53,1,1,1,1,1,1,1,1,1,1,1,1,1,1,1,1,1
126.20006938775511,126.39743900226757,51,54,1,1,1,1,1,1,1,1,1,1,1,1,1,1,1,1,1
126.18845941043084,126.37421904761905,39,45,1,1,1,1,1,1,1,1,1,1,1,1,1,1,1,1
125.96786984126985,126.13040952380953,53,58,1,1,1,1,1,1,1,1,1,1,1,1,1,1
125.96786984126985,126.21167936507938,46,48,1,1,1,1,1,1,1,1,1,1,1,1,1,1,1,1,1,1,1,1,1
125.87499002267575,125.96786984126985,46,68,1,1,1,1,1,1,1,1
125.86338004535148,125.96786984126985,53,64,1,1,1,1,1,1,1,1,1
125.85177006802722,126.07235963718821,68,45,1,1,1,1,1,1,1,1,1,1,1,1,1,1,1,1,1,1,1
125.85177006802722,126.13040952380953,56,36,1,1,1,1,1,1,1,1,1,1,1,1,1,1,1,1,1,1,1,1,1,1,1,1
125.71245034013606,125.86338004535148,53,36,1,1,1,1,1,1,1,1,1,1,1,1,1
125.66601043083901,125.87499002267575,46,38,1,1,1,1,1,1,1,1,1,1,1,1,1,1,1,1,1,1
125.64279047619048,126.21167936507938,65,47,1,1,1,1,1,1,1,1,1,1,1,1,1,1,1,1,1,1,1,1,1,1,1,1,1,1,1,1,1,1,1,1,1,1,1,1,1,1,1,1,1,1,1,1,1,1,1,1,1
125.59635056689343,125.85177006802722,41,62,1,1,1,1,1,1,1,1,1,1,1,1,1,1,1,1,1,1,1,1,1,1
125.56152063492064,125.68923038548753,60,41,1,1,1,1,1,1,1,1,1,1,1
125.54991065759637,125.64279047619048,65,70,1,1,1,1,1,1,1,1
125.51508072562359,125.85177006802722,56,67,1,1,1,1,1,1,1,1,1,1,1,1,1,1,1,1,1,1,1,1,1,1,1,1,1,1,1,1,1
125.49186077097507,125.59635056689343,41,65,1,1,1,1,1,1,1,1,1
125.37576099773243,125.64279047619048,53,62,1,1,1,1,1,1,1,1,1,1,1,1,1,1,1,1,1,1,1,1,1,1,1
125.34093106575965,125.54991065759637,65,53,1,1,1,1,1,1,1,1,1,1,1,1,1,1,1,1,1,1
125.32932108843538,125.46864081632654,61,55,1,1,1,1,1,1,1,1,1,1,1,1
125.22483129251701,125.3873709750567,46,49,1,1,1,1,1,1,1,1,1,1,1,1,1,1
125.17839138321996,125.37576099773243,53,73,1,1,1,1,1,1,1,1,1,1,1,1,1,1,1,1,1
125.15517142857144,125.32932108843538,61,63,1,1,1,1,1,1,1,1,1,1,1,1,1,1,1
125.15388752834467,125.32932108843538,68,46,1,1,1,1,1,1,1,1,1,1,1,1,1,1,1,1
125.15388752834467,125.51508072562359,56,74,1,1,1,1,1,1,1,1,1,1,1,1,1,1,1,1,1,1,1,1,1,1,1,1,1,1,1,1,1,1,1,1
125.07261768707482,125.15517142857144,61,69,1,1,1,1,1,1,1,1
125.02617777777778,125.15388752834467,68,27,1,1,1,1,1,1,1,1,1,1,1
125.01456780045352,125.17839138321996,53,72,1,1,1,1,1,1,1,1,1,1,1,1,1,1,1
124.9565179138322,125.07261768707482,61,81,1,1,1,1,1,1,1,1,1,1
124.94490793650793,125.15388752834467,58,50,1,1,1,1,1,1,1,1,1,1,1,1,1,1,1,1,1,-2
124.84041814058958,124.9565179138322,60,43,1,1,1,1,1,1,1,1,1,1
124.82880816326531,125.01456780045352,53,75,1,1,1,1,1,1,1,1,1,1,1,1,1,1,1,1
124.79397823129251,125.15388752834467,56,43,1,1,1,1,1,1,1,1,1,1,1,1,1,1,1,1,1,1,1,1,1,1,1,1,1,1,1,1,4,4,1
124.73592834467121,124.94490793650793,58,45,1,1,1,1,1,1,-5,-5,-5,-5,-5,1,1,1,1,1,1,1
124.70109841269841,124.79397823129251,56,43,2,1,1,1,1,1,1,1
124.68948843537414,124.81719818594104,77,33,1,1,1,1,1,1,1,1,1,1,1
124.67787845804989,124.81719818594104,68,34,1,1,1,1,1,1,1,1,1,1,1,1
124.67787845804989,124.82880816326531,53,81,1,1,1,1,1,1,1,1,1,1,1,1,1
124.66626848072562,124.78236825396826,72,34,1,1,1,1,1,1,1,1,1,1
124.61982857142857,124.71270839002268,65,54,1,1,1,1,1,1,1,1
124.58499863945579,124.67787845804989,53,84,1,1,1,1,1,1,1,1
124.550168707483,124.91007800453515,63,34,1,1,1,1,1,1,1,1,1,1,1,1,1,1,1,1,1,1,1,1,1,1,1,1,1,1,1,1,1,1,1
124.52694875283447,124.61982857142857,65,46,1,1,1,1,1,1,1,1
124.50372879818595,124.66626848072562,68,38,1,1,1,1,1,1,1,1,1,1,1,1,1,1
124.49211882086168,124.58499863945579,53,83,1,1,1,1,1,1,1,1
124.4572888888889,124.56177868480725,61,49,1,1,1,1,1,1,1,1,1
124.4572888888889,124.63143854875284,51,30,7,7,7,1,1,-5,-5,1,1,1,1,1,1,1,1
124.37601904761905,124.50372879818595,57,59,1,1,1,1,1,1,1,1,1,1,1
124.37601904761905,124.49211882086168,53,77,1,1,1,1,1,1,1,1,1,1
124.29474920634921,124.56177868480725,49,36,1,1,1,1,1,1,1,1,1,1,1,1,1,1,1,1,1,1,1,1,1,1,1
124.28313922902494,124.4572888888889,61,50,1,1,1,1,1,1,1,1,1,1,-2,1,1,1,1
124.19025941043084,124.52694875283447,65,72,1,1,1,1,1,1,1,1,1,1,1,1,1,1,1,1,1,1,1,1,1,1,1,1,1,1,1,1,1
124.14381950113379,124.29474920634921,49,52,1,1,1,1,1,1,1,1,1,1,1,1,1
124.13220952380952,124.29474920634921,68,35,1,1,1,1,1,1,1,1,1,1,1,1,1,1
124.13220952380952,124.34118911564626,56,62,1,1,1,1,1,1,1,1,1,1,1,1,1,1,1,1,1,1
124.03932970521542,124.28313922902494,60,34,1,1,1,1,1,1,1,1,1,1,1,1,1,1,4,4,4,1,1,1,1
124.03932970521542,124.31796916099773,41,50,1,1,1,1,1,1,1,1,1,1,1,1,1,1,1,1,1,1,1,1,1,1,1,1
124.02771972789115,124.37601904761905,53,39,1,1,1,1,1,1,1,1,1,1,1,1,1,1,1,1,1,1,1,1,1,1,1,1,1,1,1,1,1,1
124.0161097505669,124.28313922902494,63,41,1,1,1,1,1,1,1,1,1,1,1,1,1,1,1,1,1,1,1,1,1,1,1
123.94644988662132,124.03932970521542,60,42,1,1,1,1,1,1,1,1
123.93483990929705,124.03932970521542,77,31,1,1,1,1,1,1,1,1,1
123.93483990929705,124.19025941043084,65,53,1,1,1,1,1,1,1,1,1,1,1,1,1,1,1,1,1,1,1,1,1,1
123.83035011337869,123.95805986394558,72,36,1,1,1,1,1,1,1,1,1,1,1
123.83035011337869,123.94644988662132,60,37,1,1,1,1,1,1,1,1,1,1
123.83035011337869,124.13220952380952,56,54,1,1,1,1,1,1,1,1,1,1,1,1,1,1,1,1,1,1,1,1,1,1,1,1,1,1
123.81874013605443,123.93483990929705,65,39,1,1,1,1,1,1,1,1,1,1
123.81874013605443,124.0161097505669,63,31,1,1,1,1,1,1,1,1,1,1,1,1,1,1,1,1,1
123.81874013605443,124.03932970521542,41,54,1,1,1,1,1,1,1,1,1,1,1,1,1,1,1,1,1,1,1
123.79552018140589,124.02771972789115,53,50,1,1,1,1,1,1,1,1,1,1,1,1,1,1,1,1,1,1,1,1
123.667810430839,123.85357006802721,68,37,1,1,1,1,1,1,1,1,1,1,1,1,1,1,1,1
123.667810430839,123.81874013605443,63,42,-5,-5,-5,1,1,1,1,1,1,1,1,1,1
123.667810430839,123.83035011337869,56,65,1,1,1,1,1,1,1,1,1,1,1,1,1,1
123.63298049886622,123.79552018140589,53,41,1,1,1,1,1,1,1,1,1,1,-5,-5,1,1
123.63298049886622,123.81874013605443,41,35,2,1,1,1,2,2,1,1,1,1,1,1,1,1,1,1
123.60976054421769,123.80713015873016,61,68,1,1,1,1,1,1,1,1,1,1,1,1,1,1,1,1,-2
123.55171065759637,123.67942040816327,73,43,1,1,1,1,1,1,1,1,1,1,1
123.49366077097505,123.60976054421769,61,81,1,1,1,1,1,1,1,1,1,1
123.41239092970521,123.55171065759637,73,32,1,1,1,1,1,1,1,1,1,1,1,1
123.40078095238096,123.56332063492064,68,33,1,1,1,1,1,1,1,1,1,1,1,1,1,1
123.40078095238096,123.49366077097505,61,68,1,1,1,1,1,1,1,1
123.40078095238096,123.5749306122449,49,53,1,1,1,1,1,1,1,1,1,1,1,1,1,1,1
123.33112108843538,123.667810430839,56,36,1,1,1,1,1,1,1,1,1,1,1,1,1,1,1,1,1,1,1,1,1,1,1,1,1,1,1,1,1
123.33112108843538,123.56332063492064,46,58,1,1,1,1,1,1,1,1,1,1,1,1,1,1,1,1,1,1,1,1
123.31951111111111,123.67942040816327,65,52,1,1,1,1,1,1,1,1,1,1,1,1,1,1,1,1,1,1,1,1,1,1,1,1,1,1,1,1,1,1,1
123.24985124716554,123.40078095238096,49,71,1,1,1,1,1,1,1,1,1,1,1,1,1
123.19180136054422,123.45883083900227,58,50,1,1,1,1,1,1,1,1,1,1,1,1,1,1,1,1,1,1,1,1,1,1,1
123.18019138321996,123.33112108843538,46,72,1,1,1,1,1,1,1,1,1,1,1,1,1
123.1685814058957,123.31951111111111,65,37,1,1,1,1,1,1,1,1,-5,-5,1,1,1
123.1685814058957,123.38917097505669,63,48,1,1,1,1,1,1,1,1,1,1,1,1,1,1,1,1,1,1,1
123.16729750566893,123.40078095238096,61,39,1,1,1,1,1,1,1,1,1,1,1,1,1,1,1,1,1,1,1,1,1
123.10924761904762,123.30790113378686,68,44,1,1,1,1,1,1,1,1,1,1,1,1,1,1,1,1,1,1
123.0511977324263,123.1685814058957,65,31,4,4,1,1,1,1,1,1,1,1,1
123.0511977324263,123.19180136054422,58,68,1,1,1,1,1,1,1,1,1,1,1,1,1
123.0511977324263,123.18019138321996,46,60,1,1,1,1,1,1,1,1,1,1,1,1
123.00475782312925,123.10924761904762,68,25,-5,-5,-5,1,1,1,1,1,1
123.00475782312925,123.1685814058957,63,32,1,1,1,1,1,-5,-5,-5,-5,-5,-5,-5,1,1,1
122.9583179138322,123.16729750566893,61,63,1,1,1,1,1,1,1,1,1,1,1,1,1,1,1,1,1,1
122.93509795918368,123.0511977324263,58,62,1,1,1,1,1,1,1,1,1,1
122.87704807256236,122.99314784580498,73,35,1,1,1,1,1,1,1,1,1,1
122.79577823129252,123.00475782312925,63,53,1,1,1,1,1,1,1,1,1,1,1,1,1,1,1,1,-5,-5
122.74933832199547,123.30790113378686,54,46,1,1,1,1,1,1,1,1,1,1,1,1,1,1,1,1,1,1,1,1,1,1,1,1,1,1,1,-2,-2,1,1,1,1,1,1,1,1,1,1,1,1,1,1,1,1,1,1,1,1
122.67967845804989,122.9583179138322,61,52,1,1,1,1,1,1,1,1,1,1,1,1,1,1,1,1,1,1,1,1,1,1,1,1
122.67967845804989,123.24985124716554,49,55,1,1,1,1,1,1,1,1,1,1,1,1,1,1,1,1,1,1,1,1,1,1,1,1,1,1,1,1,1,1,1,1,1,1,1,1,1,1,1,1,1,1,1,1,1,1,1,1,1,1
122.66806848072562,122.93509795918368,58,62,1,1,1,1,1,1,1,1,1,1,1,1,1,1,1,1,1,1,1,1,1,1,1
122.59840861678005,123.24985124716554,70,39,1,1,1,1,1,1,1,1,1,1,1,1,1,1,1,1,1,1,1,1,1,1,1,1,1,1,1,1,1,1,1,1,1,1,1,1,1,1,1,1,1,1,1,1,1,1,1,1,-5,-5,-5,1,1,1,1,1,1
122.59840861678005,122.69128843537415,66,41,1,1,1,1,1,1,1,1
122.551968707483,122.74933832199547,54,48,1,1,1,1,1,1,1,1,1,1,1,1,1,1,1,1,1
122.551968707483,122.67967845804989,49,57,1,1,1,1,1,1,1,1,1,1,1
122.54035873015873,122.67967845804989,61,27,1,1,1,1,1,1,1,1,2,2,1,1
122.50552879818594,122.59840861678005,70,37,1,1,1,1,1,1,1,1
122.48230884353741,122.66806848072562,58,56,1,1,1,1,1,1,1,1,0,0,0,0,0,1,1,1
122.45908888888889,122.551968707483,54,31,1,1,1,1,1,1,1,1
122.38942902494331,122.50552879818594,70,44,1,1,1,1,1,1,1,1,1,1
122.38942902494331,122.48230884353741,58,51,1,1,1,1,1,1,1,1
122.29654920634921,122.551968707483,49,56,1,1,1,1,1,1,1,1,1,1,1,1,1,1,1,1,1,1,1,1,1,1
122.22688934240362,122.34298911564626,73,47,1,1,1,1,1,1,1,1,1,1
122.21527936507937,122.5171387755102,61,59,1,1,1,1,1,1,1,1,1,1,1,1,1,1,1,1,1,1,1,1,1,1,1,1,1,1
122.19205941043084,122.40103900226757,65,34,1,1,1,1,1,1,1,1,1,1,1,1,1,1,1,1,1,1
122.09917959183673,122.21527936507937,61,81,1,1,1,1,1,1,1,1,1,1
122.09917959183673,122.21527936507937,56,40,1,1,1,1,1,1,1,1,1,1
122.08756961451247,122.31976916099774,68,32,1,1,1,1,1,1,1,1,1,1,1,1,1,1,1,1,1,1,1,1
122.08756961451247,122.29654920634921,49,59,1,1,1,1,1,1,1,1,1,1,1,1,1,1,1,1,0,1
122.04112970521541,122.18044943310657,54,47,1,1,1,1,1,1,1,1,1,1,1,1
121.99468979591836,122.08756961451247,68,28,-5,-5,-5,-5,-5,-5,1,1
121.99468979591836,122.09917959183673,61,58,1,1,1,1,1,1,1,1,1
121.9830798185941,122.08756961451247,49,66,1,1,1,1,1,1,1,1,1
121.97146984126984,122.29654920634921,42,42,1,1,1,1,1,1,1,1,1,1,1,1,1,1,1,1,1,1,1,1,1,1,1,1,1,1,1,1
121.95985986394558,122.38942902494331,70,40,1,1,1,1,1,1,1,1,1,1,1,1,1,1,1,1,1,1,1,1,1,1,1,1,1,1,1,1,1,1,-5,1,1,1,1,1,1
121.95985986394558,122.110789569161,58,65,1,1,1,1,1,1,1,1,1,1,1,1,1
121.94824988662131,122.14561950113378,66,44,-2,1,1,1,1,1,1,1,1,1,1,1,1,1,1,1,1
121.90180997732426,122.04112970521541,54,57,1,1,1,1,1,1,1,1,1,1,1,1
121.87859002267574,122.33137913832199,30,56,1,1,1,1,1,1,1,1,1,1,1,1,1,1,1,1,1,1,1,1,1,1,1,1,1,1,1,1,1,1,1,1,1,1,1,1,1,1,1
121.78571020408162,121.94824988662131,65,51,1,1,1,1,1,1,1,1,1,1,1,1,1,1
121.77410022675737,121.90180997732426,53,44,1,1,1,1,1,1,1,1,1,1,1
121.77410022675737,121.9830798185941,49,62,1,1,1,1,1,1,1,1,1,1,1,1,1,1,1,1,1,1
121.64639047619048,121.78571020408162,65,61,1,1,1,1,1,1,1,1,1,1,1,1
121.61156054421768,121.95985986394558,70,45,1,1,1,1,1,1,1,1,1,1,1,1,1,1,1,1,1,1,1,1,1,1,1,-5,1,1,1,1,1,1
121.54190068027211,121.65800045351473,73,40,1,1,1,1,1,1,1,1,1,1
121.54190068027211,121.95985986394558,58,56,1,1,1,1,1,1,1,1,1,1,1,1,1,1,1,1,1,1,1,1,1,1,1,1,1,1,1,1,1,1,1,1,1,1,1,1
121.54190068027211,121.6347804988662,54,45,1,1,1,1,1,1,1,1
121.54190068027211,121.77410022675737,49,44,1,1,1,1,1,1,1,1,1,1,1,1,1,1,1,1,1,1,1,1
121.53029070294784,121.72766031746032,61,55,1,1,1,1,1,1,1,1,1,1,1,1,1,1,1,1,1
121.43741088435374,121.59995056689343,82,38,1,1,1,1,1,1,1,1,1,1,1,1,1,1
121.33292108843537,121.48385079365079,65,35,1,1,1,1,1,1,1,1,1,1,1,1,1
121.33292108843537,121.54190068027211,58,70,1,1,1,1,1,1,1,1,1,1,1,1,1,1,1,1,1,1
121.29809115646259,121.54190068027211,73,36,1,1,1,1,1,1,1,1,1,1,1,1,1,1,1,1,1,2,2,1,1
121.29809115646259,121.59995056689343,68,41,1,1,1,1,1,1,1,1,1,1,1,1,1,1,1,1,1,1,1,1,1,1,1,1,1,1
121.28648117913832,121.53029070294784,61,47,1,1,1,1,1,1,1,1,1,1,1,1,1,1,1,1,1,1,1,1,1
121.28648117913832,121.37936099773242,49,47,1,1,1,1,1,1,1,1
121.19360136054422,121.28648117913832,49,56,1,1,1,1,1,1,1,1
121.18199138321995,121.29809115646259,68,29,1,1,1,1,1,1,1,1,1,1
121.1458775510204,121.28648117913832,63,59,1,1,1,1,1,1,1,1,1,1,1,1,1
121.08782766439909,121.1807074829932,56,34,1,1,1,1,1,1,1,1
121.0529977324263,121.25165124716553,51,57,-5,1,1,1,1,1,1,1,1,1,1,1,1,1,1,1,1,1
120.99494784580499,121.13426757369614,66,30,-2,-2,1,1,1,1,1,1,1,1,1,1
120.97172789115646,121.19360136054422,49,66,1,1,1,1,1,1,1,1,1,1,1,1,1,1,1,1,1,1,1,1
120.96011791383219,121.33292108843537,58,74,1,1,1,1,1,1,1,1,1,1,1,1,1,1,1,1,1,1,1,1,1,1,1,1,1,1,1,1,1,1,1,1,1
120.96011791383219,121.18199138321995,39,53,1,1,1,1,1,1,1,1,1,1,1,1,1,1,1,1,1,1,1,1
120.94850793650794,121.0529977324263,73,34,1,1,1,1,1,1,1,1,1
120.94850793650794,121.08782766439909,42,52,1,1,1,1,1,1,1,1,1,1,1,1
120.90206802721087,121.36775102040816,70,45,1,1,1,1,1,1,1,1,1,1,1,1,1,1,1,1,1,1,1,1,1,1,1,1,1,1,1,1,1,1,1,0,1,1,1,1,1,1,1,1,1
120.84401814058957,120.96011791383219,80,31,1,1,1,1,1,1,1,1,1,1
120.8324081632653,120.96011791383219,39,41,1,1,1,1,1,1,1,1,1,1,1
120.82079818594104,120.94850793650794,42,78,1,1,1,1,1,1,1,1,1,1,1
120.77435827664398,120.90206802721087,70,39,1,1,1,1,2,2,1,1,1,1,1
120.76274829931972,120.97172789115646,49,68,1,1,1,1,1,1,1,1,1,1,1,1,1,1,1,1,1,1
120.75113832199546,120.85562811791382,73,25,1,1,1,1,1,1,1,1,1
120.75113832199546,121.08782766439909,61,59,1,1,1,1,1,1,1,1,1,1,1,1,1,1,1,1,1,1,1,1,1,1,1,1,1,1,1,1,1
120.7395283446712,120.96011791383219,58,48,1,1,1,1,1,1,1,1,1,1,1,1,1,1,1,1,1,1,1
120.66986848072563,120.77435827664398,65,45,1,1,1,1,1,1,1,1,1
120.66986848072563,120.82079818594104,42,47,1,1,1,1,1,1,1,1,1,1,1,1,1
120.64664852607709,120.79757823129252,54,35,-2,1,1,1,1,1,1,1,1,1,1,1,1
120.63503854875283,120.75113832199546,61,53,1,1,1,1,1,1,1,1,1,1
120.62342857142856,120.77435827664398,70,39,1,1,1,1,1,1,1,1,1,1,1,1,1
120.62342857142856,120.7395283446712,58,35,0,0,0,0,1,1,1,1,1,1
120.62342857142856,120.72791836734693,51,26,-5,-5,-5,-5,-5,-5,-5,-5,1
120.57698866213151,120.76274829931972,49,70,1,1,1,1,1,1,1,1,1,1,1,1,1,1,1,1
120.54215873015873,120.66986848072563,65,42,1,1,1,1,1,1,1,1,1,1,1
120.54215873015873,120.64664852607709,53,64,1,1,1,1,1,1,1,1,1
120.50732879818594,120.62342857142856,70,25,2,2,2,2,2,2,-5,1,1,1
120.43766893424036,120.54215873015873,53,62,1,1,1,1,1,1,1,1,1
120.43766893424036,120.57698866213151,49,73,1,1,1,1,1,1,1,1,1,1,1,1
120.37961904761904,120.56537868480726,58,42,1,1,1,1,1,1,1,1,1,1,1,1,1,1,1,1
120.37961904761904,120.6118185941043,56,41,1,1,1,1,1,1,1,1,1,1,1,1,1,1,1,1,1,1,1,1
120.27512925170068,120.4260589569161,73,28,-2,-2,1,1,1,1,1,1,1,1,1,1,1
120.2635192743764,120.43766893424036,49,59,1,1,1,1,1,1,1,1,1,1,1,1,1,1,1
120.22868934240363,120.34478911564625,68,44,1,1,1,1,1,1,1,1,1,1
120.21707936507936,120.43766893424036,53,55,1,1,1,1,1,1,1,1,1,1,1,1,1,1,1,1,1,1,1
120.21707936507936,120.40283900226757,46,66,1,1,1,1,1,1,1,1,1,1,1,1,1,1,1,1
120.18224943310658,120.32156916099773,80,31,1,1,1,1,1,1,1,1,1,1,1,1
120.17063945578231,120.37961904761904,58,48,1,1,1,1,1,1,1,1,1,1,1,1,1,1,1,1,1,1
120.11258956916099,120.27512925170068,72,31,4,1,1,1,1,1,1,1,1,1,1,1,1,1
120.11258956916099,120.21707936507936,53,60,1,1,1,1,1,1,1,1,1
120.10097959183673,120.22868934240363,68,35,1,1,1,1,1,1,1,1,1,1,1
120.10097959183673,120.2635192743764,49,60,1,1,1,1,1,1,1,1,1,1,1,1,1,1
120.10097959183673,120.21707936507936,46,67,1,1,1,1,1,1,1,1,1,1
120.04292970521541,120.25190929705215,61,51,1,1,1,1,1,1,1,1,1,1,1,1,1,1,1,1,1,1
120.03131972789116,120.13580952380951,56,37,1,1,1,1,1,1,1,1,1
119.9848798185941,120.08936961451246,65,56,1,1,1,1,1,1,1,1,1
119.93843990929705,120.10097959183673,46,42,1,1,1,1,1,1,1,1,1,1,1,1,1,1
119.88039002267573,120.00809977324262,58,61,1,1,1,1,1,1,1,1,1,1,1
119.86878004535147,120.04292970521541,61,58,1,1,1,1,1,1,1,1,1,1,1,1,1,1,1
119.77590022675737,120.11258956916099,53,43,1,1,1,1,1,1,1,1,1,1,1,1,1,1,1,1,1,1,1,1,1,1,1,1,1,1,1,1,1
119.7642902494331,120.03131972789116,56,53,1,1,1,1,1,1,1,1,1,1,1,1,1,1,1,1,1,1,1,1,1,1,1
119.75268027210883,119.88039002267573,58,50,1,1,1,1,-5,-5,-5,-5,-5,1,1
119.74107029478458,119.88039002267573,46,47,1,1,1,1,1,1,1,1,1,1,1,1
119.63658049886621,119.7642902494331,56,53,1,1,1,1,1,1,1,1,1,1,1
119.61336054421768,119.75268027210883,58,48,1,1,1,1,1,1,1,1,1,1,1,1
119.61336054421768,119.74107029478458,46,45,1,1,1,1,1,1,1,1,1,1,1
119.60175056689341,119.69463038548753,70,47,1,1,1,1,1,1,1,1
119.43921088435374,119.60175056689341,70,33,1,1,1,1,0,0,0,0,1,1,1,1,1,1
119.38116099773242,119.77590022675737,53,62,1,1,1,1,1,1,1,1,1,1,1,1,1,1,1,1,1,1,1,1,1,1,1,1,1,1,1,1,1,1,1,1,1,1
119.25345124716553,119.49726077097505,58,52,1,1,1,1,1,1,1,1,1,1,1,1,1,1,1,1,1,1,1,1,1
119.25345124716553,119.38116099773242,53,66,1,1,1,1,1,1,1,1,1,1,1
119.25345124716553,119.36955102040815,46,44,1,1,1,1,1,1,1,1,1,1
119.17089750566895,119.25345124716553,46,49,1,1,1,1,1,1,1,1
119.11284761904763,119.25345124716553,53,53,1,1,1,1,1,1,1,1,1,1,1,1,1
119.10123764172336,119.25345124716553,58,67,1,1,1,1,1,1,1,1,1,1,1,1,1,1
118.95030793650794,119.3231111111111,65,49,1,1,1,1,1,1,1,1,1,1,1,1,1,1,1,1,1,1,1,1,1,1,1,1,1,1,1,1,1,1,1,1,1
118.93869795918368,119.17089750566895,46,40,1,1,1,1,1,1,1,1,1,1,1,1,1,1,1,1,1,1,1,1
118.90386802721089,119.11284761904763,53,48,1,1,1,1,1,1,1,1,1,1,1,1,1,1,1,1,1,1
118.82259818594105,118.95030793650794,65,47,1,1,1,1,1,1,1,1,1,1,1
118.82259818594105,118.93869795918368,46,53,1,1,1,1,1,1,1,1,1,1
118.78776825396827,118.88064807256237,56,34,7,7,1,1,1,1,1,1
118.776158276644,118.96191791383221,41,43,1,1,1,1,1,1,1,1,1,1,1,1,1,1,1,1
118.72971836734695,118.88064807256237,60,35,-5,-5,-5,1,-5,-5,-5,-5,-5,-5,1,1,1
118.72971836734695,119.10123764172336,58,51,1,1,1,1,1,1,1,1,1,1,1,1,1,1,1,1,1,1,1,1,1,1,1,1,1,1,1,1,1,1,1,1
118.71810839002268,118.90386802721089,53,45,1,1,1,1,1,1,1,1,1,1,1,1,1,1,1,1
118.61361859410431,118.82259818594105,46,41,1,1,1,1,1,1,1,1,1,1,1,1,1,1,1,1,1,1
118.59039863945578,118.69488843537415,70,39,-5,-5,1,1,1,1,1,1,1
118.59039863945578,118.72971836734695,58,52,1,1,1,1,1,1,1,1,1,1,1,1
118.56717868480726,118.70649841269842,68,48,1,1,1,1,1,1,1,1,1,1,1,1
118.50912879818594,118.71810839002268,53,46,1,1,1,1,1,1,1,1,1,1,1,1,1,1,1,1,1,1
118.49751882086169,118.61361859410431,65,34,1,1,1,1,1,1,1,1,1,1
118.49751882086169,118.61361859410431,46,49,1,1,1,1,1,1,1,1,1,1
118.43946893424037,118.59039863945578,58,40,1,1,1,1,1,1,1,1,1,1,1,1,1
118.36980907029479,118.49751882086169,46,58,1,1,1,1,1,1,1,1,1,1,1
118.32336916099774,118.61361859410431,56,32,1,1,1,1,1,1,1,1,1,1,1,1,1,1,1,1,1,1,1,1,1,1,1,1,1
118.2769292517007,118.39302902494332,65,47,1,1,1,1,1,1,1,1,1,1
118.2769292517007,118.50912879818594,53,49,1,1,1,1,1,1,1,1,1,1,1,1,1,1,1,1,1,1,1,1
118.114389569161,118.36980907029479,46,52,1,1,1,1,1,1,1,1,1,1,1,1,1,1,1,1,1,1,1,1,1,1
118.10277959183674,118.52073877551021,70,47,1,1,1,1,1,1,1,1,1,1,1,1,1,1,1,1,1,1,1,1,1,1,1,1,1,1,1,1,1,1,1,1,1,1,1,1
118.07955963718821,118.2769292517007,53,60,1,1,1,1,1,1,1,1,1,1,1,1,1,1,1,1,1
118.04472970521543,118.2769292517007,65,40,1,1,1,1,1,1,1,1,1,1,1,1,1,1,1,1,1,1,1,1
118.04472970521543,118.16082947845806,58,32,1,1,1,1,1,1,1,1,1,1
117.98667981859411,118.114389569161,46,57,1,1,1,1,1,1,1,1,1,1,1
117.97506984126984,118.10277959183674,70,40,1,1,1,1,1,1,1,1,1,1,1
117.84736009070295,117.95184988662132,68,39,1,1,1,1,1,1,1,1,1
117.82414013605442,118.07955963718821,53,43,1,1,1,1,1,1,1,1,1,1,1,1,1,1,1,1,1,1,1,1,1,1
117.8009201814059,117.89380000000001,63,38,1,1,1,1,1,1,1,1
117.78931020408164,117.9286299319728,57,42,1,1,1,1,1,1,1,1,1,1,1,1
117.75448027210885,117.84736009070295,69,53,1,1,1,1,1,0,0,0
117.74287029478458,117.84736009070295,49,36,1,1,1,1,1,0,1,1,1
117.46423083900227,117.64999047619048,44,44,1,1,1,1,1,1,1,1,1,1,1,1,1,1,1,1
117.42940090702949,117.74287029478458,49,37,1,1,1,1,1,1,1,1,1,1,1,1,1,-1,-1,1,1,1,1,1,1,1,1,1,1,1,1
117.41779092970522,117.78931020408164,61,54,1,1,1,1,1,1,1,1,1,1,1,1,1,1,1,1,1,1,1,1,1,1,1,1,1,1,1,1,1,1,1,1
117.40618095238096,117.49906077097506,80,37,1,1,1,1,1,1,1,1
117.40618095238096,117.68482040816328,68,42,1,1,1,1,1,1,1,1,1,1,1,1,1,1,1,1,1,1,1,1,1,1,1,1
117.40618095238096,117.61516054421769,56,38,1,1,1,1,1,1,1,1,1,1,1,1,1,1,1,1,1,1
117.3945709750567,117.8009201814059,63,52,1,1,1,1,1,1,1,1,1,1,1,1,1,1,1,1,1,1,-5,1,1,1,1,1,1,1,1,1,1,1,1,1,1,1,1
117.33652108843538,117.45262086167801,85,38,1,1,1,1,1,1,1,1,1,1
117.19591746031746,117.33652108843538,69,55,1,1,1,1,1,1,1,1,1,1,1,-2,-2
117.1843074829932,117.3597410430839,60,41,1,1,1,1,1,1,1,1,1,1,1,1,1,1,1,1
117.1843074829932,117.29008117913833,53,39,1,1,1,1,1,1,1,1,1,1
117.17269750566894,117.42940090702949,49,35,0,0,0,1,1,1,1,1,1,1,1,1,1,1,1,1,1,1,1,1,1,1,1
117.10303764172336,117.29008117913833,41,39,1,1,1,1,1,1,1,1,1,1,1,1,1,1,1,1,1
117.09142766439909,117.20881133786848,44,35,1,1,1,1,1,1,1,1,1,1,1
117.06820770975057,117.19591746031746,69,50,1,1,1,1,1,-2,-2,-2,-2,-2,-2
117.06820770975057,117.1843074829932,53,46,1,1,1,1,1,1,1,1,1,1
116.97532789115647,117.06820770975057,68,51,1,1,1,1,1,1,1,1
116.94049795918367,117.17269750566894,49,45,1,1,1,1,1,1,1,1,1,1,1,1,1,1,1,1,1,1,0,0
116.92888798185942,117.11464761904762,65,32,1,1,1,1,1,1,1,1,1,1,1,1,1,1,1,1
116.92888798185942,117.06820770975057,61,47,1,1,1,1,1,1,1,1,1,1,1,1
116.84761814058957,116.99854784580499,77,29,1,1,1,-2,-2,1,1,1,1,1,1,1,1
116.81278820861678,116.97532789115647,69,32,-2,-2,-2,-2,-2,-2,-2,-2,-2,-2,-2,-2,-2,-2
116.80117823129252,116.9056680272109,53,39,1,1,1,1,1,1,1,1,1
116.76634829931973,116.94049795918367,49,41,1,1,1,1,1,1,1,1,1,1,1,1,1,1,1
116.71990839002268,116.81278820861678,68,40,1,1,1,1,1,1,1,1
116.71990839002268,116.92888798185942,61,51,1,1,1,1,1,1,1,1,1,1,1,1,1,1,1,1,1,1
116.70829841269841,116.81278820861678,57,45,1,1,1,1,1,1,1,1,1
116.70829841269841,117.10303764172336,41,37,1,1,1,1,1,1,1,1,1,1,1,1,1,1,1,1,1,1,1,1,1,1,1,1,1,1,1,1,1,1,1,1,1,1
116.68507845804989,116.80117823129252,53,39,1,1,1,1,1,1,1,1,1,1
116.61541859410431,116.70829841269841,58,39,1,1,1,1,1,1,1,1
116.60380861678004,116.71990839002268,68,44,1,1,1,1,1,1,1,1,1,1
116.59219863945579,116.71990839002268,61,55,1,1,1,1,1,1,1,1,1,1,1
116.54575873015874,116.68507845804989,46,43,1,1,1,1,1,1,1,1,1,1,1,1
116.47609886621315,116.67346848072563,54,54,1,1,1,1,1,1,1,1,1,1,1,1,1,1,1,1,1
116.47609886621315,116.58058866213152,51,54,1,1,1,1,1,1,1,1,1
116.4296589569161,116.62702857142858,66,39,1,1,1,1,1,1,1,1,1,1,1,1,1,1,1,1,1
116.39482902494332,116.59219863945579,61,35,1,1,1,1,1,1,1,1,1,1,1,1,1,1,1,1,1
116.3716090702948,116.47609886621315,51,68,1,1,1,1,1,1,1,1,1
116.32516916099773,116.41804897959184,58,30,1,1,1,1,1,1,1,1
116.18584943310658,116.4296589569161,66,44,-2,-2,1,1,1,1,1,1,1,1,1,1,1,1,1,1,1,1,1,1,1
116.13940952380953,116.29033922902495,61,47,1,1,1,1,1,1,1,1,1,1,1,1,1
116.03491972789116,116.13940952380953,61,57,1,1,1,1,1,1,1,1,1
116.03491972789116,116.47609886621315,54,60,1,1,1,1,1,1,1,1,1,1,1,1,1,1,1,1,1,1,1,1,1,1,1,1,1,1,1,1,1,1,1,1,1,1,1,1,1,1
116.0233097505669,116.3716090702948,51,50,1,1,1,1,1,1,1,1,1,1,1,1,1,1,1,1,1,1,1,1,1,1,1,1,1,1,1,1,1,1
116.01169977324264,116.18584943310658,65,28,4,1,1,1,1,1,1,1,1,1,1,1,1,1,1
116.01169977324264,116.25550929705216,46,38,1,1,1,1,1,1,1,1,1,1,1,1,1,1,1,1,1,1,1,1,1
115.94203990929705,116.03491972789116,54,59,1,1,1,1,1,1,1,1
115.9304299319728,116.03491972789116,61,42,1,1,1,1,1,1,1,1,1
115.91881995464853,116.20906938775511,58,43,1,1,1,1,1,1,1,1,1,1,1,1,1,1,1,1,1,1,1,1,1,1,1,1,1
115.91881995464853,116.0233097505669,51,50,1,1,1,1,1,1,1,1,1
115.90720997732427,116.10457959183674,73,30,1,1,1,1,1,1,1,1,1,1,1,1,1,1,1,1,1
115.82594013605443,115.91881995464853,58,43,1,1,1,1,1,1,1,1
115.82594013605443,116.01169977324264,46,32,1,1,1,1,1,1,1,1,2,2,2,1,1,1,1,1
115.79111020408163,116.15101950113379,82,32,1,0,0,0,0,0,1,1,1,1,1,1,1,1,1,1,1,1,1,1,1,1,1,1,1,1,1,1,1,1,1
115.76789024943311,115.94203990929705,54,63,1,1,1,1,1,1,1,1,1,1,1,1,1,1,1
115.74467029478458,115.8956,68,48,1,1,1,1,1,1,1,1,1,1,1,1,1
115.73306031746033,115.82594013605443,73,43,1,1,1,1,1,1,1,1
115.68662040816326,115.91881995464853,51,56,1,1,1,1,1,1,1,1,1,1,1,1,1,1,1,1,1,1,1,1
115.64018049886621,115.74467029478458,68,48,1,1,1,1,1,1,1,1,1
115.64018049886621,115.76789024943311,54,62,1,1,1,1,1,1,1,1,1,1,1
115.64018049886621,115.79111020408163,42,45,1,1,1,1,1,1,1,1,1,1,1,1,1
115.41959092970522,115.64018049886621,54,49,1,1,1,1,1,1,1,1,1,1,1,1,1,1,1,1,1,1,1
115.40798095238095,115.68662040816326,51,51,-5,1,1,1,1,1,1,1,1,1,1,1,1,1,1,1,1,1,1,1,1,1,1,1
115.3615410430839,115.60535056689343,65,30,1,1,1,1,1,1,1,1,1,1,1,1,1,1,1,1,1,1,1,1,1
115.3615410430839,115.64018049886621,58,53,1,1,1,1,1,1,1,1,1,1,1,1,1,1,1,1,1,1,1,1,1,1,1,1
115.34993106575965,115.44281088435375,63,32,1,1,1,1,1,-5,-5,-5
115.34993106575965,115.9304299319728,61,57,1,1,1,1,1,1,1,1,1,1,1,1,1,1,1,1,1,1,1,1,1,1,1,1,1,1,1,1,1,1,1,1,1,1,1,1,1,1,1,1,1,1,1,1,1,1,1,1,1,1
115.34993106575965,115.54730068027212,49,52,1,1,1,1,1,1,1,1,1,1,1,1,1,1,1,1,1
115.34993106575965,115.46603083900227,46,36,1,1,1,1,1,1,1,1,1,1
115.07000770975057,115.20932743764172,61,42,-2,-2,1,1,1,1,1,1,1,1,1,1
115.04678775510205,115.31510113378685,68,56,1,1,1,1,1,1,1,1,1,1,1,1,1,1,1,1,1,1,1,1,1,1,1,1
114.98873786848073,115.13966757369614,32,44,1,1,1,1,1,1,1,1,1,1,1,1,1
114.89585804988663,115.0583977324263,44,49,1,1,1,1,1,1,1,1,1,1,1,1,1,1
114.84941814058956,114.97712789115646,63,51,1,1,1,1,1,1,1,1,1,1,1
114.81458820861678,114.98873786848073,32,42,1,1,1,1,1,1,1,1,-1,-1,-1,-1,-1,-1,1
114.77975827664399,115.07000770975057,60,37,1,1,1,1,1,1,1,1,1,1,1,1,1,0,0,0,0,0,1,1,1,1,1,1,1
114.77975827664399,114.88424807256236,53,53,1,1,1,1,1,1,1,1,1
114.77975827664399,114.89585804988663,44,66,1,1,1,1,1,1,1,1,1,1
114.75653832199546,114.9655179138322,65,32,1,1,1,1,1,1,1,1,-5,-5,-5,-5,-5,-5,1,1,1,1
114.69848843537414,114.84941814058956,63,36,1,1,1,1,1,1,1,1,1,1,1,1,1
114.57077868480725,114.74492834467121,58,64,1,1,1,1,1,1,1,1,1,1,1,1,1,1,1
114.53594875283447,114.64043854875284,68,47,1,1,1,1,1,1,1,1,1
114.51272879818595,114.77975827664399,53,47,-5,-5,-5,-5,-5,-5,1,1,1,1,1,1,1,1,1,1,1,1,1,1,1,1,1
114.47789886621315,114.64043854875284,46,51,1,1,1,1,1,1,1,1,1,1,1,1,1,1
114.45467891156463,114.57077868480725,58,58,1,1,1,1,1,1,1,1,1,1
114.44306893424036,114.61721859410432,51,47,1,1,1,1,1,1,1,1,1,1,1,1,1,1,1
114.4314589569161,114.6520485260771,63,48,1,1,1,1,1,1,1,1,1,1,1,1,1,1,1,1,1,1,1
114.4314589569161,114.58238866213152,49,38,1,1,1,1,1,1,1,1,1,1,1,1,1
114.37340907029478,114.50111882086168,56,52,1,1,1,1,1,1,1,1,1,1,1
114.35018911564626,114.5243387755102,70,40,1,1,1,1,1,1,1,1,1,1,1,1,1,1,1
114.33857913832199,114.45467891156463,58,44,1,1,1,1,1,1,-5,-5,-5,-5
114.32696916099773,114.53594875283447,68,39,1,1,1,1,1,1,1,1,1,1,1,1,1,1,1,1,1,1
114.32696916099773,114.4314589569161,44,38,1,1,1,1,1,1,1,1,1
114.30374920634921,114.4314589569161,63,57,1,1,1,1,1,1,1,1,1,1,1
114.30374920634921,114.44306893424036,51,40,1,1,1,1,1,1,1,1,1,1,1,1
114.2108693877551,114.33857913832199,58,68,1,1,1,1,1,1,1,1,1,1,1
114.10637959183674,114.24569931972789,46,52,1,1,1,1,1,1,1,1,1,1,1,1
114.07154965986395,114.2108693877551,58,40,1,1,1,1,1,1,1,1,1,1,1,1
114.0251097505669,114.4314589569161,49,51,1,1,1,1,1,1,1,1,1,1,1,1,1,1,1,1,1,1,1,1,1,1,1,1,1,1,1,1,1,1,1,1,1,1,1
113.97866984126985,114.18764943310657,65,43,-5,-5,1,1,1,1,1,1,1,1,1,1,1,1,1,1,1,1
113.97866984126985,114.07154965986395,58,54,1,1,1,1,1,1,1,1
113.97866984126985,114.28052925170068,53,58,1,1,1,1,1,1,1,1,1,1,1,1,1,1,1,1,1,1,1,1,1,1,1,1,1,1
113.96705986394558,114.61721859410432,61,44,1,1,1,1,1,1,1,1,1,1,1,1,1,1,1,1,1,1,1,1,1,1,1,1,1,1,1,1,1,1,1,1,1,1,1,1,1,1,1,1,1,1,1,1,1,1,1,1,1,1,1,1,1,1,1,1
113.92061995464853,114.10637959183674,46,39,1,1,1,1,1,1,1,1,1,1,1,1,1,1,1,1
113.86257006802721,113.97866984126985,53,63,1,1,1,1,1,1,1,1,1,1
113.85096009070296,113.94383990929705,70,42,1,1,1,1,1,1,1,1
113.85096009070296,114.09476961451247,63,48,1,1,1,1,1,1,1,1,1,1,1,1,1,1,1,1,1,1,1,1,1
113.85096009070296,113.97866984126985,58,33,1,1,1,1,1,1,1,1,1,1,1
113.80452018140589,113.96705986394558,68,46,1,1,1,1,1,1,1,1,1,1,1,1,1,1
113.75808027210884,113.96705986394558,61,63,1,1,1,1,1,1,1,1,1,1,1,1,1,1,1,1,1,1
113.72325034013606,113.85096009070296,56,50,1,1,1,1,1,1,1,1,1,1,1
113.68842040816327,113.92061995464853,46,40,1,1,1,1,1,1,1,1,1,1,1,1,1,1,1,1,1,1,1,1
113.65359047619047,114.0251097505669,49,32,1,1,1,1,1,1,1,1,1,1,1,1,1,1,1,1,1,1,1,1,1,1,1,1,1,1,1,1,1,1,1,1
113.64198049886622,113.75808027210884,61,58,1,1,1,1,1,1,1,1,1,1
113.52588072562358,113.65359047619047,68,40,1,1,1,1,1,1,1,1,1,1,1
113.52588072562358,113.85096009070296,63,50,1,1,1,1,1,1,1,1,1,1,1,1,1,1,1,1,1,1,1,1,1,1,1,1,1,1,1,1
113.456220861678,113.59554058956917,53,60,1,1,1,1,1,1,1,1,1,1,1,1
113.42139092970521,113.52588072562358,60,41,1,1,1,1,1,1,1,1,1
113.40978095238096,113.53749070294785,41,51,1,1,1,1,1,1,1,1,1,1,1
113.3633410430839,113.52588072562358,69,63,1,1,1,1,1,1,1,1,1,1,1,1,1,1
113.34012108843538,113.456220861678,53,57,1,1,1,1,1,1,1,1,1,1
113.29368117913832,113.72325034013606,56,36,1,1,1,1,1,1,1,1,1,0,0,0,1,1,1,1,1,1,1,1,1,1,1,1,1,1,1,1,1,1,1,1,1,1,1,1,1
113.24724126984127,113.43300090702948,77,42,1,1,1,1,1,1,1,1,1,1,1,1,1,1,1,1
113.23563129251701,113.34012108843538,53,47,1,1,1,1,1,1,1,1,1
113.23563129251701,113.3633410430839,49,50,1,1,1,1,1,1,1,1,1,1,1
113.23434739229025,113.52588072562358,65,53,1,1,1,1,1,1,1,1,1,1,1,1,1,1,1,1,1,1,1,1,1,1,1,1,1,1
113.22273741496599,113.3633410430839,68,58,1,1,1,1,1,1,1,1,1,1,1,1,1
113.0950276643991,113.42139092970521,61,38,1,1,1,1,1,1,1,1,1,1,1,1,1,1,1,1,1,-2,-2,-2,-2,-2,-2,-2,-2,1,1,1,1
113.08341768707483,113.23563129251701,63,48,1,1,1,1,1,1,1,1,1,1,1,1,1,1
112.97892789115646,113.11824761904762,69,50,1,1,1,1,1,1,1,1,1,1,1,4
112.97892789115646,113.0950276643991,61,44,1,1,1,1,1,1,1,1,1,1
112.95570793650793,113.29368117913832,56,57,1,1,1,1,1,1,1,1,1,1,1,1,1,1,1,1,1,1,1,1,1,1,1,1,1,1,1,1,1,1
112.89765804988662,113.08341768707483,63,48,1,1,1,1,1,1,1,1,1,1,1,1,1,1,1,1
112.88604807256236,112.97892789115646,68,53,1,1,1,1,1,1,1,1
112.80477823129252,112.97892789115646,61,42,1,1,1,1,1,1,1,1,1,1,1,1,1,1,1
112.78155827664399,112.88604807256236,68,63,4,1,1,1,1,1,1,1,1
112.73511836734694,113.23563129251701,53,51,1,1,1,1,1,1,1,1,1,1,1,1,1,1,1,1,1,1,1,1,1,1,1,1,1,1,1,1,1,1,1,1,1,1,1,1,1,1,1,1,1,1,1,1
112.70028843537415,112.95570793650793,56,59,1,1,1,1,1,1,1,1,1,1,1,1,1,1,1,1,1,1,1,1,1,1
112.66545850340135,112.78155827664399,68,43,1,1,1,1,1,1,1,4,4,4
112.66545850340135,112.80477823129252,61,42,1,1,1,1,1,1,1,1,1,-2,-2,1
112.60740861678005,112.73511836734694,53,45,1,1,1,1,1,1,1,1,1,1,1
112.54935873015873,112.66545850340135,61,55,1,1,1,1,1,1,1,1,1,1
112.51452879818594,112.70028843537415,73,32,1,1,1,1,1,1,1,1,1,1,1,1,1,1,1,1
112.51452879818594,113.07180770975056,49,40,1,1,1,1,1,1,1,1,1,1,1,1,1,1,1,1,1,1,1,1,1,1,1,1,1,1,1,1,1,1,1,1,1,1,1,1,1,1,1,1,1,1,1,1,1,1,1,1
112.50291882086168,112.60740861678005,54,57,1,1,1,1,1,1,1,1,1
112.41003900226757,112.50291882086168,54,51,1,1,1,1,1,1,1,1
112.39842902494331,112.49130884353741,58,50,1,1,1,1,1,1,1,1
112.23588934240362,112.39842902494331,58,55,1,1,1,1,1,1,1,1,1,1,1,1,1,1
112.20105941043084,112.58418866213152,63,54,1,1,1,1,1,1,1,1,1,1,1,1,1,1,1,1,1,1,1,1,1,1,1,1,1,1,1,1,1,1,1,-5,-5
112.20105941043084,112.41003900226757,54,63,1,1,1,1,1,1,1,1,1,1,1,1,1,1,1,1,1,1
112.16622947845805,112.47969886621316,51,68,1,1,1,1,1,1,1,1,1,1,1,1,1,1,1,1,1,1,1,1,1,1,1,1,1,1,1
112.09656961451248,112.32876916099774,68,32,1,1,1,1,1,1,1,1,1,1,1,1,1,1,1,1,1,1,1,1
112.09656961451248,112.54935873015873,61,45,1,1,1,1,1,1,1,1,1,1,1,1,1,1,1,1,1,1,1,1,1,1,1,1,1,1,1,1,1,1,1,1,1,1,1,1,1,1,1
112.0849596371882,112.23588934240362,58,54,1,1,1,1,1,1,1,1,1,1,1,1,1
112.03851972789116,112.20105941043084,54,71,1,1,1,1,1,1,1,1,1,1,1,1,1,1
111.96885986394558,112.16622947845805,51,82,1,1,1,1,1,1,1,1,1,1,1,1,1,1,1,1,1
111.95724988662131,112.20105941043084,63,55,1,1,1,1,1,1,1,1,1,1,1,1,1,1,-5,-5,1,1,1,1,1
111.95724988662131,112.0849596371882,58,58,1,1,1,1,1,1,1,1,1,1,1
111.93402993197279,112.06173968253968,70,41,0,0,0,1,1,1,1,1,1,1,1
111.78310022675737,111.8992,61,44,1,1,1,1,1,1,1,1,1,1
111.7714902494331,111.95724988662131,58,48,1,1,1,1,1,1,1,1,1,1,1,1,1,1,1,1
111.7714902494331,112.03851972789116,54,66,1,1,1,1,1,1,1,1,1,1,1,1,1,1,1,1,1,1,1,1,1,1,1
111.73666031746032,111.88759002267574,68,25,1,1,1,1,1,1,1,1,1,1,1,1,1
111.72505034013605,111.94563990929706,49,56,1,1,1,1,1,1,1,1,1,1,1,1,1,1,1,1,1,1,1
111.678610430839,111.84115011337869,70,52,1,1,1,1,1,1,1,1,1,1,1,1,1,1
111.59734058956916,111.7714902494331,58,64,1,1,1,1,1,1,1,1,1,1,1,1,1,1,1
111.56251065759636,111.7714902494331,54,39,1,1,1,1,1,1,1,1,1,1,1,1,1,1,1,1,1,1
111.43480090702947,111.70183038548753,65,37,1,1,1,1,1,1,1,1,1,1,1,1,1,1,4,1,1,1,1,1,1,1,1
111.39997097505669,111.59734058956916,58,61,1,1,1,1,1,1,1,1,1,1,1,1,1,1,1,1,1
111.24904126984127,111.39997097505669,58,49,1,1,1,1,1,1,1,1,1,1,1,1,1
111.2477573696145,111.37675102040816,70,39,1,1,1,1,0,1,1,1,1,1,1,1
111.2477573696145,111.35353106575964,54,39,1,1,1,1,1,1,1,1,1,1
111.13165759637188,111.2477573696145,54,49,1,1,1,1,1,1,1,1,1,1
111.12004761904761,111.38836099773242,49,46,1,1,1,1,1,1,1,1,1,1,1,1,1,1,1,1,1,1,1,1,1,1,1,1
111.10843764172336,111.2477573696145,70,39,1,1,1,1,1,1,1,1,1,1,1,1
111.09682766439909,111.24904126984127,58,54,1,1,1,1,1,1,1,1,1,1,1,1,1,1
111.01555782312924,111.12004761904761,49,82,1,1,1,1,1,1,1,1,1
110.99233786848072,111.09682766439909,58,53,1,1,1,1,1,1,1,1,1
110.88784807256235,111.13165759637188,54,51,1,1,1,1,1,1,1,1,1,1,1,1,1,1,1,1,1,1,1,1,1
110.76013832199546,110.92267800453514,66,39,-2,-2,1,1,1,1,1,1,1,1,1,1,1,1
110.73691836734693,110.88784807256235,54,46,1,1,1,1,1,1,1,1,1,1,1,1,1
110.69047845804988,110.81818820861677,73,39,1,1,1,1,1,1,1,1,1,1,1
110.63242857142856,110.76013832199546,65,62,1,1,1,1,1,1,1,1,1,1,1
110.63242857142856,110.91106802721087,30,54,1,1,1,1,1,1,1,1,1,1,1,1,1,1,1,1,1,1,1,1,1,1,1,1
110.60920861678004,110.94589795918367,42,40,1,1,1,1,1,1,1,1,1,1,1,1,1,1,1,1,1,1,1,1,1,1,1,1,1,1,1,1,1
110.58598866213151,110.69047845804988,73,47,1,1,1,1,1,1,1,1,1
110.58598866213151,110.99233786848072,58,56,1,1,1,1,1,1,1,1,1,1,1,1,1,1,1,1,1,1,1,1,1,1,1,1,1,1,1,1,1,1,1,1,1,1,1
110.58598866213151,110.73691836734693,54,44,1,1,1,1,1,1,1,1,1,1,1,1,1
110.50471882086167,110.63242857142856,66,43,1,1,1,1,1,1,1,1,1,1,1
110.49310884353741,110.96911791383219,61,58,1,1,1,1,1,1,1,1,1,1,1,1,1,1,1,1,1,1,1,1,1,1,1,1,1,1,1,1,1,1,1,1,1,1,1,1,1,1,1,1,1
110.49310884353741,110.58598866213151,58,60,1,1,1,1,1,1,1,1
110.49310884353741,110.58598866213151,54,43,1,1,1,1,1,1,1,1
110.49310884353741,110.78335827664398,49,52,1,1,1,1,1,1,1,1,1,1,1,1,1,1,1,1,1,1,1,1,1,1,1,1,1
110.49310884353741,110.60920861678004,42,45,2,1,1,1,1,1,1,1,1,1
110.28412925170068,110.49310884353741,49,55,1,1,1,1,1,1,1,1,1,1,1,1,1,1,1,1,1,1
110.26090929705215,110.49310884353741,58,51,1,1,1,1,1,1,1,1,1,1,1,1,1,1,1,1,1,1,1,1
110.10997959183673,110.342179138322,66,32,-2,-2,1,-2,-2,-2,-2,-2,-2,-2,-2,1,1,1,1,1,1,1,1,1
110.04031972789114,110.49310884353741,42,48,1,1,1,1,1,1,1,1,1,1,1,1,1,1,1,1,1,1,1,1,1,1,1,1,1,1,1,1,2,2,2,2,2,2,2,2,2,2,2
110.00548979591836,110.26090929705215,58,56,1,1,1,1,1,1,1,1,1,1,1,1,1,1,1,1,1,1,1,1,1,1
109.98226984126984,110.07514965986394,54,44,1,1,1,1,1,1,1,1
109.98226984126984,110.28412925170068,49,65,1,1,1,1,1,1,1,1,1,1,1,1,1,1,1,1,1,1,1,1,1,1,1,1,1,1
109.97065986394557,110.24929931972788,73,34,1,1,1,1,1,1,1,1,1,1,1,1,1,1,1,1,1,1,1,1,1,1,1,1
109.91260997732425,110.49310884353741,61,60,1,1,1,1,1,1,1,1,1,1,1,1,1,1,1,1,1,1,1,1,1,1,1,1,1,1,1,1,1,1,1,1,1,1,1,1,1,1,1,1,1,1,1,1,1,1,1,1,1,1
109.84295011337868,110.00548979591836,58,40,-5,1,1,1,1,1,1,1,1,1,1,1,1,1
109.78490022675736,110.10997959183673,65,43,1,1,1,1,1,1,1,1,1,1,1,1,1,1,1,1,1,1,1,1,1,1,1,1,1,1,1,1
109.78490022675736,109.901,50,34,-2,-2,-2,0,1,1,1,0,1,1
109.72685034013605,109.8661700680272,56,51,1,1,1,1,1,1,1,1,1,1,1,1
109.71524036281178,109.91260997732425,61,74,1,1,1,1,1,1,1,1,1,1,1,1,1,1,1,1,1
109.59914058956916,109.78490022675736,65,67,1,1,1,1,1,1,1,1,1,1,1,1,1,1,1,1
109.59914058956916,109.72685034013605,56,47,1,1,1,1,1,1,1,1,1,1,1
109.58753061224489,109.76168027210883,68,32,1,1,1,1,1,1,1,1,1,1,1,1,1,1,1
109.39016099773242,109.49465079365079,50,41,-2,1,1,1,1,-2,-2,-2,1
109.37855102040815,109.55270068027211,62,43,-2,-2,-2,-2,-2,-2,-2,-2,-2,-2,-2,-2,-2,-2,-2
109.26245124716553,109.3669410430839,58,49,1,1,1,1,1,1,1,1,1
109.21472743764173,109.51787074829932,68,59,1,1,1,1,1,1,1,1,1,1,1,1,1,1,1,1,1,1,1,1,1,1,1,1,1,1,1
109.17989750566895,109.37855102040815,61,67,1,1,1,1,1,1,1,1,1,1,1,1,1,1,1,1,1,1
109.15667755102041,109.59914058956916,65,67,1,1,1,1,1,1,1,1,1,1,1,1,1,1,1,1,1,1,1,1,1,1,1,1,1,1,1,1,1,1,1,1,1,1,1,1,1,1,1
109.02896780045351,109.21472743764173,68,55,1,1,1,1,1,1,1,1,1,1,1,1,1,1,1,1
109.01735782312926,109.17989750566895,61,55,1,1,1,1,1,1,1,1,1,1,1,1,1,1
109.01735782312926,109.26245124716553,58,43,1,1,1,1,1,1,1,1,1,1,1,1,1,1,1,1,0,1,1,1,1,1
109.01735782312926,109.39016099773242,49,41,1,1,1,1,1,1,1,1,1,1,1,1,1,1,1,1,1,1,2,1,1,1,1,1,1,1,1,1,1,1,1,1,1
108.95930793650794,109.17989750566895,56,41,1,1,1,1,1,1,1,1,1,1,1,1,1,1,1,1,1,1,1
108.90125804988662,109.02896780045351,68,48,1,1,1,1,1,1,1,1,1,1,1
108.84320816326532,109.15667755102041,65,48,1,1,1,1,1,1,1,1,1,1,1,1,1,1,1,1,1,1,1,1,1,1,1,1,1,1,1
108.83159818594105,109.01735782312926,62,50,1,1,1,1,1,1,1,1,1,1,1,1,1,1,1,1
108.80837823129252,109.01735782312926,50,46,1,1,1,1,1,1,1,1,1,1,1,1,1,1,1,1,1,1
108.77354829931973,109.01735782312926,70,37,-5,-5,1,1,1,1,1,1,1,1,1,1,1,1,1,1,1,1,1,1,1
108.72710839002268,108.83159818594105,62,68,1,1,1,1,1,1,1,1,1
108.71549841269842,108.90125804988662,68,49,1,1,1,1,1,1,1,1,1,1,1,1,1,1,1,1
108.64583854875283,108.80837823129252,50,32,1,1,1,1,1,1,1,1,1,1,1,1,1,1
108.64583854875283,108.93608798185942,46,56,1,1,1,1,1,1,1,1,1,1,1,1,1,1,1,1,1,1,1,1,1,1,1,1,1
108.59939863945579,108.71549841269842,68,33,1,1,1,1,1,1,1,1,1,1
108.58778866213153,108.70388843537415,56,47,1,1,1,1,1,1,1,1,1,1
108.46007891156464,108.6574485260771,65,44,-5,1,1,1,1,1,1,1,1,1,1,1,1,1,1,1,1
108.40202902494332,108.59939863945579,51,50,1,1,1,0,0,0,0,1,1,1,1,1,1,1,1,1,1
108.29753922902495,108.59939863945579,70,54,1,1,1,1,1,1,1,1,1,1,1,1,1,1,1,1,1,1,1,1,1,1,1,1,1,1
108.27431927437642,108.72710839002268,61,57,1,1,1,1,1,1,1,1,1,1,1,1,1,1,1,1,1,1,1,1,1,1,1,1,1,1,1,1,1,1,1,1,1,1,1,1,1,1,1
108.23948934240363,108.81998820861679,58,42,1,1,1,1,1,1,1,1,1,1,1,1,1,1,1,1,1,1,1,1,1,1,1,1,1,1,1,1,1,1,1,1,-5,-5,-5,-5,-5,1,1,1,1,1,1,1,1,1,1,1,1,1
108.14660952380953,108.29753922902495,70,36,1,1,1,1,1,1,1,1,1,1,1,1,1
108.14660952380953,108.37880907029479,65,51,1,1,1,1,1,1,1,1,1,1,1,1,1,1,1,1,1,1,1,1
108.14660952380953,108.40202902494332,51,38,1,1,1,1,1,1,1,1,1,1,1,1,1,1,1,1,1,1,1,1,1,1
108.05372970521543,108.27431927437642,61,44,1,1,1,1,1,1,-2,1,1,-2,-2,-2,-2,-2,-2,1,1,1,1
108.04211972789116,108.16982947845806,75,28,1,1,1,1,1,1,1,1,1,1,1
108.04211972789116,108.20465941043085,68,41,1,1,1,1,1,1,1,1,1,1,1,1,1,1
108.04211972789116,108.14660952380953,65,58,1,1,1,1,1,1,1,1,1
108.04211972789116,108.26270929705215,56,70,1,1,1,1,1,1,1,1,1,1,1,1,1,1,1,1,1,1,1
108.04211972789116,108.13499954648526,49,43,1,1,1,1,1,1,1,1
107.86797006802722,107.98406984126984,75,48,1,1,1,1,1,1,1,1,1,1
107.79831020408164,108.04211972789116,65,55,1,1,1,1,1,1,1,1,1,1,1,1,1,1,1,1,1,1,1,1,1
107.78670022675738,108.04211972789116,68,66,1,1,1,1,1,1,1,1,1,1,1,1,1,1,1,1,1,1,1,1,1,1
107.78670022675738,108.04211972789116,56,53,1,1,1,1,1,1,1,1,1,1,1,1,1,1,1,1,1,1,1,1,1,1
107.72865034013606,107.86797006802722,75,22,1,1,1,1,1,1,1,1,1,1,1,1
107.60094058956916,107.76348027210885,63,39,1,1,1,1,1,1,1,1,1,1,1,1,1,1
107.57772063492064,107.7750902494331,58,50,1,1,1,1,1,1,1,1,1,1,1,1,1,1,1,1,1
107.54289070294786,107.8447501133787,61,50,1,1,1,1,1,1,1,1,1,1,1,1,1,1,1,1,1,1,1,1,1,1,1,1,1,1
107.53128072562359,107.78670022675738,68,56,1,1,1,1,1,1,1,1,1,1,1,1,1,1,1,1,1,1,1,1,1,1
107.4035709750567,107.60094058956916,63,48,1,1,1,1,1,1,1,1,1,1,1,1,1,1,1,1,1
107.38035102040817,107.79831020408164,65,47,1,1,1,1,1,1,1,1,1,1,1,1,1,1,1,1,1,1,1,1,1,1,1,1,1,1,1,1,1,1,1,1,1,1,1,1
107.38035102040817,107.57772063492064,58,53,1,1,1,1,1,1,1,1,1,1,1,1,1,1,1,1,1
107.38035102040817,107.61255056689343,53,68,1,1,1,1,1,1,1,1,1,1,1,1,1,1,1,1,1,1,1,1
107.3687410430839,107.54289070294786,61,42,1,1,1,1,1,1,1,1,1,1,1,1,1,1,1
107.3687410430839,107.7170403628118,49,56,1,1,1,1,1,1,1,1,1,1,1,1,1,1,1,1,1,1,1,1,1,1,1,1,1,1,1,1,1,1
107.35713106575965,107.53128072562359,68,51,1,1,1,1,1,1,1,1,1,1,1,1,1,1,1
107.32230113378685,107.41518095238096,72,35,1,1,1,1,1,1,1,1
107.2758612244898,107.38035102040817,65,69,1,1,1,1,1,1,1,1,1
107.2758612244898,107.38035102040817,58,30,1,1,1,1,1,1,1,1,1
107.2758612244898,107.3687410430839,49,76,1,1,1,1,1,1,1,1
107.27457732426303,107.35713106575965,68,64,1,1,1,1,1,1,1,1
107.27457732426303,107.4035709750567,63,33,-5,-5,-5,-5,-5,-5,-5,-5,1,1,1,1
107.27457732426303,107.3687410430839,61,56,1,1,1,1,1,1,1,1,1
107.27457732426303,107.38035102040817,53,69,1,1,1,1,1,1,1,1,1,1
107.08881768707484,107.23974739229025,63,60,1,1,1,1,1,1,1,1,1,1,1,1,1
107.08881768707484,107.27457732426303,61,54,1,1,1,1,1,1,1,1,1,1,2,1,1,1,1,1
107.007547845805,107.27457732426303,68,61,1,1,1,1,1,1,1,1,1,1,1,1,1,1,1,1,1,1,1,1,1,1,1
106.96110793650794,107.27457732426303,53,51,2,2,1,1,1,1,1,1,1,1,1,1,1,1,1,1,1,1,1,1,1,1,1,1,1,1,1
106.94949795918367,107.2758612244898,65,39,1,1,1,1,1,1,1,1,1,1,1,1,1,-5,-5,-5,-5,-5,-5,-5,-5,-5,-5,-5,-5,1,1,1,1
106.86822811791383,107.007547845805,68,86,1,1,1,1,1,1,1,1,1,1,1,1
106.7521283446712,106.86822811791383,68,78,1,1,1,1,1,1,1,1,1,1
106.70568843537416,106.92627800453515,80,42,1,1,1,1,1,1,1,1,1,1,1,1,1,1,1,1,1,1,1
106.61280861678004,106.7521283446712,68,68,1,1,1,1,1,1,1,1,1,1,1,1
106.566368707483,107.08881768707484,61,47,1,1,1,1,1,1,1,1,1,1,1,1,1,1,1,1,1,1,1,1,1,1,1,1,1,1,1,1,1,1,1,1,1,1,1,1,1,1,1,1,1,1,1,1,1
106.4734888888889,106.70568843537416,65,50,1,1,1,1,1,1,1,1,1,1,1,1,1,1,1,1,1,1,1,1
106.46187891156463,106.62441859410431,63,53,1,1,1,1,1,1,1,1,1,1,1,1,1,-5
106.29933922902495,106.68246848072563,56,39,1,1,1,1,1,1,1,1,1,1,1,1,1,1,1,1,1,1,1,1,1,1,1,1,1,1,1,1,1,1,1,1,1
106.22967936507936,106.566368707483,61,51,1,1,1,1,1,1,1,1,1,1,1,1,1,1,1,1,1,1,1,1,1,1,7,7,7,7,1,1,1
106.17162947845806,106.61280861678004,68,59,1,1,1,1,1,1,1,1,1,1,1,1,1,1,1,1,1,1,1,1,1,1,1,1,1,1,1,1,1,1,1,4,4,4,1,1,1,1
106.16001950113379,106.27611927437643,75,28,1,1,1,1,1,1,1,1,1,1
106.11357959183674,106.22967936507936,61,68,1,1,1,1,1,1,1,1,1,1
106.02069977324264,106.17162947845806,68,66,1,1,1,1,1,1,1,1,1,1,1,1,1
106.00908979591837,106.16001950113379,65,32,-5,-5,1,1,1,1,1,1,1,1,1,1,1
106.00908979591837,106.26450929705216,53,57,1,1,1,1,1,1,1,1,1,1,1,1,1,1,1,1,1,1,1,1,1,1
105.97425986394558,106.09035963718821,49,38,1,1,1,1,1,1,1,1,1,1
105.9394299319728,106.13679954648526,57,48,1,1,1,1,1,1,1,1,1,1,1,1,1,1,1,1,1
105.92781995464853,106.11357959183674,61,57,1,1,1,1,1,1,1,1,1,1,1,1,1,1,1,1
105.91620997732427,106.27611927437643,63,37,1,1,1,1,1,1,1,1,1,1,1,1,1,1,1,1,1,1,1,-5,-5,-5,-5,-5,1,1,1,1,1,1,1
105.91620997732427,106.00908979591837,53,38,1,1,1,1,1,1,1,1
105.9046,105.9974798185941,69,36,1,1,1,1,1,-2,-2,-2
105.8117201814059,105.9394299319728,65,72,1,1,1,1,1,1,1,1,1,1,1
105.69562040816326,105.9974798185941,85,43,1,1,1,1,1,1,1,1,1,1,1,1,1,1,1,1,1,1,1,1,1,1,1,1,1,1
105.69562040816326,105.8117201814059,65,93,1,1,1,1,1,1,1,1,1,1
105.5911306122449,105.92781995464853,61,60,1,1,1,1,1,1,1,1,1,1,1,1,1,1,1,1,1,1,1,1,1,1,1,1,1,1,1,1,1
105.56791065759637,105.69562040816326,65,84,1,1,1,1,1,1,1,1,1,1,1
105.55630068027212,106.24128934240363,77,52,1,1,1,1,1,1,1,1,1,1,1,1,1,1,1,1,1,1,1,1,1,1,1,1,1,1,1,1,1,1,1,1,1,1,1,1,1,1,1,1,1,1,1,1,1,1,1,1,1,1,1,1,1,1,1,1,1,1,1
105.55630068027212,105.66079047619048,58,54,1,1,1,1,1,1,1,1,1
105.45181088435375,105.55630068027212,77,66,1,1,1,1,1,1,1,1,1
105.44020090702948,105.69562040816326,85,31,1,1,1,1,1,1,1,1,1,1,0,1,0,0,1,1,1,1,1,1,1,1
105.34732108843538,105.56791065759637,65,94,1,1,1,1,1,1,1,1,1,1,1,1,1,1,1,1,1,1,1
105.28798730158731,105.45181088435375,77,50,1,1,1,1,1,1,1,1,1,1,1,1,1,1,1
105.22993741496599,105.55630068027212,58,50,1,1,1,1,1,1,1,1,1,1,1,1,1,1,1,1,1,1,1,1,1,1,1,1,1,1,1,1,1
105.17188752834467,105.5911306122449,61,59,1,1,1,1,1,1,1,1,1,1,1,1,1,1,1,1,1,1,1,1,1,1,1,1,1,1,1,1,1,1,1,1,1,1,1,1,1
105.16027755102041,105.54469070294785,68,48,1,1,1,1,1,1,1,1,1,1,1,1,1,1,1,1,1,1,1,1,1,1,1,1,1,1,1,1,1,1,1,1,1,1
105.03256780045352,105.16027755102041,68,24,1,1,1,1,1,1,1,1,1,1,1
104.88163809523809,105.34732108843538,65,65,1,1,1,1,1,1,1,1,1,1,1,1,1,1,1,1,1,1,1,1,1,1,1,1,1,1,1,1,1,1,-5,-5,1,1,1,1,1,1,1,1,1
104.84680816326531,105.16027755102041,77,40,1,1,1,1,1,1,1,1,1,1,1,1,1,1,1,1,1,1,1,1,1,1,1,1,1,1,1
104.84680816326531,105.02095782312925,58,52,1,1,1,1,1,1,1,1,1,1,1,1,1,1,1
104.77714829931973,105.32410113378685,63,47,-5,1,1,1,1,1,1,1,1,1,1,1,1,1,1,1,1,1,1,1,1,1,1,1,1,1,1,1,1,1,1,7,1,-5,-5,-5,-5,-5,-5,1,1,1,1,1,-5,-5,-5,1
104.77714829931973,104.93968798185941,51,55,1,1,1,1,1,1,1,1,1,1,1,1,1,1
104.73070839002267,104.91646802721088,68,43,1,1,1,1,1,1,1,1,1,1,1,1,1,1,1,1
104.70748843537415,104.92807800453515,73,56,1,1,1,1,1,1,1,1,1,1,1,1,1,1,1,1,1,1,1
104.70748843537415,104.87002811791383,61,52,1,1,1,1,1,1,1,1,1,1,1,1,1,1
104.70748843537415,104.80036825396826,56,31,1,1,1,1,1,1,1,1
104.6262185941043,104.80036825396826,85,44,1,1,1,1,1,1,1,1,1,1,1,1,1,1,1
104.59138866213152,104.84680816326531,58,40,1,1,1,1,1,1,1,1,1,1,1,1,1,-5,1,1,1,1,1,1,1,1
104.59138866213152,104.73070839002267,54,33,-2,-2,-2,1,1,1,1,1,1,1,1,1
104.57977868480725,104.70748843537415,73,63,1,1,1,1,1,1,1,1,1,1,1
104.57977868480725,104.70748843537415,70,34,1,1,0,1,1,1,1,1,1,1,1
104.57977868480725,104.77714829931973,51,37,1,1,1,1,1,1,1,1,1,1,1,1,1,1,1,1,1
104.54494875283447,104.70748843537415,61,56,1,1,1,1,1,1,1,1,1,1,1,1,1,1
104.52172879818595,104.88163809523809,65,49,1,1,1,1,1,1,1,1,1,1,1,1,1,1,1,1,1,1,1,1,1,1,1,1,1,1,1,1,1,1,1
104.41723900226758,104.54494875283447,60,49,1,1,1,1,1,1,1,1,1,1,1
104.35918911564626,104.46367891156463,77,40,1,1,1,1,1,1,1,1,1
104.35918911564626,104.55655873015873,72,51,1,1,1,1,1,1,1,1,1,1,1,1,1,1,1,1,1
104.20825941043084,104.52172879818595,65,62,1,1,1,1,1,1,1,1,1,1,1,1,1,1,1,1,1,1,1,1,1,1,1,1,1,1,1
104.19664943310657,104.33596916099773,68,62,0,0,1,1,1,1,1,1,1,1,1,1
104.19664943310657,104.42884897959183,49,48,1,1,1,1,1,1,1,1,1,1,1,1,1,1,1,1,1,1,1,1
103.98766984126983,104.35918911564626,72,38,1,1,1,1,1,1,1,1,1,1,1,1,1,1,1,1,1,1,1,1,1,0,1,1,1,1,1,1,1,1,1,1
103.82513015873016,104.20825941043084,65,66,1,1,1,1,1,1,1,1,1,1,1,1,1,1,1,1,1,1,1,1,1,1,1,1,1,1,1,1,1,1,1,1,1
103.80191020408164,104.59138866213152,53,40,1,1,1,1,1,1,1,1,1,1,1,1,1,1,1,1,1,1,1,1,1,1,1,1,1,1,1,1,1,1,1,1,1,1,1,1,1,1,1,1,1,1,1,1,1,1,1,1,1,1,1,1,1,1,1,1,1,1,1,1,1,1,1,1,1,1,1,1
103.65098049886622,103.77869024943311,61,61,1,1,1,1,1,1,1,1,1,1,1
103.65098049886622,103.76708027210884,49,50,1,1,1,1,1,1,1,1,1,1
103.5929306122449,103.72064036281179,68,46,1,1,1,1,1,1,1,1,1,1,1
103.5929306122449,103.82513015873016,65,40,1,1,1,1,1,1,1,1,1,1,1,-5,-5,-5,-5,1,1,1,1,1
103.5929306122449,103.76708027210884,56,65,1,1,1,1,1,1,1,1,1,1,1,1,1,1,1
103.48844081632653,103.65098049886622,49,40,0,0,0,1,1,1,1,1,1,1,1,1,1,1
103.47683083900226,103.5929306122449,65,56,1,1,1,1,1,1,1,1,1,1
103.41878095238096,103.5929306122449,56,47,1,1,1,1,1,1,1,1,1,1,1,1,1,1,1
103.34912108843537,103.48844081632653,70,50,1,1,1,1,1,1,1,1,1,1,1,1
103.34912108843537,103.75547029478459,63,50,1,1,1,1,1,1,1,1,1,1,1,1,1,1,1,1,1,1,1,1,1,1,1,1,1,1,1,1,-5,-5,-5,1,1,1,1
103.24334739229025,103.47683083900226,65,49,1,1,1,1,1,1,1,1,1,1,1,1,-5,-5,1,1,1,1,1,1,1
102.99953786848073,103.17368752834467,61,60,1,1,1,1,1,1,1,1,1,1,1,1,1,1,1
102.95309795918367,103.24334739229025,65,64,1,1,1,1,1,1,1,1,1,1,1,1,1,1,1,1,1,1,1,1,1,1,1,1,1
102.94148798185941,103.5929306122449,68,53,1,1,1,1,1,1,1,1,1,1,1,1,1,1,1,1,1,1,1,1,1,1,1,1,1,1,1,1,1,1,1,1,1,1,1,1,1,1,1,1,1,1,1,1,1,1,1,1,1,1,1,1,1,1,1,1,1
102.89504807256236,103.5929306122449,58,52,1,1,1,1,1,1,1,1,1,1,1,1,1,1,1,1,1,1,1,1,1,1,1,1,1,1,1,1,1,1,1,1,1,1,1,1,1,1,1,1,1,1,1,1,1,1,1,1,1,1,1,1,1,1,1,0,0,0,1,1,1
102.8486081632653,103.18529750566893,53,48,1,1,1,1,1,1,1,1,1,1,1,1,1,1,1,1,1,1,1,1,1,1,1,1,1,1,1,1,1
102.83699818594104,102.95309795918367,65,69,1,1,1,1,1,1,1,1,1,1
102.83699818594104,102.99953786848073,61,55,1,1,1,1,1,1,1,1,1,1,1,1,1,1
102.63962857142857,102.89504807256236,58,72,1,1,1,1,1,1,1,1,1,1,1,1,1,1,1,1,1,1,1,1,1,1
102.58157868480725,102.8486081632653,53,40,1,1,1,1,1,1,1,1,1,1,1,1,1,1,1,1,1,1,1,1,1,1,1
102.55835873015873,102.83699818594104,65,51,1,1,1,1,1,1,1,1,1,1,1,1,1,1,1,1,1,1,1,1,1,1,1,1
102.55835873015873,102.82538820861677,60,56,1,1,1,1,1,1,1,1,1,-5,1,1,1,1,1,1,1,1,1,1,1,1,-5
102.52352879818594,102.94148798185941,68,73,1,1,1,1,1,1,1,1,1,1,1,1,1,1,1,1,1,1,1,1,1,1,1,1,1,1,1,1,1,1,1,1,1,1,1,1
102.44225895691609,102.55835873015873,61,41,1,1,1,1,1,0,0,0,0,0
102.3145492063492,102.41903900226757,73,45,1,1,1,1,1,1,1,1,1
102.27971927437642,102.44225895691609,61,68,1,1,1,1,1,1,1,1,1,1,1,1,1,1
102.2216693877551,102.58157868480725,53,43,1,1,1,1,1,1,1,1,1,1,1,1,1,1,1,1,1,1,1,1,1,1,1,1,1,0,0,0,1,1,1
102.21005941043083,102.55835873015873,65,67,1,1,1,1,1,1,1,1,1,1,1,1,1,1,1,1,1,1,1,1,1,1,1,1,1,1,1,1,0,1
102.08234965986394,102.27971927437642,61,61,1,1,1,1,1,1,1,1,1,1,1,1,1,1,1,1,1
102.02429977324263,102.52352879818594,68,58,1,1,1,1,1,1,1,1,1,1,1,1,1,1,1,1,1,1,1,1,1,1,1,1,1,1,1,1,1,1,1,1,1,1,1,1,1,1,1,1,1,1,1
101.94302993197279,102.08234965986394,61,59,1,1,1,1,1,1,1,1,1,1,1,1
101.91980997732426,102.17522947845805,70,33,1,1,1,1,1,1,1,1,1,1,1,1,1,1,1,1,-5,1,1,1,1,1
101.91980997732426,102.03590975056689,51,39,1,1,1,1,1,1,1,1,1,1
101.9082,102.37259909297052,63,59,1,1,1,1,1,1,1,1,1,1,1,1,1,1,1,1,1,1,1,1,1,1,1,1,1,1,1,1,1,1,1,1,-5,-5,-5,1,1,1,1,-5
101.9082,102.3145492063492,44,40,1,1,1,1,1,1,1,1,1,1,1,1,1,1,1,1,1,1,1,1,1,1,1,1,1,1,1,1,1,1,1,1,1,1,1
101.89659002267574,102.21005941043083,65,58,1,1,1,1,1,1,1,1,1,1,1,1,1,1,1,1,1,1,1,1,1,-5,-5,-5,-5,-5,-5
101.89659002267574,102.2216693877551,58,45,1,1,1,1,1,1,1,1,1,1,1,1,1,1,1,1,1,1,1,1,1,1,1,1,1,1,1,1
101.69922040816326,101.82693015873015,69,35,1,1,1,1,1,0,1,1,-2,-2,1
101.69922040816326,101.89659002267574,65,55,1,1,1,1,1,1,1,1,1,1,1,1,1,1,1,1,1
101.57151065759636,101.69922040816326,66,34,1,1,1,1,1,1,1,-2,-2,-2,-2
101.54829070294784,101.69922040816326,54,53,1,1,1,1,1,1,1,1,1,1,1,1,1
101.52507074829931,101.76888027210885,73,53,1,1,1,1,1,1,1,1,1,1,1,1,1,1,1,1,1,1,1,1,1
101.51346077097506,101.64117052154195,85,35,1,1,1,1,1,1,1,1,1,1,1
101.43219092970521,101.62956054421768,68,56,1,1,1,1,1,1,1,1,1,1,1,1,1,1,1,1,1
101.38575102040816,101.52507074829931,73,61,1,1,1,1,1,1,1,1,1,1,1,1
101.38575102040816,101.51346077097506,61,59,1,1,1,1,1,1,1,1,1,1,1
101.3741410430839,101.467020861678,65,53,1,1,1,1,1,1,1,1
101.30319727891155,101.38575102040816,73,60,1,1,1,1,1,1,1,1
101.17548752834466,101.3741410430839,65,45,1,1,1,1,1,1,1,1,1,1,1,1,1,1,1,1,1,1
101.12904761904761,101.44380090702947,80,36,1,1,1,1,1,1,1,1,1,1,1,1,1,1,1,1,1,1,1,1,1,1,1,1,1,1,1,1
101.12904761904761,101.43219092970521,68,57,1,1,1,1,1,1,1,1,1,1,1,1,1,1,1,1,1,1,1,1,1,1,1,1,1,1,1
101.04777777777777,101.30319727891155,73,43,1,1,1,1,1,1,1,1,1,1,1,1,1,1,1,1,1,1,1,1,1,1
101.04777777777777,101.66439047619048,63,40,1,1,1,1,1,1,1,1,1,1,-5,-5,1,1,1,1,1,1,1,1,1,1,1,1,1,1,1,1,1,1,1,1,1,1,-5,-5,-5,1,1,1,1,1,1,1,1,1,1,1,1,1,1,1,1,1
101.03616780045351,101.12904761904761,68,84,1,1,1,1,1,1,1,1
100.8852380952381,101.03616780045351,68,78,1,1,1,1,1,1,1,1,1,1,1,1,1
100.87362811791382,101.30319727891155,85,36,1,1,1,1,1,1,1,1,1,1,1,1,1,1,1,1,1,1,1,1,1,1,1,1,1,1,1,1,1,1,1,1,1,1,1,1,1
100.80396825396825,100.90845804988662,53,44,1,1,1,1,1,1,1,1,1
100.7575283446712,101.04777777777777,73,49,1,1,1,1,1,1,1,1,1,1,1,1,1,1,1,1,1,1,1,1,1,1,1,1,1
100.69947845804988,100.8852380952381,68,63,1,1,1,1,1,1,1,1,1,1,1,1,1,1,1,1
100.66464852607709,100.7575283446712,73,57,1,1,1,1,1,1,1,1
100.66464852607709,101.05938775510204,61,53,1,1,1,1,1,1,1,1,1,1,1,1,1,1,1,1,1,1,1,1,1,1,1,1,1,1,1,1,1,1,1,1,1,1
100.49049886621314,101.17548752834466,65,47,1,1,1,1,1,1,1,1,1,1,1,1,1,1,1,1,1,1,1,1,1,1,1,1,1,1,1,1,1,1,1,1,1,1,1,1,1,1,1,1,1,1,1,1,1,1,1,1,1,-5,-5,-5,-5,-5,-5,-5,1,1,1
100.42083900226757,101.04777777777777,63,50,1,1,1,1,1,1,1,1,1,1,1,1,1,1,1,1,1,1,1,1,1,1,1,1,1,-5,-5,-5,1,1,1,1,1,1,1,1,1,1,1,1,1,1,1,1,1,1,1,1,1,1,1,1,1,1
100.36278911564625,100.45566893424035,70,44,1,1,1,1,1,1,1,1
100.36278911564625,100.49049886621314,65,64,1,1,1,1,1,1,1,1,1,1,1
100.36278911564625,100.51371882086167,58,55,1,1,1,1,1,1,1,1,1,1,1,1,1
100.3163492063492,100.51371882086167,54,60,1,1,1,1,1,1,1,1,1,1,1,1,1,1,1,1,1
100.24668934240363,100.36278911564625,66,47,-2,-2,1,1,1,1,1,-2,-2,-2
100.09575963718821,100.24668934240363,65,79,1,1,1,1,1,1,1,1,1,1,1,1,1
100.09575963718821,100.36278911564625,58,60,1,1,1,1,1,1,1,1,1,1,1,1,1,1,1,1,1,1,1,1,1,1,1
99.99126984126984,100.09575963718821,63,37,-5,-5,-5,-5,-5,-5,1,1,1
99.94482993197278,100.3163492063492,54,44,-2,1,1,1,1,1,1,1,1,1,1,1,1,1,1,1,-2,1,1,1,1,1,1,1,1,1,1,1,1,1,1,1
99.92160997732425,100.32795918367346,61,61,1,1,1,1,1,1,1,1,1,1,1,1,1,1,1,1,1,1,1,1,1,1,1,1,1,1,1,1,1,1,1,1,1,1,1
99.88678004535147,100.09575963718821,65,81,1,1,1,1,1,1,1,1,1,1,1,1,1,1,1,1,1,1
99.80551020408163,100.09575963718821,58,56,1,1,1,1,1,1,1,1,1,1,1,1,1,1,1,1,1,1,1,1,1,1,1,1,1
99.60814058956916,99.88678004535147,65,64,1,1,1,1,1,1,1,1,1,1,1,1,1,1,1,1,1,1,1,1,1,1,1,1
99.36433106575963,99.60814058956916,65,42,1,1,1,1,1,1,1,-5,-5,-5,1,1,1,1,1,1,1,1,1,1,1
99.35272108843537,99.64297052154194,68,43,-5,1,1,1,1,1,1,1,1,1,1,1,1,1,1,1,1,1,1,1,1,1,1,1,1
99.28177732426305,99.51526077097505,54,64,1,1,1,1,1,1,1,1,1,1,1,1,1,1,1,1,1,1,1,1,1
99.27016734693878,99.66619047619047,63,45,1,1,1,1,1,1,1,1,1,1,-5,-5,-5,1,1,1,1,1,1,1,1,1,1,1,1,1,1,1,1,1,1,1,1,1,1
99.27016734693878,99.48043083900227,58,55,1,1,1,1,1,1,1,1,1,1,1,1,1,1,1,1,1,1,1
99.27016734693878,99.53848072562357,51,48,1,1,1,1,1,1,1,1,1,1,1,1,1,1,1,1,1,1,1,1,1,1,1,1
99.21211746031747,99.48043083900227,61,55,7,1,1,1,1,1,1,1,1,1,1,1,1,1,1,1,1,1,1,1,1,1,1,1
99.15406757369615,99.27016734693878,63,56,1,1,1,1,1,1,1,1,1,1
98.87542811791384,99.02635782312926,68,66,1,1,1,1,1,1,1,1,1,1,1,1,1
98.87542811791384,99.02635782312926,65,64,1,1,1,1,1,1,1,1,1,1,1,1,1
98.80576825396825,98.92186802721089,80,41,1,1,1,1,1,1,1,1,1,1
98.794158276644,98.94508798185942,61,49,1,1,1,1,1,1,1,1,1,1,1,1,1
98.7593283446712,99.15406757369615,63,46,1,1,1,1,1,1,1,1,1,1,1,1,1,1,1,1,1,1,1,1,1,1,1,1,1,1,1,1,1,1,1,1,1,1
98.67805850340136,98.87542811791384,65,58,1,1,1,1,1,1,1,1,1,1,1,1,1,1,1,1,1
98.62000861678005,98.7593283446712,60,54,1,1,1,1,1,1,1,1,1,1,1,1
98.45746893424037,98.67805850340136,65,61,1,1,1,1,1,1,1,1,1,1,1,1,1,1,1,1,1,1,1
98.44585895691611,98.87542811791384,68,53,1,1,1,1,1,1,1,1,1,1,1,1,1,1,1,1,1,1,1,1,1,1,1,1,1,1,1,1,1,1,1,1,1,1,1,1,1
98.30653922902495,98.62000861678005,60,36,1,1,1,1,1,1,1,1,1,1,1,1,1,1,1,1,1,1,1,1,1,1,1,1,1,1,1
98.29492925170068,98.45746893424037,65,46,1,1,1,1,1,1,1,1,1,1,1,1,1,1
98.2600993197279,98.3878090702948,53,38,1,1,1,1,1,1,1,1,1,1,1
98.20204943310658,98.352979138322,70,34,1,1,1,1,1,1,1,1,1,1,1,1,1
98.19043945578233,98.31814920634922,68,48,1,1,1,1,1,1,1,1,1,1,1
98.12077959183674,98.24848934240363,56,51,1,1,1,1,1,1,1,1,1,1,1
98.08594965986396,98.19043945578233,68,33,1,1,1,1,1,1,1,1,1
97.95823990929706,98.05111972789116,61,44,1,1,1,1,1,1,1,1
97.65638049886621,98.15560952380953,65,39,1,1,1,1,1,1,1,1,1,1,1,1,1,1,1,1,1,1,1,1,1,1,1,1,1,1,1,1,1,1,1,1,1,1,1,1,1,1,1,1,1,1,1
97.65638049886621,97.76087029478458,58,38,1,1,1,1,1,1,1,1,1
97.65638049886621,97.8189201814059,46,61,1,1,1,1,1,1,1,1,1,1,1,1,1,1
97.59833061224491,97.86536009070295,76,44,1,1,1,1,1,1,1,1,1,1,1,1,1,1,1,1,1,1,1,1,1,1,1
97.44740090702949,97.64477052154196,56,66,1,1,1,1,1,1,1,1,1,1,1,1,1,1,1,1,1
97.43579092970522,97.65638049886621,65,54,1,1,1,1,1,1,1,1,1,1,1,1,1,1,1,1,1,1,1
97.3300172335601,97.44740090702949,56,68,1,1,1,1,1,1,1,1,1,1,1
97.31840725623583,97.43579092970522,65,75,1,1,1,1,1,1,1,1,1,1,1
97.27196734693878,97.62155056689343,68,52,1,1,1,1,1,1,1,1,1,1,1,1,1,1,1,1,1,1,1,1,1,1,1,1,1,1,1,1,1,1,1
97.22552743764173,97.62155056689343,63,53,1,1,1,1,1,1,1,1,1,1,1,1,1,1,1,1,1,1,1,1,1,1,1,1,1,1,1,1,1,1,1,1,1,1,1
97.21391746031746,97.31840725623583,65,66,1,1,1,1,1,1,1,1,1
97.10942766439909,97.2951873015873,80,55,1,1,1,1,1,1,1,1,1,1,1,1,1,1,1,1
97.10942766439909,97.27196734693878,68,66,1,1,1,1,1,1,1,1,1,1,1,1,1,1
97.10942766439909,97.3300172335601,56,46,1,1,1,1,1,1,1,1,1,1,1,1,1,1,1,1,1,1,1
96.94688798185942,97.21391746031746,65,65,1,1,1,1,1,1,1,1,1,1,1,1,1,1,1,1,1,1,1,1,1,1,1
96.83078820861678,97.06298775510204,58,51,1,1,1,1,1,1,1,1,1,1,1,1,1,1,1,1,1,1,1,1
96.78434829931973,96.94688798185942,65,66,1,1,1,1,1,1,1,1,1,1,1,1,1,1
96.78434829931973,96.95849795918367,53,46,1,1,1,1,1,1,1,1,1,1,1,1,1,1,1
96.71468843537416,96.83078820861678,58,42,-5,-5,-5,-5,-5,-5,-5,1,1,1
96.70307845804989,97.22552743764173,63,52,1,1,1,1,1,1,1,1,1,1,1,1,1,1,1,1,1,1,1,1,1,1,1,1,1,1,1,1,1,1,1,1,1,1,1,1,1,1,1,1,1,1,1,1,1
96.69146848072563,97.03976780045352,70,40,1,1,1,1,1,1,1,1,1,1,1,1,1,1,1,1,1,1,1,1,1,1,1,1,1,1,1,1,1,1
96.61019863945579,96.90044807256236,61,47,1,1,1,1,1,1,1,1,1,1,1,1,1,1,1,1,7,7,7,1,1,1,1,1,1
96.59858866213152,96.78434829931973,68,46,1,1,1,1,1,1,1,1,1,1,1,1,1,1,1,1
96.575368707483,96.83078820861678,56,61,1,1,1,1,1,1,1,1,1,1,1,1,1,1,1,1,1,1,1,1,1,1
96.56375873015874,96.70307845804989,63,54,1,1,1,1,1,-5,-5,1,1,1,1,1
96.4476589569161,96.78434829931973,65,61,1,1,1,1,1,1,1,1,1,1,1,1,1,1,1,1,1,1,1,1,1,1,-5,-5,-5,-5,-5,-5,1
96.354779138322,96.52892879818594,53,33,1,1,1,1,1,1,1,1,1,1,1,1,1,1,1
96.34316916099773,96.4476589569161,65,84,4,1,1,1,1,1,1,1,1
96.31994920634921,96.51731882086168,58,65,1,1,1,1,1,1,1,1,1,1,1,1,1,1,1,1,1
96.30833922902495,96.45926893424037,70,55,1,1,1,1,1,1,1,1,1,1,1,1,1
96.26189931972789,96.38960907029478,75,42,1,1,1,1,1,1,1,1,1,1,1
96.25028934240363,96.56375873015874,63,43,1,1,1,1,1,1,1,1,1,1,1,1,1,1,1,1,1,1,1,7,7,7,7,-5,-5,-5,-5
96.25028934240363,96.37799909297053,51,36,1,1,1,1,1,1,1,1,1,1,1
96.18062947845806,96.31994920634921,58,74,1,1,1,1,1,1,1,1,1,1,1,1
96.16901950113379,96.30833922902495,70,41,1,1,1,1,-5,-5,1,1,1,1,1,1
96.12257959183674,96.34316916099773,54,60,1,1,1,1,1,1,1,1,1,1,1,1,1,1,1,1,1,1,1
96.11096961451247,96.34316916099773,66,73,1,1,1,1,1,1,1,1,1,1,1,1,1,1,1,1,1,1,1,1
96.07613968253969,96.21545941043084,61,64,1,1,1,1,1,1,1,1,1,1,1,1
96.06452970521542,96.27350929705216,68,38,1,1,1,1,-5,-5,-5,-5,-5,-5,1,1,1,1,1,1,1,1
95.9484299319728,96.0413097505669,73,42,1,1,1,1,1,1,1,1
95.93681995464853,96.07613968253969,61,70,1,1,1,1,1,1,1,1,1,1,1,1
95.93681995464853,96.12257959183674,54,72,1,1,1,1,1,1,1,1,1,1,1,1,1,1,1,1
95.87877006802721,96.11096961451247,65,46,1,1,1,1,1,1,1,1,1,1,1,1,1,1,1,1,1,1,1,1
95.83233015873016,95.9484299319728,73,26,1,1,1,1,1,1,1,1,1,1
95.83233015873016,95.93681995464853,61,61,1,1,1,1,1,1,1,1,1
95.78589024943311,95.9484299319728,68,54,1,1,1,1,1,1,1,1,1,1,1,1,1,1
95.76267029478458,96.22706938775511,85,44,1,1,1,1,1,1,1,1,1,1,1,1,1,1,1,1,1,1,1,1,1,1,1,1,1,1,1,1,1,1,1,1,1,1,1,1,1,1,1,1
95.71623038548753,95.83233015873016,61,69,1,1,1,1,1,1,1,1,1,1
95.66979047619049,95.78589024943311,68,74,1,1,1,1,1,1,1,1,1,1
95.56530068027212,95.66979047619049,69,40,-2,1,1,1,1,1,1,1,-2
95.55369070294785,95.87877006802721,65,69,1,1,1,1,1,1,1,1,1,1,1,1,1,1,1,1,1,1,1,1,1,1,1,1,1,1,1,1
95.55369070294785,95.71623038548753,61,89,1,1,1,1,1,1,1,1,1,1,1,1,1,1
95.55369070294785,95.73945034013606,53,61,1,1,1,1,1,1,1,1,1,1,1,1,1,1,1,1
95.46081088435375,95.55369070294785,65,50,1,1,1,1,1,-5,1,1
95.43759092970522,95.55369070294785,63,61,1,1,1,1,1,1,1,1,1,1
95.27376734693877,95.35632108843538,57,46,1,1,1,1,1,1,1,1
95.26215736961451,95.39115102040816,66,46,1,1,1,1,1,1,1,1,1,1,1,1
95.26215736961451,95.55369070294785,61,73,1,1,1,1,1,1,1,1,1,1,1,1,1,1,1,1,1,1,1,1,1,1,1,1,1,1
95.26215736961451,95.44920090702948,54,52,-2,1,1,1,1,1,1,1,1,1,1,1,1,1,1,1,1
95.23893741496599,95.34342721088436,73,34,-2,-2,-2,1,1,1,1,1,1
95.23893741496599,95.33181723356009,69,40,1,1,1,1,1,1,1,1
95.13444761904762,95.23893741496599,72,43,1,1,1,1,1,1,1,1,1
95.13444761904762,95.26215736961451,53,54,1,1,1,1,1,1,1,1,1,1,1
95.04156780045352,95.26215736961451,61,66,1,1,1,1,1,1,1,1,1,1,1,1,1,1,1,1,1,1,1
95.00673786848073,95.26215736961451,65,78,1,1,1,1,1,1,1,1,1,1,1,1,1,1,1,1,1,1,1,1,1,1
94.94868798185941,95.04156780045352,61,55,1,1,1,1,1,1,1,1
94.90224807256236,95.18088752834467,58,41,1,1,1,1,1,1,1,1,1,1,1,1,1,1,1,1,1,1,1,1,1,1,1,1
94.7629283446712,95.13444761904762,53,48,1,1,1,1,1,1,1,1,1,1,1,1,1,1,1,1,1,1,1,1,1,1,1,1,1,1,1,1,1,1,1,1
94.75131836734694,95.00673786848073,65,79,1,1,1,1,1,1,1,1,1,1,1,1,1,1,1,1,1,1,1,1,1,1
94.70487845804989,94.94868798185941,61,58,1,1,1,1,1,1,1,1,1,1,1,1,1,1,1,1,1,1,1,1,1
94.6352185941043,94.75131836734694,63,50,1,1,1,1,1,1,1,-5,-5,-5
94.49589886621315,94.75131836734694,65,61,1,1,1,1,1,1,1,1,1,1,1,1,1,1,-5,-5,-5,-5,1,1,1,1
94.48428888888888,94.70487845804989,61,72,1,1,1,1,1,1,1,1,1,1,1,1,1,1,1,1,1,1,1
94.48428888888888,94.6700485260771,54,34,1,1,1,1,1,1,1,1,1,1,1,1,1,1,1,1
94.39140907029478,94.55394875283447,68,36,1,1,1,1,1,1,1,1,1,1,2,1,1,1
94.39140907029478,94.49589886621315,65,84,1,1,1,1,1,1,1,1,1
94.39140907029478,94.48428888888888,61,56,1,1,1,1,1,1,1,1
94.26369931972789,94.39140907029478,65,54,1,1,1,1,1,1,1,1,1,1,1
94.24047936507937,94.39140907029478,68,48,1,1,1,1,1,1,1,1,1,1,1,1,1
94.24047936507937,94.36818911564626,56,37,1,1,1,1,1,1,1,1,1,1,1
94.14759954648525,94.24047936507937,68,46,1,1,1,1,1,1,1,1
94.07793968253968,94.18242947845805,58,44,1,1,1,1,1,1,1,1,1
94.03149977324263,94.26369931972789,65,59,1,1,1,1,1,1,1,1,1,1,1,1,1,1,1,1,1,1,1,1
93.95022993197279,94.07793968253968,54,41,1,1,1,1,1,1,1,1,1,1,1
93.82252018140589,94.1011596371882,73,34,1,1,1,1,1,1,1,1,1,1,1,1,1,1,1,1,1,1,1,1,1,1,1,1
93.82252018140589,94.01988979591836,61,62,1,1,1,1,1,1,1,1,1,1,1,1,1,1,1,1,1
93.70642040816327,93.82252018140589,61,81,1,1,1,1,1,1,1,1,1,1
93.61354058956915,93.70642040816327,61,79,1,1,1,1,1,1,1,1
93.6019306122449,94.03149977324263,65,49,1,1,1,1,1,1,1,1,1,1,0,1,1,1,1,1,1,1,1,1,1,1,1,1,1,1,1,1,1,1,1,1,1,1,1,1,1
93.5671006802721,93.79930022675737,68,55,1,1,1,1,1,1,1,1,1,1,1,1,1,1,1,1,1,1,1,1
93.55549070294785,93.79930022675737,58,44,1,1,1,1,1,1,1,1,1,1,1,1,1,1,1,1,1,1,1,1,1
93.55549070294785,93.7296403628118,46,44,1,1,1,1,1,1,1,1,1,1,1,1,1,1,1
93.50905079365079,93.6019306122449,65,86,1,1,1,1,1,1,1,1
93.49744081632653,93.61354058956915,61,84,1,1,1,1,1,1,1,1,1,1
93.40456099773243,93.49744081632653,61,67,1,1,1,1,1,1,1,1
93.39295102040816,93.55549070294785,46,60,1,1,1,1,1,1,1,1,1,1,1,1,1,1
93.27556734693877,93.41617097505669,68,45,1,1,1,1,1,1,1,1,1,1,1,1,1
93.2639573696145,93.35683718820862,60,46,1,1,1,1,1,1,1,1
93.14785759637188,93.50905079365079,65,53,1,1,1,1,1,1,1,1,1,1,1,1,1,1,1,1,1,1,1,1,1,1,1,1,1,1,1,1,1,1,1,1
92.97370793650794,93.0781977324263,60,49,1,1,1,1,1,1,1,1,1
92.96209795918367,93.14785759637188,65,34,-5,-5,-5,-5,-5,-5,1,1,-5,-5,-5,1,1,1,1,1
92.91565804988662,93.11302766439908,61,37,1,1,1,1,1,-2,-2,-2,-2,-2,-2,-2,-2,1,1,1,1
92.81116825396825,92.91565804988662,58,28,1,1,1,1,1,1,1,1,1
92.74150839002267,92.91565804988662,61,56,1,1,1,1,1,1,1,1,1,1,1,1,1,1,1
92.68345850340135,92.90404807256236,49,45,1,1,1,1,1,1,1,1,1,1,1,1,1,1,1,1,1,1,1
92.66023854875283,92.96209795918367,68,36,1,1,1,1,1,1,1,1,1,1,1,1,1,1,1,1,1,1,1,1,1,1,1,1,1,1
92.64862857142857,92.81116825396825,56,58,1,1,1,1,1,1,1,1,1,1,1,1,1,1
92.59057868480726,92.74150839002267,61,74,1,1,1,1,1,1,1,1,1,1,1,1,1
92.56735873015873,93.13624761904761,63,47,1,1,1,1,1,1,1,1,1,1,1,1,-5,-5,-5,-5,-5,-5,-5,-5,-5,1,1,1,1,0,0,0,1,1,1,1,1,1,1,1,1,1,1,1,1,1,1,1,1,1,1,1,1
92.41642902494331,92.53252879818594,73,39,1,1,1,1,1,1,1,1,1,1
92.2654993197279,92.59057868480726,61,63,1,1,1,1,1,1,1,1,1,1,1,1,1,1,1,1,1,1,1,1,1,1,1,1,1,1,1,1
92.25388934240362,92.40481904761904,56,55,1,1,1,1,1,1,1,1,1,1,1,1,1
92.24227936507936,92.57896870748299,68,58,1,1,1,1,1,1,1,1,1,1,1,1,1,1,1,1,1,1,1,1,1,1,1,1,1,1,1,1,1
92.12617959183673,92.2654993197279,61,73,1,1,1,1,1,1,1,1,0,0,0,1
92.11456961451246,92.43964897959184,49,47,1,1,1,1,1,1,1,1,1,1,1,1,1,1,1,1,1,1,1,1,1,1,1,1,1,1,1,1
92.05651972789116,92.28871927437642,72,35,1,1,1,1,1,1,1,1,1,1,1,1,1,1,1,1,1,1,1,1
91.99846984126984,92.09134965986394,70,51,1,1,1,1,1,1,1,1
91.98685986394557,92.17261950113378,65,49,1,1,1,1,1,1,1,1,1,-5,-5,-5,1,1,1,1
91.94041995464852,92.12617959183673,61,76,1,1,1,1,1,1,1,1,1,1,1,1,1,1,1,1
91.9172,92.56735873015873,63,53,1,1,1,1,1,1,1,1,1,1,1,1,1,1,1,1,1,1,1,1,1,1,1,1,1,1,1,1,1,1,1,1,1,1,1,1,1,1,1,-5,-5,-5,-5,-5,-5,1,1,1,1,1,1,1,1,1,1,1
91.85915011337867,91.98685986394557,65,64,1,1,1,1,1,1,1,1,1,1,1
91.75466031746032,91.85915011337867,56,34,1,1,1,1,1,1,1,1,1
91.74305034013605,91.97524988662131,68,57,1,1,1,1,1,1,1,1,1,1,1,1,1,1,1,1,1,1,1,1
91.74305034013605,91.85915011337867,65,30,1,1,1,1,1,1,1,1,1,1
91.73144036281178,91.85915011337867,80,44,1,1,1,1,1,1,1,1,1,1,1
91.71983038548753,91.94041995464852,61,75,1,1,1,1,1,1,1,1,1,1,1,1,1,1,1,1,1,1,1
91.61534058956916,91.71983038548753,61,36,1,1,1,1,1,1,1,1,1
91.56890068027211,91.71983038548753,53,46,1,1,1,1,1,1,1,1,1,1,1,1,1
91.33541723356008,91.74305034013605,68,57,1,1,1,1,1,1,1,1,1,1,1,1,1,1,1,1,1,1,1,1,1,1,1,1,1,1,1,1,1,1,1,1,1,1,1,1
91.32380725623582,91.49924081632653,61,61,1,1,1,1,1,1,1,1,1,1,1,1,1,1,1,1
91.23092743764171,91.68500045351473,63,59,1,1,1,1,1,1,1,1,1,1,1,1,1,1,1,1,1,1,1,1,1,1,1,1,1,1,1,1,1,1,1,1,1,1,1,1,1,1,1,1
91.23092743764171,91.48763083900226,51,40,1,1,1,1,1,1,1,1,1,1,1,1,1,1,1,1,1,1,1,1,1,1,1
91.20770748299319,91.65017052154195,56,40,1,1,1,1,1,1,1,1,1,1,1,1,1,1,1,1,1,1,1,1,1,1,1,1,1,1,1,1,1,1,1,1,1,1,1,1,1,1,1
90.96389795918367,91.19609750566893,65,53,1,1,1,1,1,1,1,1,1,1,1,1,1,1,1,1,1,1,1,1
90.94067800453514,91.10321768707482,73,38,1,1,1,1,1,1,1,1,-2,1,1,1,1,1
90.92906802721087,91.16126757369614,69,52,1,1,1,1,1,1,1,1,1,1,1,1,1,1,1,1,1,1,1,1
90.84779818594103,91.23092743764171,63,39,-5,-5,-5,-5,-5,-5,1,1,1,-5,-5,-5,-5,-5,-5,-5,1,1,1,1,1,-5,-5,-5,-5,-5,-5,-5,-5,1,1,1,1
90.83618820861678,90.92906802721087,69,67,1,1,1,1,1,1,1,1
90.78974829931973,90.96389795918367,65,51,1,1,1,1,1,1,1,1,1,1,1,1,1,1,1
90.75491836734693,90.94067800453514,73,42,1,1,1,1,1,1,1,1,1,1,1,1,1,1,1,1
90.75491836734693,91.32380725623582,61,61,1,1,1,1,1,1,1,1,1,1,1,1,1,1,1,1,1,1,1,1,1,1,1,1,1,1,1,1,1,1,1,1,1,1,1,1,1,1,1,1,1,1,1,1,1,1,1,1,1
90.67364852607709,90.83618820861678,69,71,1,1,1,1,1,1,1,1,1,1,1,1,1,1
90.60398866213151,90.78974829931973,65,54,1,1,1,1,1,1,1,1,1,1,1,1,1,1,1,1
90.60398866213151,90.75491836734693,61,59,1,1,1,1,1,1,1,1,1,1,1,1,1
90.4530589569161,90.66203854875283,72,49,1,1,1,1,1,1,1,1,1,1,1,1,1,1,1,1,1,1
90.4530589569161,90.60398866213151,68,70,1,1,1,1,1,1,1,1,1,1,1,1,1
90.40661904761905,90.61559863945577,80,39,1,1,1,1,1,1,1,1,1,1,1,1,1,1,1,1,1,1
90.39500907029478,90.49949886621314,63,32,1,1,1,1,1,1,1,1,1
90.29051927437641,90.40661904761905,69,51,1,1,1,1,1,1,1,1,1,1
90.20924943310656,90.60398866213151,65,51,1,1,1,1,1,1,1,1,1,1,1,1,1,1,1,1,1,1,1,1,1,1,1,1,1,1,1,1,1,1,1,1,1,1
90.18602947845804,90.4530589569161,72,51,1,1,1,1,1,1,1,1,1,1,1,1,1,1,1,1,1,1,1,1,1,1,1
90.15119954648526,90.29051927437641,69,62,1,1,1,1,1,1,1,1,1,1,1,1
90.09314965986394,90.24407936507936,63,60,1,1,1,1,1,1,1,1,1,1,1,1,1
90.06992970521542,90.17441950113378,77,51,1,1,1,1,1,1,1,1,1
90.04670975056689,90.15119954648526,69,61,1,1,1,1,1,1,1,1,1
89.95382993197278,90.18602947845804,72,33,1,1,1,1,1,1,1,1,1,1,1,1,1,1,1,1,1,1,1,1
89.93060997732425,90.20924943310656,65,40,1,1,1,1,1,1,1,1,1,-5,-5,-5,-5,-5,-5,-5,-5,-5,-5,-5,1,1,1,1
89.90739002267573,90.06992970521542,77,33,1,1,1,1,1,1,1,1,1,1,1,1,1,1
89.89578004535147,90.04670975056689,69,30,1,1,1,1,1,1,1,1,1,1,1,1,1
89.89578004535147,90.02348979591837,61,41,-2,1,1,1,1,1,1,1,1,1,1
89.89578004535147,90.33695918367346,53,58,1,1,1,1,1,1,1,1,1,1,1,1,1,1,1,1,1,1,1,1,1,1,1,1,1,1,1,1,1,1,1,1,1,1,1,1,1,1
89.74485034013605,89.84934013605441,66,49,1,1,1,1,1,1,1,1,1
89.69841043083899,89.86095011337868,63,49,1,1,1,1,1,1,1,1,1,1,1,1,1,1
89.68680045351473,89.83773015873015,70,47,1,1,1,1,1,1,1,1,1,1,1,1,1
89.64036054421769,89.93060997732425,65,37,4,4,4,1,1,1,1,1,1,1,4,4,4,1,4,1,-5,-5,1,1,1,1,1,1,1
89.60553061224489,89.74485034013605,54,46,1,1,1,1,1,1,1,1,1,1,1,1
89.54748072562357,89.68680045351473,70,42,1,1,1,1,1,1,1,1,1,1,1,1
89.39526712018142,89.53587074829932,63,53,1,1,1,1,1,1,1,1,1,1,1,1,1
89.38365714285715,89.81451020408163,58,63,1,1,1,1,1,1,1,1,1,1,1,1,1,1,1,1,1,1,1,1,1,1,1,1,1,1,1,1,1,1,1,1,1,1,1,1,1,1
89.36043718820862,89.64036054421769,66,48,-2,-2,-2,1,1,1,1,1,1,1,1,1,1,1,1,1,1,1,1,1,1,1,1,1,1
89.27916734693878,89.45460090702947,54,61,1,1,1,1,1,1,1,1,1,1,1,1,1,1,1,1
89.25594739229025,89.36043718820862,65,77,1,1,1,1,1,1,1,1,1
89.25594739229025,89.38365714285715,58,70,1,1,1,1,1,1,1,1,1,1,1
89.17467755102041,89.27916734693878,54,70,1,1,1,1,1,1,1,1,1
89.10501768707483,89.37204716553289,73,44,1,1,1,1,1,1,1,1,1,1,1,1,1,1,1,1,1,1,1,1,1,1,1
89.09340770975057,89.25594739229025,65,71,1,1,1,1,1,1,1,1,1,1,1,1,1,1
89.08179773242631,89.3372172335601,70,42,1,1,1,1,1,1,1,1,1,1,1,1,1,1,1,1,1,1,1,1,1,1
89.08179773242631,89.38365714285715,61,63,1,1,1,1,1,1,1,1,1,1,1,1,1,1,1,1,1,1,1,1,1,1,1,1,1,1
89.08179773242631,89.25594739229025,58,60,1,1,1,1,1,1,1,1,1,1,1,1,1,1,1
89.08179773242631,89.25594739229025,51,24,1,1,1,1,1,1,1,1,1,1,1,1,1,1,1
89.07018775510204,89.17467755102041,54,54,1,1,1,1,1,1,1,1,1
88.93086802721089,89.04696780045352,63,61,1,1,1,1,1,1,1,1,1,1
88.8960380952381,89.08179773242631,61,62,1,1,1,1,1,1,1,1,1,1,1,1,1,1,1,1
88.83798820861678,89.03535782312926,66,69,1,1,1,1,1,1,1,1,1,1,1,1,1,1,1,1,1
88.74510839002268,88.8960380952381,61,61,1,1,1,1,1,1,1,1,1,1,1,1,1
88.65222857142858,88.83798820861678,66,43,-2,-2,1,1,1,-2,-2,-2,-2,-2,-2,-2,1,1,1,1
88.57095873015874,88.71027845804988,63,55,1,1,1,1,1,1,1,1,1,1,1,1
88.57095873015874,88.74510839002268,61,61,1,1,1,1,1,1,1,1,1,1,1,1,1,1,1
88.57095873015874,89.08179773242631,58,59,1,1,1,1,1,1,1,1,1,1,1,1,1,1,1,1,1,1,1,1,1,1,1,1,1,1,1,1,1,1,1,1,1,1,1,1,1,1,1,1,1,1,1,1
88.57095873015874,89.07018775510204,54,51,1,1,1,1,1,1,1,1,1,1,1,1,1,1,1,1,1,1,1,1,1,1,1,1,1,1,1,1,1,1,1,1,1,1,1,1,1,1,1,1,1,1,1
88.57095873015874,88.74510839002268,51,31,1,1,1,1,1,1,1,1,1,1,1,1,1,1,1
88.54773877551021,88.65222857142858,66,39,1,1,1,1,-2,-2,-2,-2,-2
87.40867709750567,87.49123083900227,61,48,1,1,1,1,1,1,1,1
87.31579727891156,87.40867709750567,58,40,-5,-5,-5,-5,-5,-5,-5,-5
87.3041873015873,87.78148027210885,53,80,1,1,1,1,1,1,1,1,1,1,1,1,1,1,1,1,1,1,1,1,1,1,1,1,1,1,1,1,1,1,1,1,1,1,1,1,1,1,1,1,1,1
87.28096734693878,87.40867709750567,61,65,1,1,1,1,1,1,1,1,1,1,1
87.24613741496599,87.46801088435375,65,55,1,1,1,1,1,1,1,1,1,1,1,1,1,1,1,1,1,1,1,1
87.24613741496599,87.53767074829932,46,57,1,1,1,1,1,1,1,1,1,1,1,1,1,1,1,1,1,1,1,1,1,1,1,1,1,1
87.21130748299319,87.38545714285715,68,49,1,1,1,1,1,1,1,1,1,1,1,1,1,1,1
87.17647755102041,87.58411065759637,56,62,1,1,1,1,1,1,1,1,1,1,1,1,1,1,1,1,1,1,1,1,1,1,1,1,1,1,1,1,1,1,1,1,1,1,1,1
87.14164761904762,87.24613741496599,65,55,1,1,1,1,1,1,1,1,1
87.14164761904762,87.31579727891156,58,32,1,1,1,1,1,-5,-5,-5,-5,-5,-5,-5,-5,-5,-5
87.13003764172336,87.3041873015873,53,91,1,1,1,1,1,1,1,1,1,1,1,1,1,1,1
87.13003764172336,87.26935736961451,49,36,1,1,1,1,1,1,1,1,1,1,1,1
86.59597868480726,87.17647755102041,72,44,1,1,1,1,1,1,1,1,1,1,1,1,1,1,1,1,1,1,1,1,1,1,1,1,1,1,1,1,1,1,1,1,1,1,1,1,1,1,1,1,1,1,1,1,1,1,1,1,1,1
86.56114875283447,86.68885850340136,75,37,1,1,1,1,1,1,1,1,1,1,1
86.56114875283447,86.65402857142857,58,47,1,1,1,1,1,1,1,1
86.56114875283447,87.13003764172336,53,57,1,1,1,1,1,1,1,1,1,1,1,1,1,1,1,1,1,1,1,1,1,1,1,1,1,1,1,1,1,1,1,1,1,1,1,1,1,1,1,1,1,1,1,1,1,1,1,1,1
86.4566589569161,86.56114875283447,53,62,1,1,1,1,1,1,1,1,1
86.32894920634921,86.56114875283447,58,42,1,1,1,1,1,1,1,1,1,1,1,1,1,1,1,1,1,1,1,1
86.143189569161,86.32894920634921,58,42,1,1,1,1,1,1,1,1,1,1,1,1,1,1,1,1
85.73684036281179,86.22445941043084,68,36,1,1,1,1,1,1,1,1,1,1,1,1,1,1,1,1,1,1,1,1,1,1,1,1,1,1,1,1,1,1,1,1,1,1,1,1,1,1,1,1,1,1
85.5162507936508,85.87616009070295,61,47,1,1,1,1,1,1,1,1,1,1,1,1,1,1,1,1,1,1,1,1,1,1,1,1,1,1,1,1,1,1,1
85.49303083900227,85.98064988662132,54,50,1,1,1,1,1,1,1,1,1,1,1,1,1,1,1,1,1,1,1,1,1,1,1,1,1,1,1,1,1,1,1,1,1,1,1,1,1,1,1,1,1,1
85.42208707482993,85.6091306122449,65,48,1,1,1,1,1,1,1,1,1,1,1,1,1,1,1,1,1
85.29437732426304,85.42208707482993,65,37,1,1,1,1,1,1,1,1,1,1,1
85.2131074829932,85.56269070294785,58,59,1,1,1,1,1,1,1,1,1,1,1,1,1,1,1,1,1,1,1,1,1,1,1,1,1,1,1,1,1,1,1
85.1782775510204,85.5162507936508,68,40,1,1,1,1,1,1,1,1,1,1,1,1,1,1,1,0,0,0,1,1,1,1,1,1,1,1,1,1,1,1
85.16666757369615,85.34081723356009,61,42,1,1,1,1,1,1,1,1,1,1,1,1,1,1,1
85.07378775510205,85.49303083900227,54,69,1,1,1,1,1,1,1,1,1,1,1,1,1,1,1,1,1,1,1,1,1,1,1,1,1,1,1,1,1,1,1,1,1,1,1,1,1
84.96929795918368,85.13183764172335,65,59,1,1,1,1,1,1,1,1,1,1,1,1,1,1
84.95768798185941,85.1782775510204,68,34,1,1,1,1,1,1,1,1,1,1,0,0,0,1,1,1,1,1,1
84.87641814058956,85.07378775510205,54,67,1,1,1,1,1,1,1,1,1,1,1,1,1,1,1,1,1
84.69065850340137,84.96929795918368,65,66,1,1,1,1,1,1,1,1,1,1,1,1,1,1,1,1,1,1,1,1,1,1,1,1
84.65582857142857,84.95768798185941,68,39,1,1,1,1,1,1,1,1,1,1,1,1,1,1,1,1,1,1,1,1,1,1,1,1,1,1
84.6442185941043,85.2131074829932,58,58,1,1,1,1,1,1,1,1,1,1,1,1,1,1,1,1,1,1,1,1,1,1,1,1,1,1,1,1,1,1,1,1,1,1,1,1,1,1,1,0,0,0,1,1,1,1,1,1,1
84.52811882086168,84.65582857142857,68,63,1,1,1,1,1,1,1,1,1,1,1
84.48167891156463,84.69065850340137,65,63,1,1,1,1,1,1,1,1,1,1,1,1,1,1,1,1,1,1
84.43523900226758,84.6442185941043,58,75,1,1,1,1,1,1,1,1,1,1,1,1,1,1,1,1,1,1
84.35396916099774,84.52811882086168,68,38,1,1,1,1,1,1,1,1,1,3,0,1,1,1,1
84.27269931972789,84.43523900226758,58,69,1,1,1,1,1,1,1,1,1,1,1,1,1,1
84.22625941043084,84.6790485260771,61,56,1,1,1,1,1,1,1,1,1,1,1,1,1,1,1,1,1,1,1,1,1,1,1,1,1,1,1,1,1,1,1,1,1,1,1,1,1,1,1
84.19142947845805,84.48167891156463,65,58,1,1,1,1,1,1,1,1,1,1,1,1,1,1,1,1,1,1,1,1,1,1,1,1,1
84.12176961451247,84.22625941043084,61,72,1,1,1,1,1,1,1,1,1
84.09854965986395,84.19142947845805,65,59,1,1,1,1,1,1,1,1
83.99405986394558,84.144989569161,68,42,1,1,1,1,1,1,1,1,1,1,1,1,1
83.87796009070294,84.27269931972789,58,59,1,1,1,1,1,1,1,1,1,1,1,1,1,1,1,1,1,1,1,1,1,1,1,1,1,1,1,1,1,1,1,1,1,1
83.86635011337869,84.12176961451247,70,34,1,1,1,1,1,1,1,1,1,1,1,1,1,1,1,1,1,1,1,1,1,1
83.703810430839,84.87641814058956,54,66,1,1,1,1,1,1,1,1,1,1,1,1,1,1,1,1,1,1,1,1,1,1,1,1,1,1,1,1,1,1,1,1,1,1,1,1,1,1,1,1,1,1,1,1,1,1,1,1,1,1,1,1,1,1,1,1,1,1,1,1,1,1,1,1,1,1,1,1,1,1,1,1,1,1,1,1,1,1,1,1,1,1,1,1,1,1,1,1,1,1,1,1,1,1,1,1,1,1,1,1,1
83.65737052154195,83.87796009070294,58,69,1,1,1,1,1,1,1,1,1,1,1,1,1,1,1,1,1,1,1
83.64576054421768,84.09854965986395,65,53,1,1,1,1,1,1,1,1,1,1,1,1,1,1,1,1,1,1,1,1,1,1,1,1,1,1,1,1,1,4,4,4,4,4,4,4,4,1,1
83.43549705215419,83.64576054421768,65,67,1,1,1,1,1,1,1,1,1,1,1,1,1,1,1,1,1,1,1
83.19168752834467,84.12176961451247,61,62,1,1,1,1,1,1,1,1,1,1,1,1,1,1,1,1,1,1,1,1,1,1,1,1,1,1,1,1,1,1,1,1,1,1,1,1,1,1,1,1,1,1,1,1,1,1,1,1,1,1,1,1,1,1,1,1,1,1,1,1,1,1,1,1,1,1,1,1,1,1,1,1,1,1,1,1,1,1,1,1,1
83.19168752834467,83.703810430839,54,72,1,1,1,1,1,1,1,1,1,1,1,1,1,1,1,1,1,1,1,1,1,1,1,1,1,1,1,1,1,1,1,1,1,1,1,1,1,1,1,1,1,1,1,1,1
83.15685759637188,83.43549705215419,65,64,1,1,1,1,1,1,1,1,1,1,1,1,1,1,1,1,1,1,1,1,1,1,1,1
83.09880770975056,83.24973741496598,70,44,-2,1,1,1,1,1,1,1,1,1,1,1,1
83.09880770975056,83.65737052154195,58,67,1,1,1,1,1,1,1,1,1,1,1,1,1,1,1,1,1,1,1,1,1,1,1,1,1,1,1,1,1,1,1,1,1,1,1,1,1,1,1,1,1,1,1,1,1,1,1,1,1
83.09880770975056,83.24973741496598,56,44,1,1,1,1,1,1,1,1,1,1,1,1,1
83.09880770975056,83.19168752834467,54,55,1,1,1,1,1,1,1,1
83.0871977324263,83.2729573696145,68,39,1,1,1,1,1,1,1,1,1,1,1,1,1,1,1,1
83.0871977324263,83.19168752834467,61,42,1,1,1,1,1,1,1,1,1
82.62279863945578,82.98270793650794,53,56,1,1,1,1,1,1,1,1,1,1,1,1,1,1,1,1,1,1,1,1,1,1,1,1,1,1,1,1,1,1,1
82.54152879818594,82.6460185941043,70,31,-2,-2,-2,-2,-2,1,1,1,-2
82.54152879818594,82.8666081632653,65,45,-5,-5,-5,1,1,1,1,1,1,1,1,1,1,1,1,1,1,1,1,1,1,1,1,1,1,1,1,1
82.44864897959184,82.62279863945578,53,29,-5,-5,-5,1,1,1,1,1,1,-5,-5,-5,-5,1,1
82.26288934240362,82.83177823129252,63,58,1,1,1,1,1,1,1,1,1,1,1,1,1,1,1,1,1,1,1,1,1,1,1,1,1,1,1,1,1,1,1,1,1,1,1,1,1,1,1,1,1,1,1,1,1,1,1,1,1
82.03068979591836,82.26288934240362,65,43,-5,1,1,1,1,1,1,1,1,1,1,1,1,1,1,1,1,1,1,1
81.97263990929704,82.34415918367347,70,60,1,1,1,1,1,1,1,1,1,1,1,1,1,1,1,1,1,1,1,1,1,1,1,1,1,1,1,1,1,1,1,1
81.69400045351473,82.05390975056689,63,45,1,1,1,1,1,1,1,1,1,1,1,1,1,1,1,1,1,1,1,1,1,1,1,1,1,1,1,1,1,1,1
80.83357823129252,81.11221768707483,68,53,1,1,1,1,1,1,1,1,1,1,1,1,1,1,1,1,1,1,1,1,1,1,1,1
80.79874829931974,83.04075782312924,75,53,1,1,1,1,1,1,1,1,1,1,1,1,1,1,1,1,1,1,1,1,1,1,1,1,1,1,1,1,1,1,1,1,1,1,1,1,1,1,1,1,1,1,1,1,1,1,1,1,1,1,1,1,1,1,1,1,1,1,1,1,1,1,1,1,1,1,1,1,1,1,1,1,1,1,1,1,1,1,1,1,1,1,1,1,1,1,1,1,1,1,1,1,1,1,1,1,1,1,1,1,1,1,1,1,1,1,1,1,1,1,1,1,1,1,1,1,1,1,1,1,1,1,1,1,1,1,1,1,1,1,1,1,1,1,1,1,1,1,1,1,1,1,1,1,1,1,1,1,1,1,1,1,1,1,1,1,1,1,1,1,1,1,1,1,1,1,1,1,1,1,1,1,1,1,1,1,1,1,1,1,1,1,1,1,1,1,1,1,1,1,1,1,1,1
80.589768707483,81.72883038548753,53,75,1,1,1,1,1,1,1,1,1,1,1,1,1,1,1,1,1,1,1,1,1,1,1,1,1,1,1,1,1,1,1,1,1,1,1,1,1,1,1,1,1,1,1,1,1,1,1,1,1,1,1,1,1,1,1,1,1,1,1,1,1,1,1,1,1,1,1,1,1,1,1,1,1,1,1,1,1,1,1,1,1,1,1,1,1,1,1,1,1,1,1,1,1,1,1,1,1,1,1
80.46205895691611,80.79874829931974,75,48,1,1,1,1,1,1,1,1,1,1,1,1,1,1,1,1,1,1,1,1,1,1,1,1,1,1,1,1,1
80.40400907029479,80.72908843537415,56,53,1,1,1,1,1,1,1,1,1,1,1,1,1,1,1,1,1,1,1,1,1,1,1,1,1,1,1,1
80.38078911564627,80.83357823129252,68,45,0,0,1,1,1,1,1,1,1,1,1,1,1,1,1,1,1,1,1,1,1,1,1,1,1,1,1,1,1,1,1,1,1,1,1,1,1,1,1
80.369179138322,80.589768707483,53,67,2,1,1,1,1,1,1,1,1,1,1,1,1,1,1,1,1,1,1
80.369179138322,80.92645804988663,49,64,1,1,1,1,1,1,1,1,1,1,1,1,1,1,1,1,1,1,1,1,1,1,1,1,1,1,1,1,1,1,1,1,1,1,1,1,1,1,1,1,1,1,1,1,1,1,1,1
79.28816734693878,79.56809070294786,68,49,1,1,1,1,1,1,1,1,1,1,1,1,1,1,1,1,1,1,1,1,1,1,1,1,1
79.28816734693878,80.589768707483,61,57,1,1,1,1,1,1,1,1,1,1,1,1,1,1,1,1,1,1,1,1,1,1,1,1,1,1,1,1,1,1,1,1,1,1,1,1,1,1,1,1,1,1,1,1,1,1,1,1,1,1,1,1,1,1,1,1,1,1,1,1,1,1,1,1,1,1,1,1,1,1,1,1,1,1,1,1,1,1,1,1,1,1,1,1,1,1,1,1,1,1,1,1,1,1,1,1,1,1,1,1,1,1,1,1,1,1,1,1,1,1,1,1,1
79.28816734693878,80.35756916099774,54,62,1,1,1,1,1,1,1,1,1,1,1,1,1,1,1,1,1,1,1,1,1,1,1,1,1,1,1,1,1,1,1,1,1,1,1,1,1,1,1,1,1,1,1,1,1,1,1,1,1,1,1,1,1,1,1,1,1,1,1,1,1,1,1,1,1,1,1,1,1,1,1,1,1,1,1,1,1,1,1,1,1,1,1,1,1,1,1,1,1,1,1,1,1
79.07918775510204,79.66097052154196,58,63,1,1,1,1,1,1,1,1,1,1,1,1,1,1,1,1,1,1,1,1,1,1,1,1,1,1,1,1,1,1,1,1,1,1,1,1,1,1,1,1,1,1,1,1,1,1,1,1,1,1,1
78.8702081632653,79.07918775510204,58,59,1,1,1,1,1,1,1,1,1,1,1,1,1,1,1,1,1,1
78.74249841269841,79.28816734693878,54,58,1,1,1,1,1,1,1,1,1,1,1,1,1,1,1,1,1,1,1,1,1,1,1,1,1,1,1,1,1,1,1,1,1,1,1,1,1,1,1,1,1,1,1,1,1,1,1
78.42902902494332,78.74249841269841,54,58,1,1,1,1,1,1,1,1,1,1,1,1,1,1,1,1,1,1,1,1,1,1,1,1,1,1,1
78.39419909297052,78.8702081632653,58,63,1,1,1,1,1,1,1,1,1,1,1,1,1,1,1,1,1,1,1,1,1,1,1,1,1,1,1,1,1,1,1,1,1,1,1,1,1,1,1,1,1
78.26648934240363,78.42902902494332,54,66,1,1,1,1,1,1,1,1,1,1,1,1,1,1
78.25487936507938,79.11401768707483,61,64,1,1,1,1,1,1,1,1,1,1,1,1,1,1,1,1,1,1,1,1,1,1,1,1,1,1,1,1,1,1,1,1,1,1,1,1,1,1,1,1,1,1,1,1,1,1,1,1,1,1,1,1,1,1,1,1,1,1,1,1,1,1,1,1,1,1,1,1,1,1,1,1,1,1
78.23165941043084,78.54512879818594,65,47,1,1,1,1,1,1,1,1,1,1,1,1,1,1,1,1,1,1,1,1,1,1,1,1,1,1,1
78.13877959183674,78.25487936507938,61,50,1,1,1,1,1,1,1,1,1,1
77.73243038548753,78.26648934240363,54,60,1,1,1,1,1,1,1,1,1,1,1,1,1,1,1,1,1,1,1,1,1,1,1,1,1,1,1,1,1,1,1,1,1,1,1,1,1,1,1,1,1,1,1,1,1,1
77.72082040816326,78.39419909297052,58,54,1,1,1,1,1,1,1,1,1,1,1,1,1,1,1,1,1,1,1,1,1,1,1,1,1,1,1,1,1,1,1,1,1,1,1,1,1,1,1,1,1,1,1,1,1,1,1,1,1,1,1,1,1,1,1,1,1,1
77.47701088435375,77.72082040816326,53,67,1,1,1,1,1,1,1,1,1,1,1,1,1,1,1,1,1,1,1,1,1
77.24352743764172,77.47701088435375,53,50,1,1,1,1,1,1,1,1,1,1,1,1,1,1,1,1,1,1,1,1,1
77.16225759637189,77.28996734693878,68,36,1,1,1,1,1,1,1,1,1,1,1
77.10420770975057,77.24352743764172,53,63,1,1,1,1,1,1,1,1,1,1,1,1
77.05776780045352,77.67438049886621,65,48,1,1,1,1,1,1,1,1,1,1,1,1,1,1,1,1,1,1,1,1,1,1,1,1,1,1,1,1,1,1,1,1,1,1,1,1,1,1,1,1,1,1,1,1,1,1,1,1,1,1,1,1,1,1
77.05776780045352,77.24352743764172,46,31,2,1,1,1,1,1,1,1,1,1,1,1,1,1,1,1
76.86039818594104,77.66277052154196,56,60,1,1,1,1,1,1,1,1,1,1,1,1,1,1,1,1,1,1,1,1,1,1,1,1,1,1,1,1,1,1,1,1,1,1,1,1,1,1,1,1,1,1,1,1,1,1,1,1,1,1,1,1,1,1,1,1,1,1,1,1,1,1,1,1,1,1,1,1,1,1
76.6862485260771,78.13877959183674,61,65,1,1,1,1,1,1,1,1,1,1,1,1,1,1,1,1,1,1,1,1,1,1,1,1,1,1,1,1,1,1,1,1,1,1,1,1,1,1,1,1,1,1,1,1,1,1,1,1,1,1,1,1,1,1,1,1,1,1,1,1,1,1,1,1,1,1,1,1,1,1,1,1,1,1,1,1,1,1,1,1,1,1,1,1,1,1,1,1,1,1,1,1,1,1,1,1,1,1,1,1,1,1,1,1,1,1,1,1,1,1,1,1,1,1,1,1,1,1,1,1,1,1,1,1,1,1
76.6862485260771,76.86039818594104,56,76,1,1,1,1,1,1,1,1,1,1,1,1,1,1,1
76.45404897959183,76.6862485260771,56,74,1,1,1,1,1,1,1,1,1,1,1,1,1,1,1,1,1,1,1,1
76.36116916099773,76.60497868480725,68,38,1,1,1,1,1,1,1,1,1,1,1,1,1,1,1,1,1,1,1,1,1
76.24506938775511,76.47726893424036,65,65,1,1,1,1,1,1,1,1,1,1,1,1,1,1,1,1,1,1,1,1
76.21023945578231,76.45404897959183,56,72,1,1,1,1,1,1,1,1,1,1,1,1,1,1,1,1,1,1,1,1,1
76.21023945578231,77.10420770975057,53,53,1,1,1,1,1,1,1,1,1,1,1,1,1,1,1,1,1,1,1,1,1,1,1,1,1,1,1,1,1,1,1,1,1,1,1,1,1,1,1,1,1,1,1,1,1,1,1,1,1,1,1,1,1,1,1,1,1,1,1,1,1,1,1,1,1,1,1,1,1,1,1,1,2,2,2,2,2
76.16379954648527,76.36116916099773,68,50,1,1,1,1,1,1,1,1,1,1,1,1,1,1,1,1,1
76.07091972789115,76.21023945578231,56,73,1,1,1,1,1,1,1,1,1,1,1,1
76.04769977324263,76.6862485260771,61,85,1,1,1,1,1,1,1,1,1,1,1,1,1,1,1,1,1,1,1,1,1,1,1,1,1,1,1,1,1,1,1,1,1,1,1,1,1,1,1,1,1,1,1,1,1,1,1,1,1,1,1,1,1,1,1
75.76906031746032,75.91999002267573,77,61,1,1,1,1,1,1,1,1,1,1,1,1,1
75.75745034013606,76.24506938775511,65,63,1,1,1,1,1,1,1,1,1,1,1,1,1,1,1,1,1,1,1,1,1,1,1,1,1,1,1,1,1,1,1,1,1,1,1,1,1,1,1,1,1,1
75.65296054421769,75.75745034013606,65,74,1,1,1,1,1,1,1,1,1
75.65296054421769,76.21023945578231,53,84,1,1,1,1,1,1,1,1,1,1,1,1,1,1,1,1,1,1,1,1,1,1,1,1,1,1,1,1,1,1,1,1,1,1,1,1,1,1,1,1,1,1,1,1,1,1,1,1
75.05956780045351,76.04769977324263,61,78,1,1,1,1,1,1,1,1,1,1,1,1,1,1,1,1,1,1,1,1,1,1,1,1,1,1,1,1,1,1,1,1,1,1,1,1,1,1,1,1,1,1,1,1,1,1,1,1,1,1,1,1,1,1,1,1,1,1,1,1,1,1,1,1,1,1,1,1,1,1,1,1,1,1,1,1,1,1,1,1,1,1,1,1,1,1
75.03634784580498,76.09413968253968,68,54,1,1,1,1,1,1,1,1,1,1,1,1,1,1,1,1,1,1,1,1,1,1,1,1,1,1,1,1,1,1,1,1,1,1,1,1,1,1,1,1,1,1,1,1,1,1,1,1,1,1,1,1,1,1,1,1,1,1,1,1,1,1,1,1,1,1,1,1,1,1,1,1,1,1,1,1,1,1,1,1,1,1,1,1,1,1,1,1,1,1,1,1
75.02473786848073,76.07091972789115,56,67,1,1,1,1,1,1,1,1,1,1,1,1,1,1,1,1,1,1,1,1,1,1,1,1,1,1,1,1,1,1,1,1,1,1,1,1,1,1,1,1,1,1,1,1,1,1,1,1,1,1,1,1,1,1,1,1,1,1,1,1,1,1,1,1,1,1,1,1,1,1,1,1,1,1,1,1,1,1,1,1,1,1,1,1,1,1,1,1,1,1,1
75.0015179138322,75.1292276643991,41,43,1,1,1,1,1,1,1,1,1,1,1
74.95507800453514,75.05956780045351,61,50,0,1,1,1,1,1,1,1,1
74.86219818594104,75.0015179138322,41,59,1,1,1,1,1,1,1,1,1,1,1,1
74.75770839002267,74.86219818594104,41,60,1,1,1,1,1,1,1,1,1
74.6532185941043,74.75770839002267,41,81,1,1,1,1,1,1,1,1,1
74.64160861678005,74.87380816326531,57,32,1,1,1,1,1,1,1,1,1,1,1,1,1,1,1,1,1,1,1,1
74.40940907029479,75.65296054421769,53,62,1,1,1,1,1,1,1,1,1,1,1,1,1,1,1,1,1,1,1,1,1,1,1,1,1,1,1,1,1,1,1,1,1,1,1,1,1,1,1,1,1,1,1,1,1,1,1,1,1,1,1,1,1,1,1,1,1,1,1,1,1,1,1,1,1,1,1,1,1,1,1,1,1,1,1,1,1,1,1,1,1,1,1,1,1,1,1,1,1,1,1,1,1,1,1,1,1,1,1,1,1,1,1,1,1,1,1,1
73.97983990929706,74.6532185941043,41,90,1,1,1,1,1,1,1,1,1,1,1,1,1,1,1,1,1,1,1,1,1,1,1,1,1,1,1,1,1,1,1,1,1,1,1,1,1,1,1,1,1,1,1,1,1,1,1,1,1,1,1,1,1,1,1,1,1,1
73.64315056689342,74.89702811791383,66,67,1,1,1,1,1,1,1,1,1,1,1,1,1,1,1,1,1,1,1,1,1,1,1,1,1,1,1,1,1,1,1,1,1,1,1,1,1,1,1,1,1,1,1,1,1,1,1,1,1,1,1,1,1,1,1,1,1,1,1,1,1,1,1,1,1,1,1,1,1,1,1,1,1,1,1,1,1,1,1,1,1,1,1,1,1,1,1,1,1,1,1,1,1,1,1,1,1,1,1,1,1,1,1,1,1,1,1,1
73.6199306122449,73.97983990929706,41,97,1,1,1,1,1,1,1,1,1,1,1,1,1,1,1,1,1,1,1,1,1,1,1,1,1,1,1,1,1,1,1
73.60832063492063,74.06110975056689,53,44,2,1,1,1,1,1,1,1,1,1,1,1,1,1,1,1,1,1,1,1,1,1,1,1,1,1,1,1,1,1,1,1,1,1,1,1,1,1,1
73.59671065759638,74.57194875283446,57,51,1,1,1,1,1,1,1,1,1,1,1,1,1,1,1,1,1,1,1,1,1,1,1,1,1,1,1,1,1,1,1,1,1,1,1,1,1,1,1,1,1,1,1,1,1,1,1,1,1,1,1,1,1,1,1,1,1,1,1,1,1,1,1,1,1,1,1,1,1,1,1,1,1,1,1,1,1,1,1,1,1,1,1,1
73.45610702947845,73.5851006802721,42,40,1,1,1,1,1,1,1,1,1,1,1,1
72.376379138322,73.53866077097506,65,70,1,1,1,1,1,1,1,1,1,1,1,1,1,1,1,1,1,1,1,1,1,1,1,1,1,1,1,1,1,1,1,1,1,1,1,1,1,1,1,1,1,1,1,1,1,1,1,1,1,1,1,1,1,1,1,1,1,1,1,1,1,1,1,1,1,1,1,1,1,1,1,1,1,1,1,1,1,1,1,1,1,1,1,1,1,1,1,1,1,1,1,1,1,1,1,1,1,1,1,1,1
72.35315918367347,73.35161723356009,61,54,1,1,1,1,1,1,1,1,1,1,1,1,1,1,1,1,1,1,1,1,1,1,1,1,1,1,1,1,1,1,1,1,1,1,1,1,1,1,1,1,1,1,1,1,1,1,1,1,1,1,1,1,1,1,1,1,1,1,1,1,1,1,1,1,1,1,1,1,1,1,1,1,1,1,1,1,1,1,1,1,1,1,1,1,1,1
72.27188934240363,72.52730884353741,51,50,1,1,1,1,1,1,1,1,1,1,1,1,1,1,1,1,1,1,1,1,1,1
72.26027936507936,73.51544081632653,58,52,1,1,1,1,1,1,1,1,1,1,1,1,1,1,1,1,1,1,1,1,1,1,1,1,1,1,1,1,1,1,1,1,1,1,1,1,1,1,1,1,1,1,1,1,1,1,1,1,1,1,1,1,1,1,1,1,1,1,1,1,1,1,1,1,1,1,1,1,1,1,1,1,1,1,1,1,1,1,1,1,1,1,1,1,1,1,1,1,1,1,1,1,1,1,1,1,1,1,1,1,1,1,1,1,1,1,1,1,1
72.26027936507936,73.53866077097506,54,62,1,1,1,1,1,1,1,1,1,1,1,1,1,1,1,1,1,1,1,1,1,1,1,1,1,1,1,1,1,1,1,1,1,1,1,1,1,1,1,1,1,1,1,1,1,1,1,1,1,1,1,1,1,1,1,1,1,1,1,1,1,1,1,1,1,1,1,1,1,1,1,1,1,1,1,1,1,1,1,1,1,1,1,1,1,1,1,1,1,1,1,1,1,1,1,1,1,1,1,1,1,1,1,1,1,1,1,1,1,1,1
72.26027936507936,73.56188072562358,39,66,1,1,1,1,1,1,1,1,1,1,1,1,1,1,1,1,1,1,1,1,1,1,1,1,1,1,1,1,1,1,1,1,1,1,1,1,1,1,1,1,1,1,1,1,1,1,1,1,1,1,1,1,1,1,1,1,1,1,1,1,1,1,1,1,1,1,1,1,1,1,1,1,1,1,1,1,1,1,1,1,1,1,1,1,1,1,1,1,1,1,1,1,1,1,1,1,1,1,1,1,1,1,1,1,1,1,1,1,1,1,1,1,1
70.98189795918368,71.10960770975058,61,71,1,1,1,1,1,1,1,1,1,1,1
70.88901814058957,71.07477777777778,65,55,1,1,1,1,1,1,1,1,1,1,1,1,1,1,1,1
70.88901814058957,71.07477777777778,56,64,0,0,0,1,1,1,1,1,1,1,1,1,1,1,1,1
70.87740816326532,70.97028798185941,68,37,1,1,1,1,1,1,1,1
70.87740816326532,70.98189795918368,61,94,1,1,1,1,1,1,1,1,1
70.68003854875285,70.88901814058957,65,34,1,1,1,1,1,1,1,1,1,1,1,1,1,1,1,1,1,1
70.68003854875285,70.87740816326532,61,55,1,1,1,1,1,1,1,1,1,1,1,1,1,1,1,1,1
70.66842857142858,70.88901814058957,56,42,1,1,1,1,1,2,2,2,2,2,1,1,1,1,1,1,1,1,0
70.45944897959184,70.58715873015873,65,46,1,1,1,1,1,1,1,1,1,1,1
70.43622902494332,70.68003854875285,61,72,1,1,1,1,1,1,1,1,1,1,1,1,0,0,0,0,1,1,1,1,1
70.43622902494332,70.54071882086168,58,42,1,1,1,1,1,1,1,1,1
70.21563945578232,70.43622902494332,61,81,1,1,1,1,1,1,1,1,1,1,1,1,1,1,1,1,1,1,1
70.21563945578232,70.50588888888889,56,43,1,1,1,1,1,1,1,1,1,1,1,1,1,1,2,2,1,1,1,1,1,1,1,1,1
69.73963038548753,69.87895011337869,56,38,1,1,1,1,1,1,1,1,1,1,1,1
69.52936689342404,69.65836054421769,56,45,1,1,1,1,1,1,1,1,1,1,1,1
69.51775691609977,69.70480045351475,61,75,1,1,1,1,1,1,1,1,1,1,1,1,1,1,1,1,1
69.51775691609977,69.63514058956916,49,39,1,1,1,1,1,1,1,1,1,1,1
69.19267755102041,69.37843718820862,63,70,1,1,1,1,1,1,1,1,1,1,1,1,1,1,1,1
69.13462766439909,69.28555736961451,68,66,1,1,1,1,1,1,1,1,1,1,1,1,1
69.05335782312926,69.20428752834468,75,40,1,1,1,1,1,1,1,1,1,1,1,1,1
69.04174784580499,69.13462766439909,68,83,1,1,1,1,1,1,1,1
69.04174784580499,69.19267755102041,63,77,1,1,1,1,1,1,1,1,1,1,1,1,1
69.04174784580499,69.19267755102041,56,38,1,1,1,1,1,1,1,1,1,1,1,1,1
68.64700861678004,68.77471836734694,60,67,1,1,1,1,1,1,1,1,1,1,1
68.55412879818594,68.64700861678004,60,96,1,1,1,1,1,1,1,1
68.49607891156462,68.76310839002268,65,50,0,1,1,1,1,1,1,1,1,1,1,1,1,1,1,1,1,1,1,1,1,1,1
67.9388,68.04328979591837,65,51,1,1,1,1,1,1,1,1,1
67.79948027210885,68.00845986394557,69,63,1,1,1,1,1,1,1,1,1,1,1,1,1,1,1,1,1,1
67.79948027210885,67.96201995464853,61,40,1,1,1,1,1,1,1,1,1,1,1,1,1,1
67.79948027210885,68.05489977324264,57,63,1,1,1,1,1,1,1,1,1,1,1,1,1,1,1,1,1,1,1,1,1,1
66.9158380952381,67.0087179138322,65,62,1,1,1,1,1,1,1,1
66.81134829931973,66.9158380952381,65,79,1,1,1,1,1,1,1,1,1
66.79973832199546,66.89261814058956,68,51,1,1,1,1,1,1,1,1
66.79973832199546,66.9738879818594,61,63,1,1,1,1,1,1,1,1,1,1,1,1,1,1,1
66.79973832199546,66.93905804988663,49,39,1,1,1,1,1,1,1,1,1,1,1,1
66.45143900226758,66.57914875283447,82,62,1,1,1,1,1,1,1,1,1,1,1
66.41660907029478,66.54431882086168,70,42,1,1,1,1,1,1,1,1,1,1,0
66.02186984126985,66.81134829931973,65,67,1,1,1,1,1,1,1,1,1,1,1,1,1,1,1,1,1,1,1,1,1,1,1,1,1,1,1,1,1,1,1,1,1,1,1,1,1,1,1,1,1,1,1,1,1,1,1,1,1,1,1,1,1,1,1,1,1,1,1,1,1,1,1,1,1,1,1,0
65.90577006802721,66.02186984126985,65,82,1,1,1,1,1,1,1,1,1,1
65.83611020408163,66.52109886621315,77,41,1,1,1,1,1,1,1,1,1,1,1,1,1,1,1,1,1,1,1,1,1,1,1,1,1,1,1,1,1,1,1,1,1,1,1,1,1,1,1,1,1,1,1,1,1,1,1,1,1,1,1,1,1,1,1,1,1,1,1
65.35881723356009,65.83611020408163,77,56,1,1,1,1,1,1,1,1,1,1,1,1,1,1,1,1,1,1,1,1,1,1,1,1,1,1,1,1,1,1,1,1,1,1,1,1,1,1,1,1,1,1
65.35881723356009,65.90577006802721,65,91,1,1,1,1,1,1,1,1,1,1,1,1,1,1,1,1,1,1,1,1,1,1,1,1,1,1,1,1,1,1,1,1,1,1,1,1,1,1,1,1,1,1,1,1,1,1,1,1
65.35881723356009,65.81289024943311,61,50,1,1,1,1,1,1,1,1,1,1,1,1,1,1,1,1,1,1,1,1,1,1,1,1,1,1,1,1,1,1,1,1,1,1,1,1,1,1,1,1
65.20788752834467,65.35881723356009,65,90,1,1,1,1,1,1,1,1,1,1,1,1,1
64.18620952380952,65.20788752834467,65,95,0,1,1,1,1,1,1,1,1,1,1,1,1,1,1,1,1,1,1,1,1,1,1,1,1,1,1,1,1,1,1,1,1,1,1,1,1,1,1,1,1,1,1,1,1,1,1,1,1,1,1,1,1,1,1,1,1,1,1,1,1,1,1,1,1,1,1,1,1,1,1,1,1,1,1,1,1,1,1,1,1,1,1,1,1,1,1,1
64.15137959183673,65.28915736961451,56,55,1,1,1,1,1,1,1,1,1,1,1,1,1,1,1,1,1,1,1,1,1,1,1,1,1,1,1,1,1,1,1,1,1,1,1,1,1,1,1,1,1,1,1,1,1,1,1,1,1,1,1,1,1,1,1,1,1,1,1,1,1,1,1,1,1,1,1,1,1,1,1,1,1,1,1,1,1,1,1,1,1,1,1,1,1,1,1,1,1,1,1,1,1,1,1,1,1,1
64.08171972789116,64.18620952380952,65,61,1,1,1,1,1,0,0,0,0
64.08171972789116,65.35881723356009,61,60,1,1,1,1,1,1,1,1,1,1,1,1,1,1,1,1,1,1,1,1,1,1,1,1,1,1,1,1,1,1,1,1,1,1,1,1,1,1,1,1,1,1,1,1,1,1,1,1,1,0,0,0,1,1,1,1,1,1,1,1,1,1,1,1,1,1,1,1,1,1,1,1,1,1,1,1,1,1,1,1,1,1,1,1,1,1,1,1,1,1,1,1,1,1,1,1,1,1,1,1,1,1,1,1,1,1,1,1,1,1
63.745030385487524,64.08171972789116,61,66,1,1,1,1,1,1,1,1,1,1,1,1,1,1,1,1,1,1,1,1,1,1,1,1,1,1,1,1,1
63.36061723356009,63.745030385487524,61,45,1,1,1,1,1,1,1,1,1,1,1,1,1,1,1,1,1,1,1,1,1,1,1,1,1,1,-2,-2,0,0,1,1,1,1
63.058757823129255,63.36061723356009,61,46,1,1,1,1,1,1,1,1,1,1,1,1,1,1,1,1,1,1,1,1,1,1,1,1,1,1
62.80333832199547,64.08171972789116,65,60,1,1,1,1,1,1,1,1,1,1,1,1,1,1,1,1,1,1,1,1,1,1,1,1,1,1,0,1,1,1,1,1,1,1,1,1,1,1,1,1,1,1,1,1,1,1,1,1,1,1,1,1,1,1,1,1,1,1,1,1,1,1,1,1,1,1,1,1,1,1,1,1,1,1,1,1,1,1,1,1,1,1,1,1,1,1,1,1,1,1,1,1,1,1,1,1,1,1,1,1,1,1,1,1,1,1,1,1,1,1,1
62.7917283446712,64.00044988662131,53,58,1,1,1,1,1,1,1,1,1,1,1,1,1,1,1,1,1,1,1,1,1,1,1,1,1,1,1,1,1,1,1,1,1,1,1,1,1,1,1,1,1,1,1,1,1,1,1,1,1,1,1,1,1,1,1,1,1,1,1,1,1,1,1,1,1,1,1,1,1,1,1,1,1,1,1,1,1,1,1,1,1,1,1,1,1,1,1,1,1,1,1,1,1,1,1,1,1,1,1,1,1,1,1,1,1
62.75689841269841,63.058757823129255,61,51,1,1,1,1,1,1,1,1,1,1,1,1,1,1,1,1,1,1,1,1,1,1,1,1,1,1
62.74528843537415,64.10493968253968,69,76,1,1,1,1,1,1,1,1,1,1,1,1,1,1,1,1,1,1,1,1,1,1,1,1,1,1,1,1,1,1,1,1,1,1,1,1,1,1,1,1,1,1,1,1,1,1,1,1,1,1,1,1,1,1,1,1,1,1,1,1,1,1,1,1,1,1,1,1,1,1,1,1,1,1,1,1,1,1,1,1,1,1,1,1,1,1,1,1,1,1,1,1,1,1,1,1,1,1,1,1,1,1,1,1,1,1,1,1,1,1,1,1,1,1,1,1,1,1
62.74528843537415,64.0352798185941,57,61,1,1,1,1,1,1,1,1,1,1,1,1,1,1,1,1,1,1,1,1,1,1,1,1,1,1,1,1,1,1,1,1,1,1,1,1,1,1,1,1,1,1,1,1,1,1,1,1,1,1,1,1,1,1,1,1,1,1,1,1,1,1,1,1,1,1,1,1,1,1,1,1,1,1,1,1,1,1,1,1,1,1,1,1,1,1,1,1,1,1,1,1,1,1,1,1,1,1,1,1,1,1,1,1,1,1,1,1,1,1,1,1
62.2576693877551,62.80333832199547,65,57,1,1,1,1,1,1,1,1,1,1,1,1,1,1,1,1,1,1,1,1,1,1,1,1,1,1,1,1,1,1,1,1,1,1,1,1,1,1,1,1,1,1,1,1,1,1,1
62.24605941043084,62.722068480725625,68,65,1,1,1,1,1,1,1,1,1,1,1,1,1,1,1,1,1,1,1,1,1,1,1,1,1,1,1,1,1,1,1,1,1,1,1,1,1,1,1,1,1
62.24605941043084,62.59435873015873,61,57,1,1,1,1,1,1,1,1,1,1,1,1,1,1,1,1,1,1,1,1,1,1,1,1,1,1,1,1,1,1
62.08351972789116,62.280889342403626,54,43,1,1,1,1,1,1,1,1,1,1,1,1,1,1,1,1,1
61.58429070294785,62.71045850340136,39,68,1,1,1,1,1,1,1,1,1,1,1,1,1,1,1,1,1,1,1,1,1,1,1,1,1,1,1,1,1,1,1,1,1,1,1,1,1,1,1,1,1,1,1,1,1,1,1,1,1,1,1,1,1,1,1,1,1,1,1,1,1,1,1,1,1,1,1,1,1,1,1,1,1,1,1,1,1,1,1,1,1,1,1,1,1,1,1,1,1,1,1,1,1,1,1,1,1
61.571396825396825,62.24605941043084,68,61,1,1,1,1,1,1,1,1,1,1,1,1,1,1,1,1,1,1,1,1,1,1,1,1,1,1,1,1,1,1,1,1,1,1,1,1,1,1,1,1,1,1,1,1,1,1,1,1,1,1,1,1,1,1,1,1,1,1,1
61.50173696145124,61.99063990929705,51,46,1,1,1,1,1,1,1,1,1,1,1,1,1,1,1,1,1,1,1,1,1,1,1,1,1,1,1,1,1,1,1,1,1,1,1,1,1,1,1,1,1,1,1
61.466907029478456,62.08351972789116,54,41,1,1,1,1,1,1,1,1,1,1,1,1,1,1,1,1,1,1,1,1,1,1,1,1,1,1,1,1,1,1,1,1,1,1,1,1,1,1,1,1,1,1,1,1,1,1,1,1,1,1,1,1,1,1
61.466907029478456,61.58429070294785,39,73,1,1,1,1,1,1,1,1,1,1,1
61.455297052154194,62.24605941043084,61,55,1,1,1,1,1,1,1,1,1,1,1,1,1,1,1,1,1,1,1,1,1,1,1,1,1,1,1,1,1,1,1,1,1,1,1,1,1,1,1,1,1,1,1,1,1,1,1,1,1,1,1,1,1,1,1,1,1,1,1,1,1,1,1,1,1,1,1,1,1
61.38563718820861,62.6988485260771,58,56,1,1,1,1,1,1,1,1,1,1,1,1,1,1,1,1,1,1,1,1,1,1,1,1,1,1,1,1,1,1,1,1,1,1,1,1,1,1,1,1,1,1,1,1,1,1,1,1,1,1,1,1,1,1,1,1,1,1,1,1,1,1,1,1,1,1,1,1,1,1,1,1,1,1,1,1,1,1,1,1,1,1,1,1,1,1,1,1,1,1,1,1,1,1,1,1,1,1,1,1,1,1,1,1,1,1,1,1,1,1,1,1,1,1
61.37402721088435,62.2576693877551,65,54,1,1,1,1,1,1,1,1,1,1,1,1,1,1,1,1,1,1,1,1,1,1,1,1,1,1,1,1,1,1,1,1,1,1,1,1,1,1,1,1,1,1,1,1,1,1,1,1,1,1,1,1,1,1,1,1,1,1,1,1,1,1,1,1,1,1,1,1,1,1,1,1,1,1,1,1,1
61.37402721088435,61.50173696145124,51,57,1,1,1,1,1,1,1,1,1,1,1
59.73702040816326,59.82990022675737,65,51,1,1,1,1,1,1,1,1
59.667360544217686,59.80668027210884,68,66,1,1,1,1,1,1,1,1,2,2,1,1
58.98108798185941,59.13201768707483,68,73,1,1,1,1,1,1,1,1,1,1,1,1,1
58.28448934240363,58.388979138322,73,54,1,2,2,1,1,1,1,1,1
57.6343306122449,57.79687029478458,69,70,1,0,1,1,1,1,1,1,1,1,1,1,1,1
57.3311873015873,57.48211700680272,69,45,-2,1,1,1,1,1,1,0,0,1,1,1,1
57.31957732426304,57.41245714285714,72,55,1,1,1,1,1,1,1,1
57.31957732426304,57.41245714285714,60,41,1,1,1,1,1,1,1,1
56.994497959183676,57.12220770975057,68,72,1,1,1,1,1,1,1,1,1,1,1
56.29789931972789,56.5765387755102,73,42,2,1,1,1,1,1,2,2,2,2,-1,-1,-1,1,1,1,1,1,1,1,1,1,1,1
56.29789931972789,56.390779138321996,68,48,1,1,1,1,1,1,1,1
55.98442993197279,56.14696961451247,69,49,1,1,1,1,1,1,1,1,1,1,1,1,1,1
55.62323673469388,55.8218902494331,65,45,1,1,1,1,1,1,1,1,1,1,1,1,1,1,1,1,1,1
55.54196689342404,55.775450340136054,68,59,1,1,1,1,1,1,1,1,1,1,0,1,1,1,1,1,1,1,1,1,1
55.356207256235834,55.576796825396826,61,59,1,1,1,1,1,1,1,1,1,1,1,1,1,1,1,1,1,1,1
55.182057596371884,55.356207256235834,61,40,1,1,1,1,1,1,1,1,1,1,1,1,1,1,1
55.17044761904762,55.54196689342404,68,57,1,1,1,1,1,1,1,1,1,1,1,1,1,1,1,1,1,1,1,1,1,1,1,1,1,1,1,1,1,1,1,1
55.15883764172336,55.39103718820862,65,33,1,1,1,1,1,1,1,1,1,-1,0,0,0,-5,0,1,1,1,1,1
54.984687981859416,55.182057596371884,61,45,1,1,1,1,1,1,1,1,1,1,1,1,1,1,1,1,1
54.973078004535154,55.15883764172336,65,67,1,1,1,1,1,1,1,1,1,1,1,1,1,1,1,1
54.63638866213152,54.973078004535154,65,80,1,1,1,1,1,1,1,1,1,1,1,1,1,1,1,1,1,1,1,1,1,1,1,1,1,1,1,1,1
54.63638866213152,54.88019818594105,58,53,1,1,1,1,1,1,1,1,1,1,1,1,1,1,1,1,1,1,1,1,1
54.62477868480726,54.83375827664399,56,37,1,1,1,1,1,1,1,1,1,1,1,1,1,1,1,1,1,1
54.46223900226758,54.868588208616785,68,40,1,1,1,1,1,1,1,1,1,1,1,1,1,1,1,1,1,1,1,1,1,1,1,1,1,1,1,1,1,1,1,1,1,1,1
54.02105986394558,54.18359954648526,61,65,1,1,1,1,1,1,1,1,1,1,1,1,1,1
53.881740136054425,54.206819501133786,46,51,1,1,1,1,1,1,1,1,1,1,1,1,1,1,1,1,1,1,1,1,1,1,1,1,1,1,1,2
53.87013015873016,54.13715963718821,68,55,1,1,1,1,1,1,1,1,1,1,1,1,1,1,1,1,1,1,1,1,1,1,1
53.87013015873016,54.00944988662132,56,66,1,1,1,1,1,1,1,1,1,1,1,1
53.8585201814059,54.380969160997736,65,49,1,1,1,1,1,1,1,1,1,1,1,1,1,1,1,1,1,1,1,1,1,1,1,1,1,1,1,1,2,2,2,1,1,1,1,1,1,1,1,1,1,1,1,1,1
53.8585201814059,54.09071972789116,53,71,1,1,1,1,1,1,1,1,1,1,1,1,1,1,1,1,1,1,1,1
53.64954058956916,53.823690249433106,65,65,1,1,1,1,1,1,1,1,1,1,1,1,1,1,1
53.6379306122449,53.87013015873016,68,56,1,1,1,1,1,1,1,1,1,1,1,1,1,1,1,1,1,1,1,1
53.35800725623583,53.50893696145125,61,51,1,1,1,1,1,1,1,1,1,1,1,1,1
53.323177324263035,53.543766893424035,56,62,1,1,1,0,1,1,1,1,1,1,1,1,1,1,1,1,1,1,1
53.323177324263035,53.543766893424035,53,72,1,1,1,1,1,1,1,1,1,1,1,1,1,1,1,1,1,1,1
53.31156734693877,53.64954058956916,65,47,1,1,1,1,1,1,1,1,1,1,1,1,1,1,1,1,1,1,1,1,1,1,1,1,1,1,1,1,1,1
52.98648798185941,53.35800725623583,69,76,1,1,1,1,1,1,1,1,1,1,1,1,1,1,1,1,1,1,1,1,1,1,1,1,1,1,1,1,1,1,1,1
52.98648798185941,53.17224761904762,66,67,1,1,1,1,1,1,1,1,1,1,1,1,1,1,1,1
52.673018594104306,52.847168253968256,54,54,1,1,1,1,1,1,1,1,1,1,1,1,1,1,1
52.568528798185945,52.78911836734694,57,57,1,1,1,1,1,1,1,1,1,1,1,1,1,1,1,1,1,1,1
52.568528798185945,52.71945850340136,51,57,1,1,1,1,1,1,1,1,1,1,1,1,1
52.54530884353741,52.98648798185941,69,57,1,1,1,1,1,1,1,1,1,1,1,1,1,1,1,1,1,1,1,1,1,1,1,1,1,1,1,1,1,1,1,1,1,1,1,1,1,1
52.52208888888889,52.82394829931973,63,36,1,1,1,1,1,1,1,1,1,1,1,1,1,1,-2,-2,-2,-2,-2,-2,-2,1,1,1,1,1
52.47564897959184,52.568528798185945,51,62,1,1,1,1,1,1,1,1
52.31310929705215,52.98648798185941,66,57,1,1,1,1,1,1,1,1,1,1,1,1,1,1,1,1,1,1,1,1,1,1,1,1,1,1,1,1,1,1,1,1,1,1,1,1,1,1,1,1,1,1,1,1,1,1,1,1,1,1,1,1,1,1,1,1,1,1
52.30149931972789,52.452429024943314,69,55,1,1,1,1,1,1,1,1,1,1,1,1,1
52.15056961451247,52.243449433106576,54,59,1,1,1,1,1,1,1,1
52.13895963718821,52.2666693877551,51,63,1,1,1,1,1,1,1,1,1,1,1
52.0460798185941,52.347939229024945,61,57,1,1,1,1,1,1,1,1,1,1,1,1,1,1,1,1,1,1,1,1,1,1,1,1,1,1
52.03446984126984,52.31310929705215,66,62,1,1,1,1,1,1,1,1,1,1,1,1,1,1,1,1,1,1,1,1,1,1,1,1
52.03446984126984,52.15056961451247,54,74,1,1,1,1,1,1,1,1,1,1
52.011249886621314,52.243449433106576,70,33,-2,1,1,1,1,1,1,1,1,1,1,-2,-2,-2,1,1,1,1,1,1
51.99963990929705,52.11573968253968,63,36,1,1,1,1,1,1,1,1,1,1
51.97641995464853,52.06929977324263,57,40,1,1,1,1,1,1,1,1
51.97641995464853,52.13895963718821,51,91,1,1,1,1,1,1,1,1,1,1,1,1,1,1
51.66295056689342,51.906760090702946,68,69,1,1,1,1,1,1,1,1,1,1,1,1,1,1,1,1,1,1,1,1,1
51.41785714285714,51.522346938775506,61,42,1,1,1,1,1,1,1,1,1
51.26692743764172,51.38302721088435,54,58,1,1,1,1,1,1,1,1,1,1
51.20887755102041,51.39463718820861,70,50,1,1,1,1,1,1,1,1,1,1,1,1,1,1,1,1
51.197267573696145,51.290147392290244,73,35,1,1,1,1,1,1,1,1
51.197267573696145,51.65134058956916,66,51,1,1,1,1,1,1,1,-2,-2,-2,-2,1,0,0,0,0,0,0,1,1,1,1,1,1,1,1,1,1,1,1,1,1,1,1,1,1,1,1,1,1
51.197267573696145,51.41785714285714,61,36,1,1,1,1,1,1,1,1,1,1,1,1,1,1,1,1,1,1,1
51.197267573696145,51.55717687074829,58,36,1,1,1,1,1,1,1,1,1,1,1,1,1,1,1,1,1,1,1,1,1,1,1,1,1,1,1,1,1,1,1
51.15082766439909,51.26692743764172,54,48,1,1,1,1,1,1,1,1,1,1
50.98828798185941,51.17404761904761,68,64,1,1,1,1,1,1,1,1,1,1,1,1,1,1,1,1
50.98828798185941,51.139217687074826,63,42,1,1,1,1,1,1,1,1,1,1,1,1,1
50.98828798185941,51.197267573696145,61,49,1,1,1,1,1,1,1,1,1,1,1,1,1,1,1,1,1,1
50.976678004535145,51.12760770975056,65,41,1,1,1,1,1,1,1,1,1,1,1,1,1
50.72125850340136,50.83735827664399,54,39,1,1,1,1,1,1,1,1,1,1
50.68642857142857,50.98828798185941,61,61,1,1,1,1,1,1,1,1,1,1,1,1,1,1,1,1,1,1,1,1,1,1,1,1,1,1
50.6748185941043,50.82574829931973,70,41,1,1,1,1,1,1,1,1,1,1,1,1,1
50.6748185941043,50.83735827664399,65,60,1,1,1,1,1,1,1,1,1,1,1,1,1,1
50.66320861678004,50.814138321995465,58,39,1,1,1,1,1,1,1,1,1,1,1,1,1
50.66320861678004,50.756088435374146,46,29,1,1,1,1,1,1,1,1
50.535498866213146,50.639988662131515,68,46,1,1,1,1,1,1,1,1,1
50.535498866213146,50.68642857142857,61,81,1,1,1,1,1,1,1,1,1,1,1,1,1
50.535498866213146,50.73286848072562,49,59,1,1,1,1,1,1,1,1,1,1,1,1,1,1,1,1,1
50.51227891156462,50.62837868480725,56,49,1,1,1,1,1,1,1,1,1,1
50.314909297052154,50.40778911564625,73,33,1,1,1,1,1,1,1,1
50.314909297052154,50.535498866213146,68,44,1,1,1,1,1,1,1,1,1,1,1,1,1,1,1,1,1,1,1
50.314909297052154,50.535498866213146,61,81,1,1,1,1,1,1,1,1,1,1,1,1,1,1,1,1,1,1,1
50.314909297052154,50.535498866213146,49,62,1,1,1,1,1,1,1,1,1,1,1,1,1,1,1,1,1,1,1
50.30329931972789,50.44261904761905,46,45,1,1,1,1,1,1,1,1,1,1,1,1
50.29168934240362,50.6748185941043,65,39,1,1,1,1,1,1,1,1,1,1,1,1,2,1,1,1,1,1,1,1,1,1,1,1,1,1,1,1,1,1,1,1,1
50.19880952380952,50.314909297052154,68,51,1,1,1,1,1,1,1,1,1,1
50.19880952380952,50.314909297052154,61,71,1,1,1,1,1,1,1,1,1,1
50.18719954648526,50.29168934240362,65,56,1,1,1,1,1,1,1,1,1
50.18719954648526,50.314909297052154,49,50,1,1,1,1,1,1,1,1,1,1,1
50.18719954648526,50.30329931972789,46,63,1,1,1,1,1,1,1,1,1,1
50.036269841269835,50.19880952380952,61,84,1,1,1,1,1,1,1,1,1,1,1,1,1,1
50.01304988662131,50.18719954648526,65,35,-5,-5,-5,-5,-5,-5,-5,-5,-5,-5,-5,-5,-5,-5,1
50.00143990929705,50.22202947845805,63,75,1,1,1,1,1,1,1,1,1,1,1,1,1,1,1,1,1,-5,-5
49.989829931972785,50.19880952380952,68,54,1,1,1,1,1,1,1,1,1,1,1,1,1,1,1,1,1,1
49.989829931972785,50.16397959183673,56,30,1,1,1,1,1,1,1,1,1,1,1,1,1,1,1
49.86212018140589,50.01304988662131,65,64,1,1,1,1,1,1,1,1,1,1,1,1,-5
49.827290249433105,49.989829931972785,68,36,1,1,1,1,1,1,1,1,1,1,1,1,1,1
49.79246031746032,50.036269841269835,61,64,1,1,1,1,1,1,1,1,1,1,1,1,1,1,1,1,1,1,1,1,1
49.64024671201814,49.827290249433105,68,73,1,1,1,1,1,1,1,1,1,1,1,1,1,1,1,1,1
49.64024671201814,49.86212018140589,65,46,1,1,1,1,-5,-5,-5,-5,1,1,-5,-5,-5,-5,-5,1,1,1,1,1
49.64024671201814,49.80407029478458,63,69,1,1,1,1,1,1,1,1,1,1,1,1,1,1,-5
49.64024671201814,49.79246031746032,61,50,1,1,1,1,1,1,1,1,1,1,1,1,1,1
49.303557369614516,49.64024671201814,65,53,1,1,1,1,1,1,1,1,1,1,1,1,1,1,1,1,1,1,1,1,1,1,0,0,1,1,1,1,1
49.233897505668935,49.64024671201814,68,55,1,1,1,1,1,1,1,1,1,1,1,1,1,1,1,1,1,1,1,1,1,1,1,1,1,1,1,1,1,1,1,1,1,1,1
48.966868027210886,49.233897505668935,68,79,1,1,1,1,1,1,1,1,1,1,1,1,1,1,1,1,1,1,1,1,1,1,1
48.95525804988662,49.16423764172336,61,66,1,1,1,1,1,1,1,1,1,1,1,1,1,1,1,1,1,1
48.688228571428574,48.81593832199547,65,55,1,1,1,1,1,1,1,1,1,1,1
48.67661859410431,48.95525804988662,61,55,1,1,1,1,1,1,1,1,1,1,1,1,1,1,1,1,1,1,1,1,1,1,1,1
48.60695873015873,48.76949841269841,68,51,1,1,1,1,1,1,1,1,1,1,1,1,1,1
48.59534875283447,48.746278458049886,56,54,1,1,1,1,1,1,1,1,1,1,1,1,1
48.54890884353742,48.688228571428574,65,56,1,1,1,1,1,1,1,1,1,1,1,1
48.54890884353742,48.65339863945578,53,40,1,1,1,1,1,1,1,1,1
48.537298866213156,48.67661859410431,61,66,1,1,1,1,1,1,1,1,1,1,1,1
48.50246893424036,48.60695873015873,68,61,1,1,1,1,1,1,1,1,1
48.50246893424036,48.59534875283447,56,68,1,1,1,1,1,1,1,1
48.31670929705216,48.50246893424036,68,71,1,1,1,1,1,1,1,1,1,1,1,1,1,1,1,1
48.084509750566895,48.54890884353742,65,41,1,1,1,1,1,1,1,1,1,1,1,1,1,1,1,1,1,1,1,1,1,1,1,1,1,1,1,1,1,1,1,1,1,0,0,0,-2,1,1,1
48.084509750566895,48.22382947845805,53,65,1,1,1,1,1,1,1,1,1,1,1,1
48.00323990929705,48.537298866213156,61,50,1,1,1,1,1,1,1,1,1,1,1,1,1,1,1,1,1,1,1,1,1,1,1,1,1,1,1,1,1,1,1,1,1,1,1,1,1,1,1,1,1,1,1,1,1,1
47.80587029478458,48.00323990929705,68,65,1,1,1,1,1,1,1,1,1,1,1,1,1,1,1,1,1
47.35179727891156,47.49111700680272,65,60,1,1,1,1,1,1,1,1,1,1,1,1
47.29374739229025,47.5607768707483,69,56,1,1,1,1,1,1,1,1,1,1,1,1,1,1,1,1,1,1,1,1,1,1,1
47.212477551020406,47.35179727891156,65,53,1,1,1,1,1,1,1,1,1,1,1,1
46.991887981859406,47.29374739229025,69,58,1,1,1,1,1,1,1,1,1,1,1,1,1,1,1,1,1,1,1,1,1,1,1,1,1,1
46.991887981859406,47.200867573696144,66,74,1,1,1,1,1,1,1,1,1,1,1,1,1,1,1,1,1,1
46.980278004535144,47.096377777777775,78,53,1,1,1,1,1,1,1,1,1,1
46.771298412698414,46.980278004535144,61,62,1,1,1,1,1,1,1,1,1,1,1,1,1,1,1,1,1,1
46.771298412698414,46.91061814058957,54,50,1,1,1,1,1,1,1,1,1,1,1,1
46.713248526077095,47.03832789115646,57,42,1,1,1,1,1,1,1,1,1,1,1,1,1,1,1,1,1,1,1,1,1,1,1,1,1,1,1,1
46.666808616780045,46.771298412698414,61,84,1,1,1,1,1,1,1,1,1
46.65519863945578,46.991887981859406,69,43,-2,-2,1,1,1,-2,1,1,1,1,1,-2,-2,-2,-2,-2,-2,-2,-2,1,1,1,1,1,1,1,1,1,1
46.65519863945578,46.771298412698414,54,45,1,1,1,1,1,1,1,1,1,1
46.65519863945578,46.84095827664399,51,32,1,1,1,1,1,1,1,1,1,1,1,1,1,1,1,1
46.64358866213152,46.95705804988662,73,43,1,1,1,1,1,1,1,1,1,1,1,1,1,1,1,1,1,1,1,1,1,1,1,1,1,1,1
46.64358866213152,46.991887981859406,66,38,1,1,1,1,1,1,1,1,1,1,1,1,1,1,1,1,1,1,1,1,1,1,1,1,1,1,1,1,1,1
46.63197868480725,46.8061283446712,78,41,1,1,1,1,1,1,1,1,1,1,1,1,1,1,1
46.56231882086168,46.65519863945578,68,86,1,1,1,1,1,1,1,1
46.376559183673464,46.56231882086168,68,78,1,1,1,1,1,1,1,1,1,1,1,1,1,1,1,1
46.02825986394558,46.214019501133784,61,69,1,1,1,1,1,1,1,1,1,1,1,1,1,1,1,1
45.97020997732426,46.12113968253968,65,63,1,1,1,1,1,1,1,1,1,1,1,1,1
45.830890249433104,46.016649886621316,54,47,1,1,1,1,1,1,1,1,1,1,1,1,1,1,1,1
45.66706666666667,45.81928027210884,68,51,1,1,1,1,1,1,1,1,1,1,1,1,1,1
45.643846712018146,46.02825986394558,61,53,1,1,1,1,1,1,1,1,1,1,1,1,1,1,1,1,1,1,1,1,1,1,1,1,1,1,1,1,1,1,1,1,1,1
45.31876734693878,45.574186848072564,54,63,1,1,1,1,1,1,1,1,1,1,1,1,1,1,1,1,1,1,1,1,1,1
45.28393741496599,45.423257142857146,65,33,-5,-5,-5,1,1,1,1,1,1,1,1,1
45.16783764172336,45.353597278911565,63,56,1,1,1,1,1,1,1,1,1,1,1,1,1,1,1,1
44.98207800453515,45.16783764172336,63,35,1,1,1,1,1,1,1,1,1,1,1,1,1,1,1,1
44.91241814058957,45.06334784580499,60,46,1,1,1,1,1,1,1,1,1,1,1,1,1
44.90080816326531,45.05173786848073,49,42,1,1,1,1,1,1,1,1,1,1,1,1,1
44.84275827664399,45.09817777777778,56,49,1,1,1,1,1,1,1,1,1,1,1,1,1,1,1,1,1,1,1,1,1,1
44.84275827664399,45.16783764172336,53,61,1,1,1,1,1,1,1,1,1,1,1,1,1,1,1,1,1,1,1,1,1,1,1,1,1,1,1,1
44.83114829931973,45.237497505668934,68,52,1,1,1,1,1,1,1,1,1,1,1,1,1,1,1,1,1,1,1,1,1,1,1,1,1,1,1,1,1,1,1,1,1,1,1
44.83114829931973,45.086567800453516,65,47,1,1,1,1,1,1,1,1,1,1,1,1,1,1,1,1,1,1,1,1,1,1
44.819538321995466,44.99368798185941,72,40,1,1,1,1,1,1,1,1,1,1,1,1,1,1,1
44.819538321995466,44.91241814058957,60,56,1,1,1,1,1,1,1,1
44.656998639455786,44.83114829931973,65,73,1,1,1,1,1,1,1,1,1,1,1,1,1,1,1
44.64538866213152,44.84275827664399,53,52,1,1,1,1,1,1,1,1,1,1,1,1,1,1,1,1,1
44.63377868480726,44.83114829931973,68,38,1,1,1,1,1,1,1,1,1,1,1,1,1,1,1,1,1
44.55250884353742,44.656998639455786,65,75,1,1,1,1,1,1,1,1,1
44.436409070294786,44.55250884353742,65,69,1,1,1,1,1,1,1,1,1,1
44.401579138322,44.540898866213155,49,45,1,1,1,1,1,1,1,1,1,1,1,1
44.320309297052155,44.55250884353742,61,42,1,1,1,1,1,1,1,1,1,1,1,1,1,1,1,1,1,1,1,1
44.320309297052155,44.64538866213152,53,64,1,1,1,1,1,1,1,1,1,1,1,1,1,1,1,1,1,1,1,1,1,1,1,1,1,1,1,1
44.30869931972789,44.50606893424037,68,47,2,1,1,1,1,1,1,1,1,1,1,1,1,1,1,1,1
44.30869931972789,44.436409070294786,65,68,1,1,1,1,1,1,1,1,1,1,1
44.30869931972789,44.436409070294786,63,39,1,1,1,1,1,1,1,1,1,1,1
44.30869931972789,44.401579138322,56,45,1,1,1,1,1,1,1,1
44.30869931972789,44.52928888888889,46,52,1,1,1,1,1,1,1,1,1,1,1,1,1,1,1,1,1,1,1
44.180989569161,44.320309297052155,53,75,1,1,1,1,1,1,1,1,1,1,1,1
44.06488979591837,44.30869931972789,46,47,1,1,1,1,1,1,1,1,1,1,1,1,1,1,1,1,1,1,1,1,1
44.03005986394558,44.320309297052155,61,41,1,1,1,1,1,1,1,1,1,1,1,1,1,1,1,1,1,1,1,1,1,1,1,1,1
44.01844988662132,44.30869931972789,65,57,1,1,1,1,1,1,1,1,1,1,1,1,1,1,1,1,1,1,1,1,1,1,1,1,1
43.995229931972794,44.111329705215425,56,49,1,1,1,1,1,1,1,1,1,1
43.94879002267574,44.180989569161,53,71,1,1,1,1,1,1,1,1,1,1,1,1,1,1,1,1,1,1,1,1
43.85591020408163,43.995229931972794,56,41,1,1,1,1,1,1,1,1,1,1,1,1
43.84430022675737,44.03005986394558,61,30,1,1,1,1,-2,-2,-2,-2,-2,1,1,1,1,1,1,1
43.83269024943311,44.01844988662132,65,66,1,1,1,1,1,1,1,1,1,1,1,1,1,1,1,1
43.51793696145125,43.73981043083901,68,34,1,1,1,1,1,1,1,1,1,1,1,1,1,1,1,1,1,1,1,1
43.49471700680272,43.83269024943311,65,54,1,1,1,1,1,1,1,1,1,1,1,1,1,1,1,1,1,1,1,1,1,1,1,1,1,1,1,1,1,1
43.49471700680272,43.94879002267574,53,58,1,1,1,1,1,1,1,1,1,1,1,1,1,1,1,1,1,1,1,1,1,1,1,1,1,1,1,1,1,1,1,1,1,1,1,1,1,1,1,1
43.483107029478454,43.716590476190476,46,33,1,1,1,1,1,1,1,1,1,1,1,1,1,1,1,1,1,1,1,1,1
43.3437873015873,43.49471700680272,65,67,1,1,1,1,1,1,1,1,1,1,1,1,1
43.19285759637188,43.47149705215419,68,48,1,1,1,1,1,1,1,1,1,1,1,1,1,1,1,1,1,1,1,1,1,1,1,1
43.18124761904762,43.3437873015873,65,33,1,1,1,1,1,1,1,1,1,1,1,1,1,1
43.18124761904762,43.274127437641724,56,43,1,1,1,1,1,1,1,1
43.18124761904762,43.49471700680272,53,60,1,1,1,1,1,1,1,1,1,1,1,1,1,1,1,1,1,1,1,1,1,1,1,1,1,1,2
42.98387800453515,43.123197732426306,65,54,1,1,1,1,1,1,1,1,1,1,1,1
42.98387800453515,43.099977777777774,58,47,1,1,1,1,1,1,1,1,1,1
42.8097283446712,42.98387800453515,65,47,1,1,1,1,1,1,1,1,1,1,1,1,1,1,1
42.65879863945578,42.8097283446712,65,40,1,1,1,1,1,1,1,1,1,1,1,1,1
42.65879863945578,42.82133832199546,61,52,1,1,1,1,1,1,1,1,1,1,1,1,1,1
42.65879863945578,42.91421814058957,53,56,1,1,1,1,1,1,1,1,1,1,1,1,1,1,1,1,1,1,1,1,1,1
42.64718866213152,42.740068480725625,68,45,1,1,1,1,1,1,1,1
42.63557868480726,42.8097283446712,56,34,1,1,1,1,1,1,1,1,1,1,1,1,1,1,1
42.61235873015873,42.75167845804989,63,40,1,1,1,1,1,1,1,1,1,1,1,1
42.39176916099773,42.64718866213152,69,74,1,1,1,1,1,1,1,1,1,1,1,1,1,1,1,1,1,1,1,1,1,-2
42.39176916099773,42.54269886621315,66,56,1,1,1,1,1,1,1,1,1,1,1,1,1
42.298889342403626,42.39176916099773,66,47,1,1,1,1,1,1,1,1
41.973809977324265,42.39176916099773,69,66,1,1,1,1,1,1,1,1,1,1,1,1,1,1,1,1,1,1,1,1,1,1,1,1,1,1,1,1,1,1,1,1,1,1,1,1
41.973809977324265,42.182789569160995,66,64,1,1,1,1,1,1,1,1,1,1,1,1,1,1,1,1,1,1
41.962199999999996,42.15956961451247,54,58,1,1,1,1,1,1,1,1,1,1,1,1,1,1,1,1,1
41.857710204081634,41.95059002267573,51,40,1,1,1,1,1,1,1,1
41.84610022675737,41.973809977324265,66,49,1,1,1,1,1,1,1,1,1,1,1
41.84610022675737,41.973809977324265,63,54,1,1,1,1,1,1,1,1,1,1,1
41.84610022675737,41.962199999999996,54,54,1,1,1,1,1,1,1,1,1,1
41.65905668934241,41.76483038548753,54,46,1,1,1,1,1,1,1,1,1,1
41.647446712018144,41.973809977324265,69,50,1,1,1,1,1,1,1,1,1,1,1,1,1,1,1,-2,-2,-2,-2,-2,-2,-2,-2,-2,1,1,1,1,1
41.647446712018144,41.84610022675737,66,69,1,1,1,1,1,1,1,1,1,1,1,1,1,1,1,1,1,1
41.45007709750567,41.589396825396825,68,62,1,1,1,1,1,1,1,1,1,1,1,1
41.40363718820862,41.5661768707483,51,67,1,1,1,1,1,1,1,1,1,1,1,1,1,1
41.39202721088436,41.65905668934241,54,54,1,1,1,1,1,1,1,1,1,1,1,1,1,1,1,1,1,1,1,1,1,1,1
41.33397732426304,41.45007709750567,68,67,1,1,1,1,1,1,1,1,1,1
41.322367346938776,41.51973696145125,73,48,1,1,1,1,1,1,1,1,1,1,1,1,1,1,1,1,1
41.322367346938776,41.426857142857145,66,42,1,1,1,1,1,1,1,1,1
41.322367346938776,41.53134693877551,61,42,1,1,1,1,1,1,1,1,1,1,1,1,1,1,1,1,1,1
41.310757369614514,41.496517006802726,57,48,1,1,1,1,1,1,1,1,1,1,1,1,1,1,1,1
41.06694784580499,41.33397732426304,68,70,1,1,1,1,1,1,1,1,1,1,1,1,1,1,1,1,1,1,1,1,1,1,1
41.06694784580499,41.19465759637188,61,59,1,1,1,1,1,1,1,1,1,1,1
40.97406802721089,41.159827664399096,65,53,1,1,1,1,1,1,1,1,1,1,1,1,1,1,1,1
40.97406802721089,41.06694784580499,61,61,1,1,1,1,1,1,1,1
40.70703854875284,40.939238095238096,54,68,1,1,1,1,1,1,1,1,1,1,1,1,1,1,1,1,1,1,1,1
40.614158730158735,40.8115283446712,61,69,1,1,1,1,1,1,1,1,1,1,1,1,1,1,1,1,1
40.60254875283447,40.70703854875284,54,61,1,1,1,1,1,1,1,1,1
40.57932879818595,40.834748299319735,58,41,1,1,1,1,1,1,1,1,1,1,1,1,1,1,1,1,1,1,1,1,1,1
40.53288888888889,40.8115283446712,70,42,1,1,1,1,1,1,1,1,1,1,1,1,1,1,1,1,1,1,1,1,1,1,1,1
40.52127891156463,40.97406802721089,65,53,1,1,1,1,1,1,1,1,1,1,1,1,1,1,1,1,1,1,1,1,1,1,1,1,1,1,1,1,1,1,1,1,0,1,1,1,1,1,1
40.323909297052154,40.41678911564626,68,59,1,1,1,1,1,1,1,1
40.323909297052154,40.46322902494332,66,35,-2,-2,-2,-2,-2,-2,-2,-2,-2,1,1,1
40.323909297052154,40.614158730158735,61,48,1,1,1,1,1,1,-2,-2,-2,-2,-2,1,1,1,1,1,1,1,1,1,1,1,1,1,1
40.31229931972789,40.60254875283447,54,37,1,1,1,1,1,1,1,1,1,1,1,1,-2,-2,0,0,0,0,0,0,0,0,1,1,1
40.19619954648526,40.28907936507937,46,40,1,1,1,1,1,1,1,1
40.14975963718821,40.26585941043084,54,52,1,1,1,1,1,1,1,1,1,1
40.010439909297055,40.323909297052154,65,58,1,1,1,1,1,1,1,1,1,1,1,1,1,1,1,1,1,1,1,1,1,1,1,1,1,1,1
40.010439909297055,40.14975963718821,54,64,1,1,1,1,1,1,1,1,1,1,1,1
39.99882993197279,40.323909297052154,61,44,2,1,1,1,1,1,1,1,1,1,1,1,1,1,1,1,1,1,1,1,1,1,1,1,1,1,1,1
39.99882993197279,40.26585941043084,51,55,1,1,1,1,1,1,1,1,1,1,1,1,1,1,1,1,1,1,1,1,1,1,1
39.98721995464853,40.277469387755104,58,43,1,1,1,1,1,1,1,1,1,1,1,1,1,1,1,1,1,1,1,1,1,1,1,1,1
39.98721995464853,40.19619954648526,46,46,1,1,1,1,1,1,1,1,1,1,1,1,1,1,1,1,1,1
39.81307029478458,39.91756009070295,61,42,1,1,1,1,1,1,1,1,1
39.77824036281179,40.010439909297055,65,32,1,1,1,1,0,0,0,0,0,3,1,4,4,1,1,1,1,1,1,1
39.71890657596372,39.98721995464853,46,47,1,1,1,1,1,1,1,1,1,1,1,1,1,1,1,1,1,1,1,1,1,1,1,1
39.64924671201814,39.789850340136056,63,36,-5,-5,-5,-5,-5,-5,-5,-5,-5,-5,-5,1,1
39.63763673469388,39.77824036281179,65,46,1,1,1,1,1,1,1,1,1,1,1,1,1
39.63763673469388,39.81307029478458,61,82,1,1,1,1,1,1,1,1,1,1,1,1,1,1,1,1
39.63763673469388,39.789850340136056,56,34,1,1,1,1,1,1,1,1,1,1,1,1,1,1
39.63763673469388,39.82468027210885,49,38,1,1,1,1,1,1,1,1,1,1,1,1,1,1,1,1,1
39.53314693877551,39.63763673469388,65,41,1,1,1,1,1,1,1,1,1
39.53314693877551,39.71890657596372,46,69,1,1,1,1,1,1,1,1,1,1,1,1,1,1,1,1
39.39382721088435,39.63763673469388,61,58,1,1,1,1,1,1,1,1,1,1,1,1,1,1,1,1,1,1,1,1,1
39.32416734693878,39.53314693877551,46,62,1,1,1,1,1,1,1,1,1,1,1,1,1,1,1,1,1,1
39.31255736961451,39.41704716553288,65,54,1,1,1,1,1,1,1,1,1
39.289337414965985,39.49831700680272,68,62,1,1,1,1,1,1,1,1,1,1,1,1,1,1,1,1,1,1
39.196457596371886,39.59119682539683,70,34,1,1,1,1,1,1,1,-5,-5,-5,-5,-5,-5,-5,-5,1,-5,-5,-5,1,1,1,1,1,1,1,1,1,1,1,1,1,1,1
39.196457596371886,39.64924671201814,63,52,1,1,1,1,1,1,1,1,1,1,1,1,1,1,1,1,1,1,1,1,1,1,1,1,1,1,1,1,1,1,1,1,1,1,1,-2,-2,-5,-5
39.196457596371886,39.32416734693878,46,36,1,1,1,1,1,1,1,1,2,2,2
39.184847619047616,39.31255736961451,65,62,1,1,1,1,1,1,1,1,1,1,1
39.184847619047616,39.463487074829935,56,54,1,1,1,1,1,1,1,1,1,1,1,1,1,1,1,1,1,1,1,1,1,1,1,1
39.184847619047616,39.27772743764172,53,42,1,1,1,1,1,1,1,1
38.975868027210886,39.184847619047616,65,69,1,1,1,1,1,1,1,1,1,1,1,1,1,2,2,2,1,1
38.639178684807256,38.975868027210886,65,48,0,1,1,1,1,1,1,1,1,1,1,1,1,1,1,1,1,1,1,1,1,1,1,1,1,1,1,1,1
38.314099319727895,38.4998589569161,61,70,1,1,1,1,1,1,1,1,1,1,1,1,1,1,1,1
38.302489342403625,38.476639002267575,65,59,1,1,1,1,1,1,1,1,1,1,1,1,1,1,1
38.01223990929705,38.17477959183673,68,44,1,1,1,1,1,1,1,1,1,1,1,1,1,1
38.01223990929705,38.302489342403625,65,48,1,1,1,1,1,1,1,1,1,1,1,1,1,1,1,1,0,0,0,1,1,1,1,1,1
38.01223990929705,38.19799954648526,46,48,0,1,1,1,1,1,1,1,1,1,1,1,1,1,1,1
38.00062993197279,38.314099319727895,61,36,1,1,1,1,1,1,1,1,1,1,1,1,1,1,1,1,1,1,1,0,0,0,0,0,0,0,1
38.00062993197279,38.17477959183673,53,54,1,1,1,1,1,1,1,1,1,1,1,1,1,1,1
37.86131020408163,38.01223990929705,46,28,1,1,1,1,1,1,1,1,1,1,1,0,0
37.84970022675737,38.01223990929705,65,60,1,1,1,1,1,1,1,1,1,1,1,1,1,1
37.84970022675737,38.01223990929705,56,61,1,1,1,1,1,1,1,1,1,1,1,1,1,1
37.84970022675737,38.00062993197279,53,75,1,1,1,1,1,1,1,1,1,1,1,1,1
37.651046712018136,37.83809024943311,68,65,1,1,1,1,1,1,1,1,1,1,1,1,1,1,1,1,1
37.651046712018136,37.84970022675737,65,36,1,1,1,1,1,1,1,1,1,1,1,1,1,1,1,1,1,1
37.651046712018136,37.79165034013605,61,59,1,1,1,1,1,1,1,1,1,1,1,1,1
37.651046712018136,37.84970022675737,53,56,1,1,1,1,1,1,1,1,1,1,1,1,2,2,2,1,1,1
37.31435736961451,37.651046712018136,53,45,1,1,1,1,1,1,1,1,1,1,1,1,1,1,1,1,1,1,1,2,1,1,1,1,1,1,1,1,1
37.30274739229025,37.47689705215419,68,42,1,1,1,1,1,1,1,1,1,1,1,1,1,1,1
37.30274739229025,37.55816689342404,65,51,1,1,1,1,1,1,1,1,1,1,1,1,1,1,1,1,1,1,1,1,1,1
37.30274739229025,37.651046712018136,61,56,1,1,1,1,1,1,1,1,1,1,1,1,1,1,1,1,1,1,1,1,1,1,1,1,1,1,1,1,1,1
37.30274739229025,37.534946938775505,56,48,1,1,1,1,1,1,1,1,1,1,1,1,1,1,1,1,1,1,1,1
36.989278004535144,37.16342766439909,60,41,1,1,1,1,1,1,2,2,2,2,2,2,2,1,1
36.97766802721088,37.30274739229025,69,79,1,1,1,1,1,1,1,1,1,1,1,1,1,1,1,1,1,1,1,1,1,1,1,1,1,1,1,1
36.97766802721088,37.151817687074825,66,55,1,1,1,1,1,1,1,1,1,1,1,1,1,1,1
36.73385850340136,36.826738321995464,60,43,1,1,1,1,1,1,1,1
36.664198639455776,36.768688435374145,54,46,1,1,1,1,1,1,1,1,1
36.606148752834464,36.826738321995464,66,63,1,1,1,1,1,1,1,1,1,1,1,1,1,1,1,1,1,1,1
36.559708843537415,36.68741859410431,51,59,1,1,1,1,1,1,1,1,1,1,1
36.51326893424036,36.606148752834464,66,54,1,1,1,1,1,1,1,1
36.51326893424036,36.86156825396825,57,40,1,1,1,1,1,1,1,1,1,1,1,1,1,1,1,1,1,1,1,1,1,1,1,1,1,1,1,1,1,1
36.51326893424036,36.664198639455776,54,59,1,1,1,1,1,1,1,1,1,1,1,1,1
36.501658956916096,36.97766802721088,69,42,1,1,1,1,1,1,1,1,1,1,1,1,1,1,1,1,1,1,1,1,1,1,1,1,1,1,1,1,1,1,1,1,1,1,1,1,0,0,0,1,1
36.3739492063492,36.46682902494331,69,50,1,1,1,1,1,1,1,1
36.31589931972789,36.51326893424036,66,41,1,1,1,1,1,1,1,1,1,1,1,1,1,1,1,1,1
36.16496961451247,36.339119274376415,57,49,1,1,1,1,1,1,1,1,1,1,1,1,1,1,1
36.118529705215416,36.21140952380952,68,54,1,1,1,1,1,1,1,1
36.03725986394558,36.16496961451247,57,63,1,1,1,1,1,1,1,1,1,1,1
35.97920997732426,36.118529705215416,69,36,1,1,1,1,1,1,1,1,1,1,1,1
35.97920997732426,36.31589931972789,66,49,1,1,1,1,1,1,1,1,1,1,1,1,1,1,1,1,1,1,1,1,1,1,1,1,1,1,1,1,1
35.97920997732426,36.19979954648526,61,72,1,1,1,1,1,1,1,1,1,1,1,1,1,1,1,1,1,1,1
35.97920997732426,36.223019501133784,54,39,1,1,1,1,1,1,1,1,1,1,1,1,1,1,1,1,1,1,1,1,1
35.65284671201814,35.745726530612245,65,41,1,1,1,1,1,1,1,1
35.64123673469388,35.77023038548752,68,34,1,1,1,1,1,1,1,1,1,1,1,1
35.64123673469388,35.75862040816326,60,46,1,1,1,1,1,1,1,1,1,1,1
35.18844761904762,35.49030702947846,66,37,1,1,1,-2,-2,-2,-2,-2,-2,-2,1,1,1,1,-2,-2,-2,-2,0,0,1,1,1,1,1,1
35.18844761904762,35.55996689342404,54,65,1,1,1,1,1,1,1,1,1,1,1,1,1,1,1,1,1,1,1,1,1,1,1,1,1,1,1,1,1,1,1,1
35.17683764172336,35.28132743764172,70,33,1,1,1,1,1,1,1,1,1
35.17683764172336,35.49030702947846,61,53,1,1,1,1,1,1,1,1,1,1,1,1,1,1,1,1,1,1,1,1,1,1,1,1,1,1,1
35.17683764172336,35.39742721088435,58,36,1,1,1,1,1,1,1,1,1,1,1,1,1,1,1,1,1,1,1
34.96785804988662,35.18844761904762,66,64,1,1,1,1,1,1,1,1,1,1,1,1,1,1,1,1,1,1,1
34.95624807256236,35.18844761904762,54,62,1,1,1,1,1,1,1,1,1,1,1,1,1,1,1,1,1,1,1,1
34.874978231292516,34.96785804988662,66,52,1,1,1,-2,-2,-2,-2,-2
34.863368253968254,35.025907936507934,46,55,1,1,1,1,1,1,1,1,1,1,1,1,1,1
34.77048843537415,34.874978231292516,66,42,1,1,1,1,1,1,1,1,1
34.68921859410431,34.863368253968254,46,54,1,1,1,1,1,1,1,1,1,1,1,1,1,1,1
34.67760861678005,34.95624807256236,58,50,1,1,1,1,1,1,1,1,1,1,1,1,1,1,1,1,1,1,1,1,1,1,1,1
34.67760861678005,34.863368253968254,42,41,1,1,1,1,1,1,1,1,1,1,1,1,1,1,1,1
34.665998639455786,34.77048843537415,66,42,1,1,1,1,1,1,1,1,1
34.665998639455786,35.17683764172336,61,41,0,1,1,1,1,1,1,1,1,1,1,1,1,1,1,1,1,1,1,1,1,1,1,1,1,1,1,1,1,1,1,1,1,1,1,1,1,1,1,1,1,1,1,1
34.654388662131524,34.88658820861678,56,49,1,1,1,1,1,1,-5,-5,1,-5,-5,-5,-5,1,1,1,1,-5,-5,-5
34.654388662131524,34.95624807256236,54,72,0,1,1,1,1,1,1,1,1,1,1,1,1,1,1,1,1,1,1,1,1,1,1,1,1,1
34.654388662131524,35.01429795918367,51,70,1,1,1,1,1,1,1,1,1,1,1,1,1,1,1,1,1,1,1,1,1,1,1,1,1,1,1,1,1,1,1
34.654388662131524,34.78209841269842,39,30,1,1,1,1,1,1,1,1,1,1,1
33.561766893424036,33.95779002267574,53,50,1,1,1,1,1,1,1,1,1,1,1,1,1,1,1,1,1,1,1,1,1,1,1,1,1,1,1,1,1,1,1,1,1,1,1
33.561766893424036,34.050669841269844,46,56,1,1,1,1,1,1,1,1,1,1,1,1,1,1,1,1,1,1,1,1,1,1,1,1,1,1,1,1,1,1,1,1,1,1,1,1,1,1,1,1,1,1,1
33.51532698412698,33.80686031746032,34,45,1,1,1,1,1,1,1,1,1,1,1,1,1,1,1,1,1,1,1,1,1,1,1,1,1,1
33.387617233560086,33.53854693877551,58,44,-5,-5,-5,-5,-5,1,1,1,1,1,1,1,-5
33.387617233560086,33.561766893424036,53,86,1,1,1,1,1,1,1,1,1,1,1,1,1,1,1
33.283127437641724,33.5733768707483,65,49,1,1,1,1,1,1,1,1,1,1,1,1,1,1,1,1,1,1,1,1,1,1,1,1,1
33.283127437641724,33.64303673469388,61,54,1,1,1,1,1,1,1,1,1,1,1,1,1,1,1,1,1,1,1,1,1,1,1,1,1,1,1,1,1,1,1
33.283127437641724,33.50371700680272,46,51,1,1,1,1,1,1,1,1,1,1,1,1,1,1,1,1,1,1,1
33.27151746031746,33.59659682539682,56,59,1,1,1,1,1,1,1,1,1,1,1,1,1,1,1,1,1,1,1,1,1,1,1,1,1,1,1,1
33.27151746031746,33.387617233560086,53,80,0,1,1,1,1,1,1,1,1,1
33.27151746031746,33.51532698412698,34,43,1,1,1,1,1,1,1,1,1,1,1,1,1,1,1,1,1,1,1,1,1
30.95984807256236,31.38941723356009,51,57,1,1,1,1,1,1,1,1,1,1,1,1,1,1,1,1,1,1,1,1,1,1,1,1,1,1,1,1,1,1,1,1,1,1,1,1,1
30.948238095238093,31.12238775510204,60,45,1,1,1,1,1,1,1,1,1,1,1,1,1,1,1
30.925018140589568,31.064337868480724,68,38,1,1,1,1,1,1,1,1,1,1,1,1
30.925018140589568,31.296537414965986,56,67,1,1,1,1,1,1,1,1,1,1,1,1,1,1,1,1,1,1,1,1,1,1,1,1,1,1,1,1,1,1,1,1
29.518926984126985,29.76273650793651,39,51,1,1,1,1,1,1,1,1,1,1,1,1,1,1,1,1,1,0,0,0,1
29.43765714285714,29.5769768707483,51,38,1,1,1,1,1,1,1,1,1,1,1,1
29.39121723356009,29.600196825396825,61,59,1,1,1,1,1,1,1,1,1,1,1,1,1,1,1,1,1,1
29.367997278911563,29.797566439909296,46,47,1,1,1,1,1,1,1,1,1,1,1,1,1,1,1,1,1,1,1,1,1,1,1,1,1,1,1,1,1,1,1,1,1,1,1,1,1
29.321557369614514,29.588586848072563,54,55,1,1,1,1,1,1,1,1,1,1,1,1,1,1,1,1,1,1,1,1,1,1,1
29.251897505668932,29.379607256235825,65,49,1,1,1,1,1,1,1,1,1,1,1
29.251897505668932,29.669856689342403,58,47,1,1,1,1,1,1,1,1,1,1,1,1,1,1,1,1,1,1,1,1,1,1,1,1,1,1,1,1,1,1,1,1,1,1,1,1
29.251897505668932,29.367997278911563,46,87,1,1,1,1,1,1,1,1,1,1
29.24028752834467,29.449267120181407,70,38,1,1,1,1,1,1,1,1,1,1,1,1,1,1,1,1,1,1
29.24028752834467,29.39121723356009,61,31,1,1,1,1,1,1,1,1,1,1,1,1,1
29.24028752834467,29.43765714285714,51,36,0,0,0,0,0,1,1,1,1,1,1,1,1,1,1,1,1
29.228677551020407,29.333167346938776,73,37,1,1,1,1,1,1,1,1,1
29.228677551020407,29.39121723356009,49,28,0,0,0,2,2,1,1,1,1,1,1,1,1,1
29.170627664399092,29.321557369614514,54,65,1,1,1,1,1,1,1,1,1,1,1,1,1
28.938428117913833,29.031307936507936,53,43,0,0,1,1,1,1,1,1
28.822328344671202,28.938428117913833,53,46,1,1,1,1,1,1,0,0,0,0
28.77588843537415,29.147407709750567,49,71,1,1,1,1,1,1,1,1,1,1,1,1,1,1,1,1,1,1,1,1,1,1,1,1,1,1,1,1,1,1,1,1
28.764278458049887,29.07774784580499,56,49,1,1,1,1,1,1,1,1,1,1,1,1,1,1,1,1,1,1,1,1,1,1,2,1,1,1,1
28.752668480725625,28.845548299319727,65,40,1,1,1,1,1,1,1,1
28.70622857142857,28.810718367346936,61,38,1,1,1,1,1,1,1,1,1
26.69641859410431,26.905398185941042,61,58,1,1,1,1,1,1,1,1,1,1,1,1,1,1,1,1,1,1
26.684808616780046,26.917008163265304,34,64,2,2,2,1,1,1,1,1,1,1,1,1,1,1,1,1,1,1,1,1
26.673198639455784,26.78929841269841,53,50,1,1,1,1,1,1,1,1,1,1
26.673198639455784,26.8241283446712,46,57,1,1,1,1,1,1,1,1,1,1,1,1,1
26.59192879818594,26.684808616780046,34,63,1,1,1,1,1,1,1,2
26.580318820861677,26.69641859410431,65,44,1,1,1,1,1,1,1,1,1,1
26.568708843537415,26.847348299319727,68,43,1,1,1,1,1,1,1,1,1,1,1,1,1,1,1,1,1,1,1,1,1,1,1,1
26.568708843537415,26.719638548752833,56,50,1,1,1,1,1,1,1,1,1,1,1,1,1
26.568708843537415,26.673198639455784,53,57,1,1,1,1,1,1,1,1,1
26.568708843537415,26.673198639455784,46,80,1,1,1,1,1,1,1,1,1
26.557098866213153,26.69641859410431,61,76,1,1,1,1,1,1,1,1,1,1,1,1
25.69667664399093,25.837280272108842,63,47,1,1,1,1,1,1,1,1,1,1,1,1,1
25.568966893424037,25.685066666666668,41,36,1,1,1,1,1,1,1,1,1,1
25.545746938775512,25.8011664399093,56,66,1,1,1,1,1,1,1,1,1,1,1,1,1,1,1,1,1,1,1,1,1,1
25.545746938775512,25.754726530612245,51,58,1,1,1,1,1,1,1,1,1,1,1,1,1,1,1,1,1,1
25.53413696145125,25.848890249433108,53,69,1,1,1,1,1,1,1,1,1,1,1,1,1,1,1,1,1,1,1,1,1,1,1,1,1,1,1,1
24.071279818594103,24.233819501133787,39,54,1,1,1,1,1,1,1,1,1,1,1,1,1,1
23.966790022675738,24.071279818594103,39,58,1,1,1,1,1,1,1,1,1
23.89713015873016,24.05966984126984,42,44,1,1,1,1,1,1,1,1,1,1,1,1,1,1
23.885520181405898,24.024839909297054,53,45,1,1,1,1,1,1,1,1,1,1,1,1
23.885520181405898,24.24542947845805,51,48,1,1,1,1,1,1,1,1,1,1,1,1,1,1,1,1,1,1,1,1,1,1,1,1,1,1,1,1,1,1,1
23.86230022675737,24.12932970521542,56,57,1,1,1,1,1,1,1,1,1,1,1,1,1,1,1,1,1,1,1,1,1,1,1
23.86230022675737,23.9784,49,32,1,1,1,1,1,1,1,1,1,1
23.850690249433107,23.9784,65,45,1,1,1,1,1,1,1,1,1,1,1
23.850690249433107,24.175769614512472,61,42,1,1,1,1,1,1,1,1,1,1,1,1,1,1,1,1,1,1,1,1,1,1,1,1,1,1,1,1
23.850690249433107,24.106109750566894,46,55,1,1,1,1,1,1,1,1,1,1,1,1,1,1,1,1,1,1,1,1,1,1
21.177827664399096,23.663646712018142,53,76,1,1,1,1,1,1,1,1,1,1,1,1,1,1,1,1,1,1,1,1,1,1,1,1,1,1,1,1,1,1,1,1,1,1,1,1,1,1,1,1,1,1,1,1,1,1,1,1,1,1,1,1,1,1,1,1,1,1,1,1,1,1,1,1,1,1,1,1,1,1,1,1,1,1,1,1,1,1,1,1,1,1,1,1,1,1,1,1,1,1,1,1,1,1,1,1,1,1,1,1,1,1,1,1,1,1,1,1,1,1,1,1,1,1,1,1,1,1,1,1,1,1,1,1,1,1,1,1,1,1,1,1,1,1,1,1,1,1,1,1,1,1,1,1,1,1,1,1,1,1,1,1,1,1,1,1,1,1,1,1,1,1,1,1,1,1,1,1,1,1,1,1,1,1,1,1,1,1,1,1,1,1,1,1,1,1,1,1,1,1,1,1,1,1,1,1,1,1,1,1,1,1,1,1,1,1,1,1,1,1,1,1,1,1,1
21.16621768707483,21.28231746031746,65,44,1,1,1,1,1,1,1,1,1,1
21.16621768707483,23.640426757369614,46,86,1,1,1,1,1,1,1,1,1,1,1,1,1,1,1,1,1,1,1,1,1,1,1,1,1,1,1,1,1,1,1,1,1,1,1,1,1,1,1,1,1,1,1,1,1,1,1,1,1,1,1,1,1,1,1,1,1,1,1,1,1,1,1,1,1,1,1,1,1,1,1,1,1,1,1,1,1,1,1,1,1,1,1,1,1,1,1,1,1,1,1,1,1,1,1,1,1,1,1,1,1,1,1,1,1,1,1,1,1,1,1,1,1,1,1,1,1,1,1,1,1,1,1,1,1,1,1,1,1,1,1,1,1,1,1,1,1,1,1,1,1,1,1,1,1,1,1,1,1,1,1,1,1,1,1,1,1,1,1,1,1,1,1,1,1,1,1,1,1,1,1,1,1,1,1,1,1,1,1,1,1,1,1,1,1,1,1,1,1,1,1,1,1,1,1,1,1,1,1,1,1,1,1,1,1,1,1,1,1,1,1,1,1,1
19.806566439909297,19.93556009070295,39,37,1,1,1,1,1,1,1,1,1,7,7,7
19.794956462585034,19.958780045351475,63,43,1,1,1,1,1,1,1,1,1,1,1,1,1,1,1
19.794956462585034,21.096557823129253,51,68,1,1,1,1,1,1,1,1,1,1,1,1,1,1,1,1,1,1,1,1,1,1,1,1,1,1,1,1,1,1,1,1,1,1,1,1,1,1,1,1,1,1,1,1,1,1,1,1,1,1,1,1,1,1,1,1,1,1,1,1,1,1,1,1,1,1,1,1,1,1,1,1,1,1,1,1,1,1,1,1,1,1,1,1,1,1,1,1,1,1,1,1,1,1,1,1,1,1,1,1,1,1,1,1,1,1,1,1,1,1,1,1,1
19.771736507936506,20.88757823129252,57,77,1,1,1,1,1,1,1,1,1,1,1,1,1,1,1,1,1,1,1,1,1,1,1,1,1,1,1,1,1,1,1,1,1,1,1,1,1,1,1,1,1,1,1,1,1,1,1,1,1,1,1,1,1,1,1,1,1,1,1,1,1,1,1,1,1,1,1,1,1,1,1,1,1,1,1,1,1,1,1,1,1,1,1,1,1,1,1,1,1,1,1,1,1,1,1,1,1
19.771736507936506,21.177827664399096,53,45,1,1,1,1,1,1,1,1,1,1,1,1,-5,-5,-5,-5,-5,-5,1,1,1,1,1,-5,-5,-5,-5,-5,-5,-5,-5,-5,-5,-5,-5,-5,-5,-5,-5,-5,-5,-5,-5,-5,-5,-5,-5,-5,-5,-5,-5,-5,-5,-5,-5,-5,-5,-5,-5,-5,-5,-5,-5,-5,-5,-5,-5,-5,-5,-5,-5,-5,-5,-5,-5,-5,-5,-5,-5,-5,-5,-5,-5,-5,-5,-5,1,1,1,1,-5,1,1,1,1,1,1,1,1,1,-5,-5,-5,-5,-5,-5,-5,1,1,1,1,1,1,1,1,1,1,1,1,1,1,1
19.771736507936506,21.16621768707483,41,87,1,1,1,1,1,1,1,1,1,1,1,1,1,1,1,1,1,1,1,1,1,1,1,1,1,1,1,1,1,1,1,1,1,1,1,1,1,1,1,1,1,1,1,1,1,1,1,1,1,1,1,1,1,1,1,1,1,1,1,1,1,1,1,1,1,1,1,1,1,1,1,1,1,1,1,1,1,1,1,1,1,1,1,1,1,1,1,1,1,1,1,1,1,1,1,1,1,1,1,1,1,1,1,1,1,1,1,1,1,1,1,1,1,1,1,1,1,1,1,1,1
18.622348752834466,19.81817641723356,46,87,1,1,1,1,1,1,1,1,1,1,1,1,1,1,1,1,1,1,1,1,1,1,1,1,1,1,1,1,1,1,1,1,1,1,1,1,1,1,1,1,1,1,1,1,1,1,1,1,1,1,1,1,1,1,1,1,1,1,1,1,1,1,1,1,1,1,1,1,1,1,1,1,1,1,1,1,1,1,1,1,1,1,1,1,1,1,1,1,1,1,1,1,1,1,1,1,1,1,1,1,1,1,0
18.48302902494331,18.622348752834466,46,85,1,1,1,1,1,1,1,1,1,1,1,1
18.40175918367347,18.552688888888888,70,27,0,1,1,1,1,1,1,1,1,1,1,1,1
18.40175918367347,19.33055736961451,56,54,1,1,1,1,1,1,1,1,1,1,1,1,1,1,1,1,1,1,1,1,1,1,1,1,1,1,1,1,1,1,-5,-5,-5,-5,-5,1,-5,-5,-5,-5,-5,-5,-5,-5,-5,-5,-5,-5,-5,-5,-5,-5,-5,-5,-5,-5,-5,-5,-5,-5,-5,-5,-5,-5,-5,-5,-5,-5,-5,-5,-5,-5,-5,-5,-5,-5,-5,-5,-5,-5
18.40175918367347,19.771736507936506,54,76,1,1,1,1,1,1,1,1,1,1,1,1,1,1,1,1,1,1,1,1,1,1,1,1,1,1,1,1,1,1,1,1,1,1,1,1,1,1,1,1,1,1,1,1,1,1,1,1,1,1,1,1,1,1,1,1,1,1,1,1,1,1,1,1,1,1,1,1,1,1,1,1,1,1,1,1,1,1,1,1,1,1,1,1,1,1,1,1,1,1,1,1,1,1,1,1,1,1,1,1,1,1,1,1,1,1,1,1,1,1,1,1,1,1,1,1,1,1
18.37853922902494,19.78334648526077,49,60,1,1,1,1,1,1,1,1,1,1,1,1,1,1,1,1,1,1,1,1,1,1,1,1,1,1,1,1,1,1,1,1,1,1,1,1,1,1,1,1,1,1,1,1,1,1,1,1,1,1,1,1,1,1,1,1,1,1,1,1,1,1,1,1,1,1,1,1,1,1,1,1,1,1,1,1,1,1,1,1,1,1,1,1,1,1,1,1,1,1,1,-8,-8,-8,-8,-8,-8,-8,-8,-8,-8,1,1,1,1,1,1,1,1,1,1,1,1,1,1,1,1,1,1,1,1
18.157949659863945,18.26243945578231,53,40,-5,1,1,1,1,1,1,1,1
18.134729705215417,18.37853922902494,49,73,1,1,1,1,1,1,1,1,1,1,1,1,1,1,1,1,1,1,1,1,1
17.972190022675736,18.37853922902494,41,70,1,1,1,1,1,1,1,1,1,1,1,1,1,1,1,1,1,1,1,1,1,1,1,1,1,1,1,1,1,1,1,1,1,1,1
17.808366439909296,17.972190022675736,41,82,1,1,1,1,1,1,1,1,1,1,1,1,1,1,1
17.796756462585034,18.320489342403626,51,59,1,1,1,1,1,1,1,1,1,1,1,1,1,1,1,1,1,1,1,1,1,1,1,1,1,1,1,1,1,1,1,1,1,-5,-5,-5,-5,-5,-5,1,1,1,1,1,1,1
17.77353650793651,18.471419047619047,58,48,1,1,1,1,1,1,1,1,1,1,1,1,1,1,1,1,1,1,-5,-5,-5,1,1,1,1,1,1,1,-5,-5,-5,1,1,1,1,1,1,1,1,1,1,1,1,1,1,1,1,1,1,1,1,1,1,1,1,1,1,1,1,-5,-5
17.703876643990927,18.28565941043084,65,40,1,1,1,-5,-5,-5,1,1,1,1,1,1,1,1,1,1,1,1,1,1,1,1,1,1,1,1,1,1,1,1,1,1,1,1,1,1,1,1,1,1,1,1,1,1,1,1,1,1,1,1,1
17.703876643990927,17.91414013605442,63,50,1,1,1,1,1,1,1,1,1,1,1,1,1,1,1,1,1,1,1
17.703876643990927,17.796756462585034,51,57,1,1,1,1,1,1,1,1
17.692266666666665,17.878026303854874,68,46,1,1,1,1,1,1,1,1,1,1,1,1,1,1,1,1
17.692266666666665,18.40175918367347,56,56,1,1,1,1,1,1,1,1,1,1,1,1,1,1,1,1,1,1,1,1,1,1,1,1,1,1,1,1,1,1,1,1,1,1,1,1,1,1,1,1,1,1,1,1,1,1,1,1,1,1,1,1,1,1,1,1,1,1,1,1,1,1
17.692266666666665,17.85480634920635,53,41,1,1,1,1,1,1,1,1,1,1,1,1,-5,-5
17.692266666666665,18.134729705215417,49,45,1,1,1,1,1,1,1,1,1,1,1,1,1,1,1,1,1,1,1,1,1,1,1,1,1,1,1,1,1,1,1,1,1,1,1,1,1,1,1
17.692266666666665,17.808366439909296,41,54,2,2,1,1,1,1,1,1,1,1
16.194579591836735,16.41516916099773,73,40,1,1,1,1,1,1,1,1,1,1,1,1,1,1,1,1,1,1,1
16.194579591836735,16.438389115646256,65,71,1,1,1,1,1,1,1,1,1,1,1,1,1,1,1,1,1,1,1,1,1
16.194579591836735,16.368729251700678,61,50,1,1,1,1,1,1,1,1,1,1,1,2,2,1,1
16.194579591836735,16.41516916099773,56,64,1,1,1,1,1,1,1,1,1,1,1,1,1,1,1,1,1,1,1
16.194579591836735,16.531268934240362,49,62,1,1,1,1,1,1,1,1,1,1,1,1,1,1,1,1,1,1,1,1,1,1,1,1,1,1,1,1,1
16.18296961451247,16.310679365079363,68,32,1,1,1,1,1,1,1,1,1,1,1
16.10169977324263,16.25262947845805,46,51,1,1,1,1,1,1,1,1,1,1,1,1,1
16.03203990929705,16.18296961451247,44,55,1,1,1,1,1,1,1,1,1,1,1,1,1
15.95077006802721,16.10169977324263,46,85,1,1,1,1,1,1,1,1,1,1,1,1,1
15.892720181405895,16.171359637188207,41,37,1,1,1,1,1,1,1,1,1,1,1,1,1,1,1,1,1,1,1,1,1,1,1,2
15.868216326530613,16.03203990929705,44,73,1,1,1,1,1,1,1,1,1,1,1,1,1,1,1
15.775336507936508,15.868216326530613,44,85,1,1,1,1,1,1,1,1
15.647626757369615,15.891436281179137,37,65,1,1,1,1,1,1,1,1,1,1,1,1,1,1,1,1,1,1,1,1,1
15.624406802721088,16.194579591836735,49,46,1,1,1,1,1,1,1,1,1,1,1,1,1,1,1,1,1,1,1,1,1,1,1,1,1,1,1,1,1,1,1,1,1,1,1,1,1,1,1,1,1,1,1,1,1,1,1,1,1,1
15.612796825396826,15.705676643990929,56,37,1,1,1,1,1,1,1,1
15.508307029478457,15.647626757369615,37,47,1,1,1,1,1,1,1,1,1,1,1,1
14.939418140589568,15.113567800453515,60,62,1,1,1,1,1,1,1,1,1,1,1,1,1,1,1
14.800098412698413,15.043907936507937,63,75,1,1,1,1,1,1,1,1,1,1,1,1,1,1,1,1,1,1,1,1,1
14.800098412698413,15.009078004535148,56,75,1,1,1,1,1,1,1,1,1,1,1,1,1,1,1,1,1,1
14.800098412698413,15.009078004535148,51,57,1,1,1,1,1,1,1,1,1,1,1,1,1,1,1,1,1,1
14.63755873015873,14.939418140589568,48,55,1,1,1,1,1,1,1,1,1,1,1,1,1,1,1,0,0,1,1,1,1,1,1,1,1,1
14.614338775510204,14.800098412698413,51,77,1,1,1,1,1,1,1,1,1,1,1,1,1,1,1,1
14.602728798185941,14.834928344671201,41,62,1,1,1,1,1,1,1,1,1,1,1,1,1,1,1,1,1,1,1,1
14.591118820861677,14.846538321995464,65,47,1,1,1,1,1,1,1,1,1,1,1,1,1,1,1,1,-5,-5,-5,-5,-5,-5
14.5214589569161,14.63755873015873,48,59,0,0,0,2,2,2,2,2,2,2
14.416969160997732,14.5214589569161,48,49,1,1,1,1,1,1,1,0,0
14.393749206349206,14.602728798185941,41,56,-5,1,1,1,1,1,1,1,1,1,0,0,0,0,0,0,0,1
14.219599546485261,14.37052925170068,51,37,1,1,1,1,1,1,1,1,1,1,1,1,1
14.207989569160997,14.498239002267573,39,77,1,1,1,1,1,1,1,1,1,1,1,1,1,1,1,1,1,1,1,1,1,1,1,0,0
13.417227210884354,13.661036734693878,39,56,1,1,1,1,1,1,1,1,1,1,1,1,1,1,1,1,1,1,1,1,1
13.405617233560092,13.684256689342403,66,83,1,1,1,1,1,1,1,1,1,1,1,1,1,1,1,1,1,1,1,1,1,1,1,1
13.394007256235827,13.695866666666667,61,61,1,1,1,1,1,1,1,1,1,1,1,1,1,1,1,1,1,1,1,1,1,1,1,1,1,1
13.394007256235827,13.486887074829932,49,41,1,1,1,1,1,1,1,1
13.382397278911565,13.47527709750567,73,28,0,1,1,1,1,1,1,1
13.359177324263038,13.940960090702948,46,44,1,1,1,1,1,1,1,1,1,1,1,1,1,1,1,1,1,1,1,1,1,1,1,1,1,1,1,1,1,1,1,1,1,1,1,1,1,1,1,1,1,1,1,1,1,1,1,1,1,1,1
13.266297505668934,13.359177324263038,46,60,1,1,1,1,1,1,1,1
13.254687528344672,13.359177324263038,58,37,1,1,1,1,1,1,1,1,1
13.115367800453514,13.266297505668934,46,44,1,1,1,1,1,1,1,1,1,1,1,1,1
13.068927891156463,13.185027664399094,68,39,1,1,1,1,1,1,1,1,1,1
13.0573179138322,13.394007256235827,49,69,1,1,1,1,1,1,1,1,1,1,1,1,1,1,1,1,1,1,1,1,1,1,1,1,1,1,1,1,1
12.883168253968254,13.115367800453514,46,47,1,1,1,1,1,-1,-1,-1,1,-1,-1,-1,1,1,1,1,1,1,1,1
12.883168253968254,13.417227210884354,39,95,1,1,1,1,1,1,1,1,1,1,1,1,1,1,1,1,1,1,1,1,1,1,1,1,1,1,1,1,1,1,1,1,1,1,1,1,1,1,1,1,1,1,1,1,1,1
12.743848526077098,12.883168253968254,39,73,0,0,0,1,1,2,2,2,2,1,1,1
10.745648526077098,11.02428798185941,46,56,1,1,1,2,2,2,2,2,2,2,2,2,2,2,2,1,1,2,2,2,1,1,1,1
10.722428571428573,10.931408163265306,65,72,1,1,1,1,1,1,1,1,1,1,1,1,1,1,1,1,1,1
10.617938775510204,10.757258503401362,75,42,1,1,1,1,1,1,1,1,1,1,1,1
10.617938775510204,10.722428571428573,65,51,-5,-5,-5,-5,-5,-5,-5,-5,1
10.606328798185942,10.884968253968255,63,66,1,1,1,1,1,1,1,1,1,1,1,1,1,1,1,1,1,1,1,1,1,1,1,1
10.606328798185942,10.757258503401362,60,48,1,1,1,1,1,1,1,1,1,1,1,1,1
10.606328798185942,10.82691836734694,56,63,1,1,1,1,1,1,1,1,1,1,1,1,1,1,1,1,1,1,1
10.40895918367347,10.617938775510204,58,64,-5,-5,-5,1,1,1,1,1,1,1,1,1,1,1,1,1,1,1
10.397349206349206,10.745648526077098,46,58,1,1,1,1,1,1,1,1,1,1,1,1,1,1,1,1,1,1,1,1,1,1,1,-5,-5,1,1,1,1,1
10.304469387755104,10.397349206349206,46,82,1,1,1,1,1,1,1,1
10.269639455782313,10.606328798185942,56,85,1,1,1,1,1,1,1,1,1,1,1,1,1,1,1,1,1,1,1,1,1,1,1,1,1,1,1,1,1
10.211589569161,10.583108843537415,65,55,1,1,1,1,1,1,1,1,1,1,1,1,1,1,1,1,1,1,1,1,1,1,1,1,1,1,1,1,1,1,1,1
10.199979591836735,10.664378684807257,53,76,1,1,1,1,1,1,1,1,1,1,1,1,1,1,1,1,1,1,1,1,1,1,1,1,1,1,1,1,1,1,1,1,1,1,1,1,1,1,1,1
10.095489795918368,10.211589569161,65,45,1,1,1,1,1,1,1,1,1,1
10.095489795918368,10.199979591836735,58,42,1,1,1,1,1,1,1,1,1
10.072269841269842,10.304469387755104,46,93,0,1,1,1,1,1,1,1,1,1,1,1,1,1,1,1,1,1,1,1
9.29311746031746,9.536926984126984,65,50,-5,-5,-5,-5,1,1,-5,1,1,1,1,1,1,1,1,1,1,1,1,1,1
9.281507482993197,9.385997278911564,48,54,1,1,1,1,1,1,1,1,1
9.281507482993197,9.420827210884353,41,59,1,1,1,1,1,1,1,2,2,2,2,2
9.269897505668935,9.536926984126984,63,68,1,1,1,1,1,1,1,1,1,1,1,1,1,1,1,1,1,1,1,1,1,1,1
9.269897505668935,9.455657142857142,56,60,1,1,1,1,1,1,1,1,1,1,1,1,1,1,1,1
9.269897505668935,9.385997278911564,51,56,1,1,1,1,1,1,1,1,1,1
9.153797732426304,9.281507482993197,48,76,1,1,1,1,1,1,1,1,1,1,1
9.130577777777777,9.397607256235828,60,50,1,1,1,1,1,1,1,1,1,1,1,1,1,1,1,1,1,1,1,1,1,1,1
9.0609179138322,9.281507482993197,41,83,1,1,1,1,1,1,1,1,1,1,1,1,1,1,1,1,1,1,1
9.049307936507937,9.211847619047619,53,51,-5,-5,-5,-5,1,1,1,1,1,1,1,1,1,1
8.968038095238095,9.153797732426304,48,72,1,1,1,1,1,1,1,1,1,1,1,1,1,1,1,1
8.921598185941043,9.0609179138322,41,87,1,1,1,1,1,1,1,1,1,1,1,1
8.898378231292517,9.049307936507937,63,53,1,1,1,1,1,1,1,1,1,1,1,1,1
8.898378231292517,9.269897505668935,51,70,1,1,1,1,1,1,1,1,1,1,1,1,1,1,1,1,1,1,1,1,1,1,1,1,1,1,1,1,1,1,1,1
8.805498412698412,8.968038095238095,48,80,1,1,1,1,1,1,1,1,1,1,1,1,1,1
8.72422857142857,8.921598185941043,41,93,1,1,1,1,1,1,1,1,1,1,1,1,1,1,1,1,1
7.981190022675737,8.132119727891157,65,60,1,1,1,1,1,1,1,1,1,1,1,1,1
7.910246258503402,8.10889977324263,39,49,1,1,1,1,1,1,1,1,1,1,1,1,1,1,1,1,1,1
7.898636281179138,7.981190022675737,51,43,1,1,1,1,1,1,1,1
7.887026303854875,7.981190022675737,65,58,-5,1,1,1,1,1,1,1,1
7.887026303854875,8.027629931972788,56,61,1,1,1,1,1,1,1,1,1,1,1,1,1
7.875416326530613,8.120509750566892,63,57,1,1,1,1,1,1,1,1,1,1,1,1,1,1,1,1,1,1,1,1,1,1
7.875416326530613,8.097289795918368,46,69,1,1,1,1,1,1,1,1,1,1,1,1,0,0,0,0,0,0,1,1
7.782536507936508,7.933466213151927,49,31,1,1,1,1,1,1,1,1,1,1,1,1,1
7.770926530612245,7.875416326530613,46,96,1,1,1,1,1,1,1,1,1
7.770926530612245,7.910246258503402,39,73,1,1,1,1,1,1,1,1,1,1,1,1
7.759316553287982,7.887026303854875,65,28,1,1,1,1,1,1,1,1,1,1,1
7.678046712018141,7.782536507936508,49,55,1,1,1,1,1,1,1,1,1
7.666436734693877,7.921856235827665,54,68,1,1,1,1,1,1,1,1,1,1,1,1,1,1,1,1,1,1,1,1,1,1
7.666436734693877,7.770926530612245,39,82,1,1,1,1,1,1,1,1,1
7.573556916099774,7.666436734693877,39,87,1,1,1,1,1,1,1,1
7.550336961451247,7.678046712018141,49,77,1,1,1,1,1,1,1,1,1,1,1
7.44584716553288,7.573556916099774,39,90,1,1,1,1,1,1,1,1,1,1,1
7.434237188208617,7.770926530612245,46,91,0,1,1,1,1,1,1,1,1,1,1,1,1,1,1,1,1,1,1,1,1,1,1,1,1,1,1,1,1
7.318137414965986,7.44584716553288,51,44,1,1,1,1,1,1,1,1,1,1,1
7.306527437641724,7.44584716553288,39,98,2,2,2,1,1,1,1,1,1,1,1,1
5.250277551020408,5.366377324263039,42,42,1,1,0,0,1,1,0,0,0,0
5.1690077097505664,5.285107482993197,56,47,1,1,1,1,1,1,1,1,1,1
5.145787755102041,5.459257142857143,65,74,1,1,1,1,-5,1,1,1,1,1,1,1,1,1,1,1,1,1,1,1,1,1,1,1,1,1,1
5.122567800453514,5.285107482993197,75,36,1,1,1,1,1,1,1,1,1,1,1,1,1,1
5.122567800453514,5.319937414965986,63,65,1,1,1,1,1,1,1,1,1,1,1,1,1,1,1,1,1
5.099347845804989,5.250277551020408,49,49,1,1,1,1,1,1,1,1,1,1,1,1,1
5.099347845804989,5.250277551020408,42,40,1,1,1,0,0,0,0,1,1,1,1,1,1
5.041297959183673,5.308327437641723,46,62,1,1,1,1,1,1,1,1,1,1,1,1,1,1,1,1,1,1,1,1,1,1,1
4.936808163265306,5.122567800453514,66,47,1,1,1,1,1,1,1,1,1,1,1,1,1,1,1,-2
4.936808163265306,5.238667573696145,54,71,1,1,1,1,1,1,1,1,1,1,1,1,1,1,1,1,1,1,1,1,1,1,1,1,1,1
4.79748843537415,5.087737868480725,68,37,1,1,1,1,1,1,1,1,1,1,1,1,1,-5,-5,-5,1,1,1,1,1,1,1,1,1
4.79748843537415,5.099347845804989,49,76,1,1,1,1,1,1,1,1,1,1,1,1,1,1,1,1,1,1,1,1,1,1,1,1,1,1
4.739438548752834,4.971638095238095,39,42,1,1,1,1,1,1,1,1,1,1,1,1,1,1,1,1,1,1,1,1
4.716218594104308,4.809098412698413,58,34,1,1,1,1,1,1,1,1
4.588508843537415,5.041297959183673,46,60,1,1,1,1,1,1,1,1,1,1,1,1,1,1,1,1,1,1,1,1,1,1,1,1,1,1,1,1,1,1,1,1,1,1,1,1,1,1,1
4.576898866213152,4.727828571428571,80,42,1,1,1,1,1,1,1,0,1,0,0,0,0
4.576898866213152,4.774268480725623,65,52,1,1,1,1,1,1,1,1,1,1,1,1,1,1,1,1,1
3.83257641723356,4.576898866213152,65,61,-5,-5,-5,1,1,1,1,1,1,1,1,1,1,-5,-5,1,1,1,1,1,1,1,1,1,1,1,1,1,1,1,1,1,1,1,1,1,1,1,1,1,1,1,1,1,1,1,1,1,1,1,1,1,1,1,1,1,1,1,1,1,1,1,1,1,1
3.820966439909297,3.9370662131519274,56,53,1,1,1,1,1,1,1,1,1,1
3.809356462585034,4.031229931972789,63,74,1,1,1,1,1,1,1,1,1,1,1,1,1,1,1,1,1,1,1,1
3.6468167800453513,3.8557963718820862,51,31,1,1,1,1,1,1,1,1,1,1,1,1,1,1,1,1,1,1
3.6119868480725623,4.031229931972789,41,69,1,1,1,1,1,1,1,1,1,1,1,1,1,1,1,1,1,1,1,1,1,1,1,1,1,1,1,1,1,1,1,1,1,1,1,1,1
3.600376870748299,3.9370662131519274,53,67,1,1,1,1,1,1,1,1,1,1,1,1,1,1,1,1,1,1,1,1,1,1,1,1,1,1,1,1,1
3.4726671201814057,3.6468167800453513,51,39,1,1,1,1,1,1,1,1,1,1,1,1,1,7,7
3.461057142857143,3.600376870748299,53,40,1,1,1,1,0,-5,-5,-5,-5,1,1,1
3.461057142857143,3.9138462585034013,48,60,1,1,1,1,1,1,1,1,1,1,1,1,1,1,1,1,1,1,1,1,1,1,1,1,1,1,1,1,1,1,1,1,1,1,1,1,1,1,1
3.3565673469387756,3.461057142857143,48,74,1,1,1,1,1,1,1,1,1
3.217247619047619,3.6119868480725623,41,89,1,1,1,1,1,1,1,1,1,1,1,1,1,1,1,1,1,1,1,1,1,1,1,1,1,1,1,1,1,1,1,1,1,1
2.450989115646258,2.625138775510204,56,56,1,1,1,1,1,1,1,1,1,1,1,1,1,1,1
2.4393791383219954,2.7296285714285715,65,76,1,1,1,1,1,1,1,1,1,1,1,1,1,1,1,1,1,1,1,1,1,1,1,1,1
2.4393791383219954,2.6019188208616777,63,62,1,1,1,1,1,1,1,1,1,1,1,1,1,1
2.334889342403628,2.555478911564626,46,56,1,1,1,1,1,1,1,1,1,1,1,1,1,1,1,1,1,1,1
2.334889342403628,2.613528798185941,39,67,1,1,1,1,1,1,1,1,1,1,1,1,1,1,1,1,1,1,1,1,2,2,2,2
2.323279365079365,2.4393791383219954,65,25,1,1,1,1,1,1,1,1,1,1
2.3000594104308387,2.4277691609977325,54,52,1,1,1,1,1,1,1,1,1,1,1
2.1491297052154192,2.3000594104308387,49,61,1,1,1,1,1,1,1,1,1,1,1,1,1
2.033029931972789,2.334889342403628,46,57,1,1,1,1,1,1,1,1,1,1,1,1,1,1,1,1,1,1,1,1,1,1,1,1,1,1
2.021419954648526,2.1491297052154192,49,38,1,1,1,1,1,1,0,1,1,1,1
2.009809977324263,2.334889342403628,39,86,1,1,1,1,1,1,1,1,1,1,1,1,1,1,1,1,1,1,1,1,1,1,1,1,1,1,1,1
1.8692063492063493,2.009809977324263,39,89,1,1,1,1,1,1,1,1,1,1,1,1,1
1.497687074829932,1.6486167800453515,61,51,1,1,1,1,1,1,1,1,1,1,1,0,0
1.4048072562358276,1.497687074829932,61,45,2,2,2,1,1,2,-1,0
1.242267573696145,1.4048072562358276,61,71,1,1,1,1,1,1,1,1,0,0,0,0,0,2
0.6733786848072563,0.7894784580498866,58,47,0,0,0,0,0,0,0,1,1,1
0.6733786848072563,0.8126984126984127,50,38,2,2,2,2,2,2,2,2,2,2,2,2
0.5688888888888889,0.6733786848072563,58,69,1,1,1,1,1,1,1,1,0
8.619738775510204,8.712618594104308,41,54,1,1,1,1,2,2,2,0
201.8762498866213,201.99234965986395,39,64,1,1,1,1,1,1,1,1,1,1
18.343709297052154,18.471419047619047,46,61,1,1,1,1,1,1,1,1,1,1,1
214.01637959183674,215.7127201814059,65,60,1,1,1,1,1,1,1,1,1,1,1,1,1,1,1,1,1,1,1,1,1,1,1,1,1,-5,-5,-5,-5,-5,-5,-5,-5,-5,-5,-5,1,1,1,1,1,1,1,1,1,1,1,1,1,1,1,1,1,1,1,1,1,1,1,1,1,1,1,1,1,1,1,1,1,1,1,1,1,1,1,1,1,1,1,1,1,1,1,1,1,1,1,1,1,1,1,1,1,1,1,1,1,1,1,1,1,1,1,1,1,1,1,1,1,1,1,1,1,1,1,1,1,1,1,1,1,1,1,1,1,1,1,1,1,1,1,1,1,1,1,1,1,1,1,1,1,1,1,1,1,1,1
266.2843328798186,266.3772126984127,53,63,1,1,1,1,1,1,1,1
212.08783945578233,213.54037052154194,65,58,1,1,1,1,1,1,1,1,1,1,1,1,1,1,1,1,1,1,1,1,1,1,1,1,1,1,1,1,1,1,1,1,1,1,1,1,1,1,1,1,1,1,1,1,1,1,1,1,1,1,1,1,1,1,1,1,1,1,1,1,1,1,1,1,1,1,1,1,1,1,1,1,1,1,1,1,1,1,1,1,1,1,1,1,1,1,1,1,1,1,1,1,1,1,1,1,1,1,1,1,1,1,1,1,1,1,1,1,1,1,1,1,1,1,1,1,1,1,1,-5,-5,-5,1,1,1,1
187.9585097505669,188.06299954648526,46,45,1,1,1,-1,-1,-1,0,0,0
41.29914739229025,41.39202721088436,51,60,1,1,1,1,1,1,1,1
79.85834013605442,80.35756916099774,49,59,1,1,1,1,1,1,1,1,1,1,1,1,1,1,1,1,1,1,1,1,1,1,1,1,1,1,1,1,1,1,1,1,1,1,1,1,1,1,1,1,1,1,1
214.17891927437643,215.0277315192744,63,53,1,1,1,1,1,1,1,1,1,1,1,1,1,1,1,1,1,1,1,1,1,1,1,1,1,1,1,1,1,1,1,1,1,1,1,1,1,1,1,1,1,1,1,1,1,1,1,1,1,1,1,1,1,1,1,1,1,1,1,1,1,1,1,1,1,1,1,1,1,1,1,1,1,1
208.07982947845804,208.78932199546483,58,58,1,1,1,1,1,1,1,1,1,1,1,1,1,1,1,1,1,1,1,1,1,1,1,1,1,1,1,1,1,1,1,1,1,1,1,1,1,1,1,1,1,1,1,1,1,1,1,1,1,1,1,1,1,1,1,1,1,1,1,1,1,1
28.636568707482994,28.764278458049887,49,52,1,1,1,1,2,2,2,1,1,1,1
257.4659405895692,257.5588204081633,46,51,1,1,1,1,1,1,1,1
13.208247619047619,13.394007256235827,66,33,1,0,0,0,1,1,1,1,1,1,1,0,0,0,0,-2
129.85978004535147,130.20807936507939,56,53,1,1,1,1,1,1,1,1,1,1,1,1,1,1,1,1,1,1,1,1,1,1,1,1,1,1,1,1,1,1
197.1368113378685,197.4735006802721,60,47,1,1,1,1,1,1,1,1,1,1,1,1,1,1,1,1,1,1,1,1,1,1,1,1,1,1,1,1,1
21.026897959183675,21.154607709750568,46,52,1,1,1,1,1,1,1,1,1,1,1
96.45926893424037,96.59858866213152,61,58,1,1,1,1,1,1,1,1,1,1,1,1
289.6461201814059,289.739,62,63,0,0,0,1,1,1,1,1
172.70433832199546,172.8333319727891,65,55,1,1,1,1,1,1,1,1,1,1,1,1
91.42958095238095,91.61534058956916,58,58,0,0,0,1,1,1,1,1,1,1,1,1,1,1,1,1
229.6652902494331,229.76978004535147,58,59,1,1,1,1,1,1,1,1,1
114.91907800453515,115.03517777777778,68,66,1,1,1,1,1,1,1,1,1,1
287.8685097505669,288.05555328798187,58,47,1,1,1,1,1,1,1,1,1,1,1,1,1,1,1,1,1
77.5234507936508,79.51004081632654,46,50,1,1,1,1,1,1,1,1,1,1,1,1,1,1,1,1,1,1,1,1,1,1,1,1,1,1,1,1,1,1,1,1,1,1,1,1,1,1,1,1,1,1,1,1,1,1,1,1,1,1,1,1,1,1,1,1,1,1,1,1,1,1,1,1,1,1,1,1,1,1,1,1,1,1,1,1,1,1,1,1,1,1,1,1,1,1,1,1,1,1,1,1,1,1,1,1,1,1,1,1,1,1,1,1,1,1,1,1,1,1,1,1,1,1,1,1,1,1,1,1,1,1,1,1,1,1,1,1,1,1,1,1,1,1,1,1,1,1,1,1,1,1,1,1,1,1,1,1,1,1,1,1,1,1,1,1,1,1,1,1,1,1,1,1,1,1,1,1,1,1,1,1
81.81010022675737,81.96102993197279,70,56,1,1,1,1,1,1,1,1,1,1,1,1,1
147.79714013605442,147.89001995464852,51,59,1,1,1,1,1,1,1,1
45.51613696145125,45.63223673469388,61,60,1,1,1,1,1,1,1,1,1,1
261.20692108843537,261.4159006802721,69,62,1,1,1,1,1,1,1,1,1,1,1,1,1,1,1,1,1,1
299.40492063492064,299.49780045351474,46,49,0,0,1,1,1,1,1,1
72.23705941043083,72.36476916099772,65,52,1,1,1,1,1,1,1,1,1,1,1
280.5155424036281,280.643252154195,65,50,1,1,1,1,1,1,1,1,1,1,1
74.98990793650793,75.64135056689342,65,41,1,1,1,1,1,1,1,1,1,1,1,1,1,1,1,1,1,1,1,1,1,1,1,1,1,1,1,1,1,1,1,1,1,1,1,1,1,1,1,1,1,1,1,1,1,1,1,1,1,1,1,1,1,1,1,1,1
89.98865986394557,90.08153968253967,63,54,-5,-5,1,1,1,1,1,1
109.55270068027211,109.70363038548753,61,44,1,1,1,1,1,1,1,1,1,1,1,1,1
293.6773501133787,293.79344988662126,62,63,1,1,1,1,1,1,1,1,1,1
81.1586575963719,81.90298004535147,65,45,1,1,1,1,1,1,1,1,1,1,1,1,1,1,1,1,1,1,1,1,1,1,1,1,1,1,1,1,1,1,1,1,1,1,1,1,1,1,1,1,1,1,1,1,1,1,1,1,1,1,1,1,1,-5,1,1,1,1,1,1,1,1,1,1,1
121.04138775510204,121.13426757369614,63,54,-5,1,1,1,1,1,1,1
80.96128798185941,81.68239047619048,56,54,1,1,1,1,1,1,1,1,1,1,1,1,1,1,1,1,1,1,1,1,1,1,1,1,1,1,1,1,1,1,1,1,1,1,1,1,1,1,1,1,1,1,1,1,1,1,1,1,1,1,1,1,1,1,1,1,1,1,1,1,1,1,1
146.06596961451248,146.22850929705217,53,50,1,1,1,1,1,1,1,1,1,1,1,1,1,1
222.96248163265307,223.05536145124717,58,62,1,1,1,1,1,1,1,1
279.93375963718825,280.0382494331066,60,60,1,1,1,1,1,1,1,1,1
99.16567755102041,99.25855736961452,51,43,1,1,1,2,2,2,1,1
150.41066893424036,150.5035487528345,61,58,1,1,1,1,1,1,1,1
168.1274394557823,168.24353922902495,46,56,1,1,1,1,1,1,1,1,1,1
129.6391904761905,129.7320702947846,61,54,-2,-2,1,1,1,1,1,1
240.99272154195012,241.0972113378685,65,50,1,1,1,1,1,1,1,1,1
288.28775283446714,288.4038526077097,62,60,1,1,1,1,1,1,1,1,1,1
265.319420861678,265.4471306122449,53,50,1,1,1,1,1,1,1,1,1,1,1
215.65467029478458,216.56153242630384,70,45,-5,-5,1,1,1,1,1,1,1,1,1,1,1,1,1,1,1,1,1,1,1,1,1,1,1,1,1,1,1,1,1,1,1,1,1,1,1,1,1,1,1,1,1,1,1,1,1,1,1,1,1,1,1,1,1,1,1,1,1,1,1,1,1,1,1,1,1,1,1,1,1,1,1,1,1,1,1,-5,-5
198.50678866213153,198.6590022675737,58,59,1,1,1,1,1,1,1,1,1,1,1,1,1,1
153.62920045351473,153.7336902494331,58,53,-5,1,1,1,1,1,1,1,1
273.43993061224495,273.6373002267574,53,51,1,1,1,1,1,1,1,1,1,1,1,1,1,1,1,1,1
156.4284888888889,156.59102857142858,63,52,1,1,1,1,1,1,1,1,1,1,1,1,1,1
81.01933786848073,81.90298004535147,72,40,1,1,1,1,1,1,1,1,0,0,1,1,1,1,1,1,1,1,1,1,1,1,1,1,1,1,1,1,1,1,1,1,1,1,1,1,1,1,1,1,1,1,1,1,1,1,1,1,1,1,1,1,1,1,1,1,1,1,1,1,1,1,1,1,1,1,1,1,1,1,1,1,1,1,1,1,1
209.41626077097504,209.64846031746032,68,54,1,1,1,1,1,1,1,1,1,1,1,1,1,1,1,1,1,1,1,1
75.29176734693877,76.31472925170068,49,47,1,1,1,1,1,1,1,1,1,1,1,1,1,1,1,1,1,1,1,1,1,1,1,1,1,1,1,1,1,1,1,1,1,1,1,1,1,1,1,1,1,1,1,1,1,1,1,1,1,1,1,1,1,1,1,1,1,1,1,1,1,1,1,1,1,1,1,1,1,1,1,1,1,1,1,1,1,1,1,1,1,1,1,1,1,1,1,1,1
264.216473015873,264.3093528344671,70,52,-2,1,1,1,1,1,1,1
106.77534829931973,107.07720770975057,63,37,1,1,1,1,1,1,1,1,1,1,1,1,1,1,1,1,1,1,1,1,1,1,1,1,1,1
287.06742131519275,287.2880108843537,51,53,1,1,1,1,1,1,1,1,1,1,1,1,1,1,1,1,1,1,1
208.07982947845804,208.62678231292517,73,55,1,1,1,1,1,1,1,1,1,1,1,1,1,1,1,1,1,1,1,1,1,1,1,1,1,1,1,1,1,1,1,1,1,1,1,1,1,1,1,1,1,1,1,1,1,1,1,1
232.32525895691612,232.55874240362812,61,42,1,1,1,1,1,1,1,1,1,1,1,1,1,1,1,1,1,1,1,1,1
130.88145804988665,131.3471410430839,59,50,0,0,1,1,1,1,1,1,1,1,1,1,1,1,1,1,1,1,1,1,1,1,1,1,1,1,1,1,1,1,1,1,1,1,1,1,1,1,1,1,1
249.58924036281178,250.16973922902494,56,53,1,1,1,1,1,1,1,1,1,1,1,1,1,1,1,1,1,1,1,1,1,1,1,1,1,1,1,1,1,1,1,1,1,1,1,1,1,1,1,1,1,1,1,1,-5,-5,-5,-5,-5,-5
124.84041814058958,125.32932108843538,65,42,1,1,1,1,1,1,1,1,1,1,1,1,1,1,1,1,1,1,1,1,1,1,1,1,1,1,1,1,1,1,1,1,1,1,1,1,1,1,1,1,1,1,1
213.52876054421768,213.84222993197278,46,46,1,1,1,1,1,1,1,1,1,1,1,1,1,1,1,1,1,1,1,1,1,1,1,1,1,1,1
174.83153197278912,175.29593106575965,65,44,1,1,1,1,1,1,1,1,1,1,1,1,1,1,1,1,1,1,1,1,1,1,1,1,1,1,1,1,1,1,1,1,1,1,1,1,1,1,1,1
29.367997278911563,29.50731700680272,39,49,1,1,1,1,1,1,1,1,1,1,1,1
156.46331882086167,156.85805804988664,68,46,1,1,1,1,1,1,1,1,1,1,1,1,1,1,1,1,1,1,1,1,1,1,1,1,1,1,1,1,1,1,1,1,1,1
211.86724988662132,212.2852090702948,61,44,1,1,1,1,1,1,1,1,1,1,1,1,1,0,0,0,7,7,1,1,1,1,1,1,1,1,1,1,1,1,1,1,1,1,1,1
247.7187501133787,247.9393396825397,63,54,1,1,1,1,1,1,1,1,1,1,1,1,1,1,1,1,1,1,1
153.5711505668934,153.84979002267573,65,43,0,0,0,1,1,1,1,1,1,1,1,1,1,1,1,1,1,1,1,1,1,1,1,1
262.70589206349206,262.9032616780045,46,49,1,1,1,1,1,1,1,1,1,1,1,1,1,1,1,1,1
97.19069750566894,97.35452108843538,61,53,0,1,1,1,1,1,1,1,1,1,1,1,1,1,1
256.09467936507934,256.2339990929705,61,38,1,1,1,1,1,1,1,1,1,1,1,1
164.0962095238095,164.23552925170068,53,54,1,1,1,1,1,1,1,1,1,1,1,1
231.84924988662132,232.1394993197279,68,51,1,1,1,1,1,1,1,1,1,1,1,1,1,1,1,1,1,1,1,1,1,1,1,1,1
188.4229088435374,188.62027845804988,70,47,1,1,1,1,1,1,1,1,1,1,1,1,1,1,1,1,1
99.65458049886621,99.79390022675736,58,46,1,1,1,1,1,1,1,1,1,1,1,1
163.80596009070294,164.24713922902492,68,40,1,1,1,1,1,1,1,1,1,1,1,1,1,1,1,1,1,1,1,1,1,1,1,1,1,1,1,1,1,1,1,1,1,1,1,1,1,1
266.98093151927435,267.2479609977324,70,57,1,1,1,1,1,1,1,1,1,1,1,1,1,1,1,1,1,1,1,1,1,1,1
276.2869428571429,276.4727024943311,56,54,1,1,1,1,1,1,1,1,1,1,1,1,1,1,1,1
148.86525804988662,149.06391156462587,61,48,1,1,1,1,1,1,1,1,1,1,1,1,1,1,1,1,1,1
91.89398004535147,91.98685986394557,70,51,-5,1,1,1,1,1,1,1
93.92700997732426,94.41462902494331,63,53,-5,-5,-5,1,1,1,1,1,1,1,1,1,1,1,1,1,1,1,1,1,1,1,1,1,1,1,1,1,1,1,1,1,1,1,1,1,1,1,1,1,1,1
142.78938820861677,143.03319773242632,70,53,1,1,1,1,1,1,1,1,1,1,1,1,1,1,1,1,1,1,1,1,1
18.819718367346937,19.690466666666666,68,54,1,1,1,1,1,1,1,1,1,1,1,1,1,1,1,1,1,1,1,1,1,1,1,1,1,1,1,1,1,1,1,1,1,1,1,1,1,1,1,1,1,1,1,1,1,1,1,1,1,1,1,1,1,1,1,1,1,1,1,1,1,1,1,1,1,1,1,1,1,1,1,1,1,1,1
100.59498866213151,100.68786848072561,68,48,1,1,1,1,1,1,1,1
74.21203945578232,74.39779909297052,53,44,1,1,1,1,1,1,1,1,1,1,1,1,1,1,1,1
45.67867664399093,45.9586,65,44,1,1,1,1,1,1,1,1,1,1,1,1,1,1,1,1,1,1,1,1,1,1,1,1,1
257.31501088435374,257.6400902494331,70,43,1,1,1,1,1,1,1,1,1,1,1,1,1,1,1,1,1,1,1,1,1,1,1,1,1,1,1,1
173.83179002267573,173.92466984126983,61,52,1,1,1,1,1,1,1,1
198.01916961451246,198.25136916099774,61,45,1,1,1,1,1,1,1,1,1,0,0,1,1,1,1,1,1,1,1,1
84.91124807256236,85.42208707482993,49,46,2,1,1,1,1,1,1,1,1,1,1,1,1,1,1,1,1,1,1,1,1,1,1,1,1,1,1,1,1,1,1,1,1,1,1,1,1,1,1,1,1,1,1,1
129.53470068027212,129.62758049886622,53,46,1,1,1,1,1,1,1,1
166.55880861678006,166.97805170068028,68,42,1,1,1,1,1,1,1,1,1,1,1,1,1,1,1,1,1,1,1,1,1,1,1,1,1,1,1,1,1,1,1,1,1,1,1,1,1
153.84979002267573,154.3257990929705,73,49,0,1,1,1,1,1,1,1,1,1,1,1,1,1,1,1,1,1,1,1,1,1,1,1,1,1,1,1,1,1,1,1,1,1,1,1,1,1,1,1,1
78.80054829931973,79.27655736961452,68,48,1,1,1,1,1,1,1,1,1,1,1,1,1,1,1,1,1,1,1,1,1,1,1,1,1,1,1,1,1,1,1,1,1,1,1,1,1,1,1,1,1
153.45505079365077,153.65242040816327,56,50,1,1,1,1,1,1,1,1,1,1,1,1,1,1,1,1,1
80.810358276644,81.58951065759636,61,43,1,1,1,1,1,1,1,1,1,1,1,1,1,1,1,1,1,1,1,1,1,1,1,1,1,1,1,1,1,1,1,1,1,1,1,1,1,1,1,1,1,1,1,1,1,1,1,1,1,1,1,1,1,1,1,1,1,1,1,1,1,1,1,1,1,1,1,1
97.54028072562359,97.77248027210885,53,51,1,1,1,1,1,1,1,1,1,1,1,1,1,1,1,1,1,1,1,1
159.94887981859412,160.06497959183676,77,47,1,1,1,1,1,1,1,1,1,1
221.69571020408165,221.8350299319728,56,39,1,1,1,1,1,1,1,1,1,1,1,1
221.2661410430839,221.38224081632654,61,44,1,1,1,1,1,1,1,1,1,1
230.58376235827666,230.82757188208618,73,51,1,1,1,1,1,1,1,1,1,1,1,1,1,1,1,1,1,1,1,1,1
169.88182993197282,170.09080952380953,56,51,1,1,1,1,1,1,1,1,1,1,1,1,1,1,1,1,1,1
196.74207210884353,196.8465619047619,54,49,1,1,1,1,1,1,1,1,1
69.07657777777779,69.34360725623583,58,52,1,1,1,1,1,1,1,1,1,1,1,1,1,1,1,1,1,1,1,1,1,1,1
109.9938798185941,110.26090929705215,30,49,1,1,1,1,1,1,1,1,1,1,1,1,1,1,1,1,1,1,1,1,1,1,1
208.35846893424036,208.66161224489795,54,47,1,1,1,1,1,1,1,1,1,1,1,1,1,1,1,1,1,1,1,1,1,1,1,1,1,1,1
281.25858095238095,281.59527029478454,68,52,1,1,1,1,1,1,1,1,1,1,1,1,1,1,1,1,1,1,1,1,1,1,1,1,1,1,1,1,1
162.56240861678006,162.6668984126984,70,40,-5,-5,-5,1,1,1,1,1,1
175.94608979591837,176.2479492063492,68,41,1,1,1,1,1,1,1,1,1,1,1,1,1,1,1,4,-8,-8,-8,1,1,1,1,1,1,1
76.88361814058958,77.04615782312925,65,34,1,1,1,1,1,1,1,1,1,1,1,1,1,1
161.93546984126985,162.15605941043083,56,52,1,1,1,1,1,1,1,1,1,1,1,1,1,1,1,1,1,1,1
168.27836916099773,168.55700861678005,68,40,1,1,1,1,1,1,1,1,1,1,1,1,1,1,1,1,1,1,1,1,1,1,1,1
261.6016603174603,262.0196195011338,58,46,1,1,1,1,1,1,1,1,1,1,1,1,1,1,1,1,1,1,1,1,1,1,1,1,1,1,1,1,1,1,1,1,1,1,1,1
103.48844081632653,103.79030022675737,53,46,1,1,1,1,1,1,1,1,1,1,1,1,1,1,1,1,1,1,1,1,1,1,1,1,1,1
84.26108934240362,84.74870839002267,49,47,1,1,1,1,1,1,1,1,1,1,1,1,1,1,1,1,1,1,1,1,1,1,1,1,1,1,1,1,1,1,1,1,1,1,1,1,1,1,1,1,1,1
47.49111700680272,47.80587029478458,61,42,1,1,1,1,1,1,1,1,1,1,1,1,1,1,1,1,1,1,1,1,1,1,1,1,1,1,1,1
295.118271201814,295.82647981859407,62,41,0,0,0,1,1,1,1,1,1,0,0,0,0,0,0,0,0,0,0,0,0,0,1,1,1,1,1,1,1,1,0,0,0,1,1,1,1,1,1,1,1,1,1,1,1,1,1,1,1,1,1,1,1,1,1,1,0,0,0,0,0
82.66923854875283,83.06397777777778,69,52,1,1,1,1,1,1,1,1,1,1,1,1,1,1,1,1,1,1,1,1,1,1,1,1,1,1,1,1,1,1,1,1,1,1
279.79443990929707,279.9569795918368,68,49,1,1,1,1,1,1,1,1,1,1,1,1,1,1
122.27332925170067,122.78416825396825,63,38,-5,-5,-5,-5,-5,-5,-5,1,1,1,1,1,1,1,1,1,1,1,1,1,1,1,1,1,1,1,1,1,1,1,1,1,1,1,1,1,1,1,1,-5,-5,-5,-5,1
224.4846725623583,224.75170204081633,73,48,1,1,1,1,1,1,1,1,1,1,1,1,1,1,1,1,1,1,1,1,1,1,1
156.54458866213153,156.75356825396827,56,53,1,1,1,1,1,1,1,1,1,1,1,1,1,1,1,1,1,1
123.45883083900227,123.79552018140589,51,51,1,1,1,1,1,1,1,1,1,1,1,1,1,1,1,1,1,1,1,1,1,1,1,1,1,1,1,1,1
223.20629115646258,223.357220861678,70,48,1,-5,1,1,1,1,1,1,1,1,1,1,1
86.85139818594105,87.07198775510204,58,48,1,1,1,1,1,1,1,1,1,1,1,1,1,1,1,1,1,1,1
206.72146213151927,207.17425124716553,60,41,1,1,1,1,1,1,1,1,1,1,1,1,1,1,1,1,1,1,1,1,1,1,1,1,1,1,1,1,1,1,1,1,1,1,1,1,1,1,1
257.59365034013604,257.72136009070294,68,54,1,1,1,1,1,1,1,1,1,1,1
86.70046848072562,86.97910793650794,65,45,1,1,1,1,1,1,1,1,1,1,1,1,1,1,1,1,1,1,1,1,1,1,1,1
125.13066757369614,125.21322131519275,46,45,1,1,1,1,1,1,1,1
246.77834195011337,246.9873215419501,63,51,1,1,1,1,1,1,1,1,1,1,1,1,1,1,1,1,1,1
107.56611065759638,107.67060045351475,46,51,1,1,1,1,1,1,1,1,1
105.25315736961451,105.69562040816326,70,38,1,1,1,1,1,1,1,1,1,1,1,1,1,1,1,1,1,1,1,-5,-5,-5,-5,-5,-5,1,1,1,1,1,1,1,1,1,1,1,1,1,1
78.76571836734695,79.707410430839,49,46,1,1,1,1,1,1,1,1,1,1,1,1,1,1,1,1,1,1,1,1,1,1,1,1,1,1,1,1,1,1,1,1,1,1,1,1,1,1,1,1,1,1,1,1,1,1,1,1,1,1,1,1,1,1,1,1,1,1,1,1,1,1,1,1,1,1,1,1,1,1,1,1,1,1,1,1,1,1,1,1,1,1
83.76186031746032,84.1101596371882,49,43,1,1,1,1,1,1,1,1,1,1,1,1,1,1,1,1,1,1,1,1,1,1,1,1,1,1,1,1,1,1
115.22222131519274,115.33832108843538,49,37,1,1,1,1,1,1,1,1,1,1
215.95652970521544,216.1887292517007,56,47,1,1,1,1,1,1,1,1,1,1,1,1,1,1,1,1,1,1,1,1
88.81476825396825,89.02374784580499,68,50,1,1,-5,-5,-5,-5,-5,-5,-5,1,1,1,1,1,1,1,1,1
236.72929206349207,236.85700181405895,49,49,1,1,1,1,1,1,1,1,1,1,1
106.35738911564626,106.46187891156463,65,44,1,1,1,1,1,1,1,1,1
94.77453832199546,95.15766757369614,68,44,1,1,1,1,1,1,1,1,1,1,1,1,1,1,1,1,1,1,1,1,1,1,1,1,1,1,1,1,1,1,1,1,1
79.59131065759638,80.04409977324264,77,46,1,1,1,1,1,1,1,1,1,1,1,1,1,1,1,1,1,1,1,1,1,1,1,1,1,1,1,1,1,1,1,1,1,1,1,1,1,1,1
232.34847891156463,232.51230249433107,68,48,1,1,1,1,1,1,1,1,1,1,1,1,1,1,1
43.94879002267574,44.053279818594106,46,50,1,1,1,1,1,1,1,1,1
238.0760494331066,238.30824897959184,77,49,1,1,1,1,1,1,1,1,1,1,1,1,1,1,1,1,1,1,1,1
224.32084897959183,224.63560226757372,70,50,1,1,1,1,1,1,1,1,1,1,1,1,1,1,1,1,0,1,0,1,1,1,1,1,1,1,1,1
251.26236099773243,251.39007074829934,53,51,1,1,1,1,1,1,1,1,1,1,1
227.5045505668934,227.6438702947846,46,50,1,1,1,1,1,1,1,1,1,1,1,1
159.99531972789117,160.27395918367347,68,33,1,1,1,1,1,1,1,1,1,1,1,1,1,1,1,1,-8,-8,1,1,1,1,1,1
278.645052154195,278.7843718820862,53,49,1,1,1,1,1,1,1,1,1,1,1,1
215.15544126984128,215.70111020408166,77,49,1,1,1,1,1,1,1,1,1,1,1,1,1,1,1,1,1,1,1,1,1,1,1,1,1,1,1,1,1,1,1,1,1,1,1,1,1,1,1,1,1,1,1,1,1,1,1
84.89963809523809,85.15505759637188,61,53,1,1,1,1,1,1,1,1,1,1,1,1,1,1,1,1,1,1,1,1,1,1
155.16300136054423,155.33715102040816,77,48,1,1,1,1,1,1,1,1,1,1,1,1,1,1,1
206.52280861678005,206.709852154195,53,39,1,1,1,1,1,1,1,1,1,1,1,1,1,1,1,1,1
163.05131156462585,163.411220861678,46,36,1,1,1,1,1,1,1,1,1,1,1,1,1,1,1,1,1,1,1,1,1,1,1,1,1,1,1,1,1,1,1
156.3588290249433,156.66068843537417,72,40,1,1,1,1,1,1,1,1,1,1,1,1,1,1,1,1,1,1,1,1,1,1,1,1,1,1
171.58978049886622,172.0309596371882,63,49,1,1,1,1,1,1,1,1,1,1,1,1,1,1,1,1,1,1,1,1,1,1,1,1,1,1,1,1,1,1,1,1,1,1,1,1,1,1
113.11824761904762,113.21112743764172,68,40,1,1,1,1,1,1,1,1
181.3021410430839,181.4646807256236,63,49,1,1,1,1,1,1,1,1,1,1,1,1,1,1
160.63386848072562,160.84284807256236,60,49,4,2,1,1,1,1,1,1,1,1,1,1,1,1,1,1,1,1
234.09125941043084,234.21896916099772,73,40,1,1,1,1,1,1,1,1,1,1,1
262.4969124716553,262.6942820861678,49,47,1,1,1,1,1,1,1,1,1,1,1,1,1,1,1,1,1
212.2155492063492,212.8321619047619,68,38,1,1,1,1,1,1,1,1,1,1,1,1,1,1,1,1,1,1,1,1,1,1,1,1,1,1,1,1,1,1,1,1,1,1,1,1,1,1,1,1,1,1,1,1,1,1,1,1,1,1,1,1,1,1
197.6360403628118,197.74053015873017,41,37,0,0,0,1,1,-1,-1,-1,-1
55.9496,56.0424798185941,72,49,1,1,1,1,1,1,1,1
230.9785015873016,231.32680090702948,77,46,1,1,1,1,1,1,1,1,1,1,1,1,1,1,1,1,1,1,1,1,1,1,1,1,1,1,1,1,1,1
258.9184716553288,259.2319410430839,46,47,1,1,1,1,1,1,1,1,1,1,1,1,1,1,1,1,1,1,1,1,1,1,1,1,1,1,1
175.95769977324264,176.12023945578233,77,34,1,1,1,1,1,1,1,1,1,1,1,1,1,1
243.64108027210884,243.80361995464852,73,47,1,1,1,1,1,1,1,1,1,1,1,1,1,1
216.42092879818594,216.53702857142858,73,48,1,1,1,1,1,1,1,1,1,1
200.715252154195,200.83135192743765,65,37,1,1,1,1,1,1,1,1,1,1
64.84797823129252,65.18466757369615,53,49,1,1,1,1,1,1,1,1,1,1,1,1,1,1,1,1,1,1,1,1,1,1,1,1,1,1,1,1,1
112.29393922902494,112.54935873015873,42,44,1,1,1,1,1,1,1,1,1,1,1,1,1,1,1,1,1,1,1,1,1,1
122.86543809523809,123.10924761904762,30,42,1,1,1,1,1,1,2,2,2,1,1,1,1,1,1,1,1,1,1,1,1
103.97605986394558,104.40562902494331,61,41,-2,-2,-2,-2,-2,-2,-2,-2,-2,1,1,1,1,1,1,1,1,1,1,0,0,0,0,0,0,0,0,0,0,-2,-2,-2,1,1,1,1,1
148.16865941043085,148.28475918367346,73,44,1,1,1,1,1,1,1,1,1,1
243.7804,243.88488979591835,53,38,1,1,1,1,1,1,1,1,1
145.07912154195012,145.41581088435376,65,45,1,1,1,1,1,1,1,1,1,1,1,1,1,1,1,1,1,1,1,1,1,1,1,1,1,1,1,1,1
103.04597777777778,103.18529750566893,49,47,1,1,1,1,1,1,1,1,1,1,1,1
112.49130884353741,112.6538485260771,69,50,0,1,1,1,1,1,1,1,1,1,1,1,1,1
158.68210839002268,159.03169160997734,39,39,1,1,1,1,1,1,1,1,1,1,1,1,1,1,1,1,1,1,1,1,1,1,1,1,1,1,1,1,1,1,1
174.60965850340136,174.9011918367347,58,45,1,1,1,1,1,1,1,1,1,1,1,1,1,1,1,1,1,1,1,1,1,1,1,1,1,1
246.7435120181406,246.94088163265306,60,45,1,1,1,1,1,1,1,1,1,1,1,1,1,1,1,1,1
98.7593283446712,98.8870380952381,85,47,1,1,1,1,1,1,1,1,1,1,1
173.6460303854875,173.7737401360544,72,47,1,1,1,1,1,1,1,1,1,1,1
147.75070022675737,147.87840997732425,70,44,1,1,1,1,1,1,1,1,1,1,1
21.421637188208617,21.887320181405897,65,41,1,1,1,1,1,1,1,1,1,1,1,1,1,1,1,1,1,1,1,1,1,1,1,1,1,1,1,1,1,1,1,1,1,1,1,1,1,1,1,1,1
230.51410249433107,230.8159619047619,61,44,1,1,1,1,1,1,1,1,1,1,1,1,1,1,1,1,0,0,0,0,1,1,1,1,1,1
161.5059006802721,161.69166031746033,68,47,1,1,1,1,1,1,1,1,1,1,1,1,1,1,1,1
159.56575056689343,159.69346031746034,73,48,1,1,1,1,1,1,1,1,1,1,1
250.5541523809524,250.7747419501134,68,45,1,1,1,1,1,1,1,1,1,1,1,1,1,1,1,1,1,1,1
81.41407709750568,81.75205034013605,68,47,1,1,1,1,1,1,1,1,1,1,1,1,1,1,1,1,1,1,1,1,1,1,1,1,1,1,1,1,1,1
99.01474784580499,99.16567755102041,70,47,1,1,1,1,1,1,1,1,1,1,1,1,1
145.5899605442177,145.70606031746033,60,47,1,1,1,1,1,1,1,1,1,1
232.67484217687075,232.89543174603173,68,46,1,1,1,1,1,1,1,1,1,1,1,1,1,1,1,1,1,1,1
172.54179863945578,172.78560816326532,60,41,1,1,1,1,1,1,1,1,1,1,1,1,1,1,1,1,1,1,1,1,1
270.4084426303855,270.6174222222222,77,41,1,1,1,1,1,1,1,1,1,1,1,1,1,1,1,1,1,1
213.20368117913833,213.57520045351473,58,47,1,1,1,1,1,1,1,1,1,1,1,1,1,1,1,1,1,1,1,1,1,1,1,1,1,1,1,1,1,1,1,1
128.65105850340134,128.8948680272109,41,47,1,1,1,1,1,1,1,1,1,1,1,1,1,1,1,1,1,1,1,1,1
121.75088027210884,121.86698004535147,30,50,1,1,1,1,1,1,1,1,1,1
79.85834013605442,80.28790929705217,58,41,1,1,1,1,1,1,1,1,1,1,1,1,1,1,1,1,1,1,1,1,1,1,1,1,1,1,1,1,1,1,1,1,1,1,1,1,1
77.51184081632654,78.32453922902495,49,38,1,1,1,1,1,1,1,1,1,1,1,1,1,1,1,1,1,1,1,1,1,1,1,1,1,1,1,1,1,1,1,1,1,1,1,1,1,1,1,1,1,1,1,1,1,1,1,1,1,1,1,1,1,1,1,1,1,1,1,1,1,1,1,1,1,1,1,1,1,1
147.13537142857143,147.37918095238095,56,43,1,1,1,1,1,1,1,1,1,1,1,1,1,1,1,1,1,1,1,1,1
201.30736099773245,201.49312063492064,65,44,1,1,1,1,1,1,1,1,1,1,1,1,0,0,0,0
224.71687210884355,224.92585170068028,77,47,1,1,1,1,1,1,1,1,1,1,1,1,1,1,1,1,1,1
223.96093968253967,224.1699192743764,63,48,-5,-5,-5,1,1,1,1,1,1,1,1,1,1,1,1,1,1,-5
8.933208163265306,9.118967800453515,60,48,1,1,1,1,1,1,1,1,1,1,1,1,1,1,1,1
211.8092,211.9717396825397,68,47,1,1,1,1,1,1,1,1,1,1,1,1,1,1
254.73631201814055,254.9220716553288,53,39,1,1,1,1,1,1,1,1,1,1,1,1,1,1,1,1
180.81452199546484,181.04672154195012,70,41,1,1,1,1,1,1,1,1,1,1,1,1,1,1,1,1,1,1,1,1
119.36955102040815,119.62497052154194,56,36,1,1,1,1,1,1,1,1,1,1,1,1,1,1,1,1,1,1,1,1,1,1
164.8276380952381,165.1540013605442,53,46,1,1,1,1,1,1,1,1,1,1,1,1,1,1,1,1,1,1,1,1,1,1,1,1,1,1,1,1,1
173.07714149659864,173.25129115646257,68,45,1,1,1,1,1,1,1,1,1,1,1,1,1,1,1
92.24227936507936,92.40481904761904,80,46,1,1,1,1,1,1,1,1,1,1,1,1,1,1
166.94322176870747,167.21025124716553,63,47,1,1,1,1,1,1,1,1,1,1,1,1,1,1,1,1,1,1,1,1,1,1,1
146.55358866213152,146.64646848072562,75,48,1,1,1,1,1,1,1,1
155.7435002267574,155.9524798185941,53,49,1,1,1,1,1,1,1,1,1,1,1,1,1,1,1,1,1,1
170.65969841269842,170.89318185941045,68,32,1,1,1,1,1,1,1,1,1,1,1,1,1,1,1,1,1,1,1,1,1
93.25234739229025,93.38134104308389,46,37,1,1,1,1,1,1,1,1,1,1,1,1
248.95069160997733,249.41509070294785,65,38,1,1,1,1,1,1,1,1,1,1,1,1,1,1,1,1,1,1,1,1,1,1,1,1,1,1,1,1,1,1,1,1,1,1,1,1,1,1,1,1
218.16370929705215,218.5713424036281,65,37,-5,-5,-5,-5,-5,1,1,1,1,1,1,1,1,1,1,1,1,1,1,1,1,1,1,1,1,1,1,1,1,1,1,1,1,1,1,1
73.27034739229025,73.42127709750567,46,46,1,1,1,1,1,1,1,1,1,1,1,1,1
165.90864988662133,166.0363596371882,70,45,1,1,1,1,1,1,1,1,1,1,1
263.48376054421766,263.6811301587302,63,45,1,1,1,1,1,1,1,1,1,1,1,1,1,1,1,1,1
231.3616308390023,231.59383038548754,56,47,1,1,1,1,1,1,1,1,1,1,1,1,1,1,1,1,1,1,1,1
86.31733922902494,86.44504897959183,53,40,1,1,1,1,1,1,1,1,1,1,1
204.29240907029478,204.39689886621315,58,46,0,1,1,1,1,1,1,1,1
126.18845941043084,126.31616916099773,42,47,1,1,1,1,1,1,1,1,1,1,1
165.8157700680272,166.071189569161,51,37,1,1,1,1,1,1,1,1,1,1,1,1,1,1,1,1,1,1,1,1,1,1
44.73826848072562,44.83114829931973,56,44,1,1,1,1,1,1,1,1
102.23327936507937,102.39581904761904,49,47,1,1,1,1,1,1,1,1,1,1,1,1,1,1
125.14227755102041,125.36415102040817,80,46,1,1,1,1,1,1,1,1,1,1,1,1,1,1,1,1,1,1,1,1
88.8960380952381,89.09340770975057,73,35,1,1,1,1,1,1,1,1,1,1,1,1,1,1,1,1,1
79.707410430839,80.369179138322,68,39,1,1,1,1,1,1,1,1,1,1,1,1,1,1,1,1,1,1,1,1,1,1,1,1,1,1,1,1,1,1,1,1,1,1,1,1,1,1,1,0,0,1,1,1,1,1,1,1,1,1,1,1,1,1,0,0,0
159.40321088435377,159.56575056689343,60,47,-5,-5,-5,-5,-5,1,1,1,1,1,1,1,1,1
48.65339863945578,48.82754829931973,46,44,1,1,1,1,1,1,1,1,1,1,1,1,1,1,1
82.19322947845805,82.66923854875283,51,43,1,1,1,1,1,1,1,1,1,1,1,1,1,1,1,1,1,1,1,1,1,1,1,1,1,1,1,1,1,1,1,1,1,1,1,1,1,1,1,1,1
233.23212108843538,233.54559047619048,68,44,1,1,1,1,1,1,1,1,1,1,1,1,1,1,1,1,1,1,1,1,1,1,1,1,1,1,1
260.10268934240366,260.19556916099776,70,46,1,1,1,1,1,1,1,1
293.51481043083896,293.60769024943306,46,44,1,1,1,1,1,1,1,1
192.38447891156463,192.57023854875283,65,41,-5,-5,-5,-5,-5,-5,1,1,1,1,1,1,1,1,1,1
90.24407936507936,90.59237868480724,61,36,-2,1,1,1,1,1,1,1,1,1,-2,-2,-2,-2,-2,1,1,1,1,1,1,1,1,1,1,1,1,1,1,1
276.5888022675737,276.76295192743765,77,45,1,1,1,1,1,1,1,1,1,1,1,1,1,1,1
171.94968979591837,172.2515492063492,77,42,1,1,1,1,1,1,1,1,1,1,1,1,1,1,1,1,1,1,1,1,1,1,1,1,1,1
132.60101859410432,132.71711836734693,66,46,1,1,1,1,1,1,1,1,1,1
91.51085079365079,91.63856054421768,65,44,-5,1,1,1,1,1,1,1,1,1,-5
183.3583909297052,183.72991020408162,60,34,1,1,1,1,1,1,1,1,1,1,1,1,1,1,1,1,1,1,1,1,1,1,1,2,2,1,1,1,1,1,1,1
237.92511972789117,238.04121950113378,70,46,1,1,1,1,1,1,1,1,1,1
234.46406258503401,234.9168517006803,70,41,1,1,1,1,1,1,1,1,1,1,1,1,1,1,1,1,1,1,1,0,1,1,1,1,1,1,1,1,1,1,1,1,1,1,1,1,1,1,1
209.4627006802721,209.97353968253967,77,40,1,1,1,1,1,1,1,1,1,1,1,1,1,1,1,1,1,1,1,1,1,1,1,1,1,1,1,1,1,1,1,1,1,1,1,1,1,1,1,1,1,1,1,1
38.975868027210886,39.080357823129255,68,46,1,1,1,1,1,1,1,1,1
164.7928081632653,164.93341179138324,80,42,1,1,1,1,1,1,1,1,1,1,1,1,1
61.65395056689343,61.851320181405896,46,45,1,1,1,1,1,1,1,1,1,1,1,1,1,1,1,1,1
232.39491882086168,232.6284022675737,77,41,0,1,1,1,1,1,1,1,1,1,1,1,1,1,1,1,1,1,1,1,1
164.5722185941043,164.7579782312925,56,45,1,1,1,1,1,1,1,1,1,1,1,1,1,1,1,1
216.26999909297052,216.49058866213153,80,46,1,1,1,1,1,1,1,1,1,1,1,1,1,1,1,1,1,1,1
217.2349111111111,217.40906077097506,70,36,1,1,1,1,1,1,1,1,1,1,1,1,1,1,1
86.20123945578231,86.37538911564626,65,45,1,1,1,1,1,1,1,1,1,1,1,1,1,1,1
166.1292394557823,166.25694920634922,81,44,1,1,1,1,1,1,1,1,1,1,1
78.44063900226757,78.92825804988662,42,42,1,1,1,1,1,1,1,1,1,1,1,1,1,1,1,1,1,1,1,1,1,1,1,1,1,1,1,1,1,1,1,1,1,1,1,1,1,1,1,1,1,1
214.22535918367348,214.53882857142855,68,45,1,1,1,1,1,1,1,1,1,1,1,1,1,1,1,1,1,1,1,1,1,1,1,1,1,1,1
217.65287029478458,217.88506984126985,80,46,1,1,1,1,1,1,1,1,1,1,1,1,1,1,1,1,1,1,1,1
2.1142997732426303,2.4045492063492064,58,42,1,1,1,1,1,1,1,1,1,1,1,1,1,1,1,1,1,1,1,1,1,1,1,1,1
100.03770975056689,100.351179138322,70,48,1,1,1,1,1,1,1,1,1,1,1,1,1,1,1,1,1,1,1,1,1,1,1,1,1,1,1
210.32183900226755,210.57725850340134,39,46,1,1,1,1,1,1,1,1,1,1,1,1,1,1,1,1,1,1,1,1,1,1
217.07237142857144,217.17686122448978,68,45,1,1,1,1,1,1,1,1,1
151.70066031746032,151.81676009070296,58,44,1,1,1,1,1,1,1,1,1,1
14.63755873015873,14.927808163265306,60,34,1,1,1,1,1,1,1,1,1,1,1,1,1,1,1,1,1,1,1,1,1,1,1,1,1
205.69850022675737,205.8842598639456,34,44,1,1,1,1,1,1,1,1,1,1,1,1,1,1,1,1
31.250097505668933,31.366197278911564,70,44,1,1,1,1,1,1,1,1,1,1
295.292420861678,295.46657052154194,65,45,1,1,1,1,1,1,1,1,1,1,1,1,1,1,1
160.4597188208617,160.9370117913832,53,37,1,1,1,1,1,1,1,1,1,1,1,1,1,1,1,1,1,1,1,1,1,1,1,1,1,1,1,1,1,1,1,1,1,1,1,1,1,1,1,1,1,1
210.6830321995465,210.82235192743764,73,44,1,1,1,1,1,1,1,1,1,1,1,1
148.6446684807256,149.04069160997733,73,38,1,1,1,1,1,1,1,1,1,1,1,1,1,1,1,1,1,1,1,1,1,1,1,1,1,1,1,1,1,1,1,1,1,1,1
211.86724988662132,211.9949596371882,46,45,1,1,1,1,1,1,1,1,1,1,1
103.96444988662131,104.18503945578232,68,43,1,1,1,1,1,1,1,1,1,1,1,1,1,1,1,1,1,1,1
258.90686167800453,259.28999092970525,58,42,1,1,1,1,1,1,1,1,1,1,1,1,1,1,1,1,1,1,1,1,1,1,1,1,1,1,1,1,1,1,1,1,1
144.1838693877551,144.32318911564624,70,43,-5,-5,-5,1,1,1,1,1,1,1,1,1
288.9843514739229,289.12367120181403,62,44,1,1,1,1,1,1,1,1,1,1,1,1
205.07156145124716,205.21088117913834,73,44,1,1,1,1,1,1,1,1,1,1,1,1
275.8444798185941,275.972189569161,73,45,1,1,1,1,1,1,1,1,1,1,1
284.0823732426304,284.29135283446715,68,44,1,1,1,1,1,1,1,1,1,1,1,1,1,1,1,1,1,1
231.1062113378685,231.32680090702948,58,43,1,1,1,1,1,1,1,1,1,1,1,1,1,1,1,1,1,1,1
167.98811972789116,168.09260952380953,51,45,1,1,1,1,1,1,1,1,1
104.31274920634921,104.41723900226758,58,44,0,0,0,1,1,1,1,1,1
98.85220816326532,98.96830793650794,56,44,1,1,1,1,1,1,1,1,1,1
201.52795056689342,201.67888027210884,68,43,1,1,1,1,1,1,1,1,1,1,1,1,1
55.49552698412699,55.62323673469388,73,42,1,1,1,1,1,1,1,1,1,1,1
215.13222131519277,215.50374058956916,72,42,1,1,1,1,1,1,1,1,1,1,1,1,1,1,1,1,1,1,1,1,1,1,1,1,1,1,1,1,1,1,1,1
72.89882811791382,73.11941768707483,42,42,1,1,1,1,1,1,1,1,1,1,1,1,1,1,1,1,1,1,1
121.68122040816327,121.7973201814059,46,45,2,2,1,1,1,1,1,1,1,1
280.1091931972789,280.27173287981856,73,42,1,1,1,1,1,1,1,1,1,1,1,1,1,1
121.77410022675737,121.93663990929706,63,44,1,1,1,1,1,1,1,1,1,1,1,1,1,1
182.30059909297051,182.4399188208617,61,37,1,1,1,1,1,1,1,1,1,1,1,1
195.02251156462586,195.28954104308391,73,46,1,1,1,1,1,1,1,1,1,1,1,1,1,1,1,1,1,1,1,1,1,1,1
98.87542811791384,98.96830793650794,49,44,1,1,1,1,1,1,1,1
152.51335873015873,152.66428843537415,61,38,1,1,1,1,1,1,1,1,1,1,1,1,1
185.72811020408164,185.9022598639456,65,44,1,1,1,1,1,1,1,1,1,1,1,1,1,1,1
206.1628993197279,206.3834888888889,53,42,1,1,1,1,1,1,1,1,1,1,1,1,1,1,1,1,1,1,1
62.9194380952381,63.04714784580499,63,43,-5,-5,1,1,1,1,1,1,1,1,1
261.04438140589565,261.148871201814,77,43,1,1,1,1,1,1,1,1,1
61.70039047619048,61.83971020408163,49,43,1,1,1,1,1,1,1,1,1,1,1,1
214.8651918367347,214.9929015873016,75,44,1,1,1,1,1,1,1,1,1,1,1
223.49654058956915,223.87966984126984,68,35,1,1,1,1,1,1,1,1,1,1,1,1,1,1,1,1,1,1,1,1,1,1,1,1,1,1,1,1,1,1,1,1,1
102.87182811791384,103.08080770975056,77,41,1,1,1,1,1,1,1,1,1,1,1,1,1,1,1,1,1,1
208.11465941043085,208.5674485260771,77,39,1,1,1,1,1,1,1,1,1,1,1,1,1,1,1,1,1,1,1,1,1,1,1,1,1,1,1,1,1,1,1,1,1,1,1,1,1,1,1
170.61325850340137,170.75257823129252,63,43,1,1,1,1,1,1,1,1,1,1,1,1
252.29564897959185,252.40142267573697,72,44,1,1,1,1,1,1,1,1,1,1
246.32426893424034,246.49970249433107,78,43,1,1,1,1,1,1,1,1,1,1,1,1,1,1,1,1
163.7246902494331,163.82918004535148,73,43,1,1,1,1,1,1,1,1,1
147.9248498866213,148.087389569161,85,40,1,1,1,1,1,1,1,1,0,0,1,1,1,1
45.67867664399093,45.88894013605442,73,37,1,1,1,1,1,1,1,1,1,0,0,1,1,1,1,1,1,1,1
265.15688117913834,265.272980952381,70,43,1,1,1,1,1,1,1,1,1,1
196.36926893424038,196.46214875283448,73,43,1,1,1,1,1,1,1,1
162.27215918367347,162.37664897959183,49,36,1,1,1,1,1,1,1,1,1
254.21257913832198,254.67826213151926,77,40,1,1,1,1,1,1,1,1,1,1,1,1,1,1,1,1,1,1,1,1,1,1,1,1,1,1,1,1,1,1,1,1,1,1,1,1,1,1,1,1,1
94.62360861678005,94.71648843537415,51,44,1,1,1,1,1,1,1,1
18.204389569160995,18.2972693877551,70,44,1,1,1,1,1,1,1,1
224.49628253968254,224.62399229024945,63,42,-5,-5,-5,-5,-5,-5,1,1,1,1,1
276.9603215419501,277.0532013605442,80,43,1,1,1,1,1,1,1,1
218.31463900226757,218.65261224489794,73,37,1,1,1,1,1,1,1,1,1,1,1,1,1,1,1,1,1,1,1,1,1,1,1,1,1,1,1,1,1,1
217.00271156462586,217.17686122448978,51,45,1,1,1,1,1,1,1,1,1,1,1,1,1,1,1
90.66203854875283,90.80135827664398,53,43,1,1,1,1,1,1,1,1,1,1,1,1
42.08990975056689,42.21761950113379,60,43,1,1,1,1,1,1,1,1,1,1,1
36.072089795918366,36.176579591836735,51,44,1,1,1,1,1,1,1,1,1
54.67121859410431,54.78731836734694,61,43,0,0,1,1,1,1,1,1,1,1
246.66224217687076,246.99893151927438,77,41,1,1,1,1,1,1,1,1,1,1,1,1,1,1,1,1,1,1,1,1,1,1,1,1,1,1,1,1,1
215.95652970521544,216.2816090702948,65,41,1,1,1,1,1,1,1,1,1,1,1,-5,-5,-5,1,1,1,1,1,1,1,1,1,1,-5,-5,-5,-5
164.56060861678003,164.80441814058955,75,38,1,1,1,1,1,1,1,1,1,1,1,1,1,1,1,1,1,1,1,1,1
97.08620770975057,97.17908752834467,72,43,1,1,1,1,1,1,1,1
224.914241723356,225.36703083900227,72,39,1,1,1,1,1,1,1,1,1,1,1,1,1,1,1,1,1,1,1,1,1,1,1,1,1,1,1,1,1,1,1,1,1,1,1,1,1,1,1
62.501478911564625,62.62918866213152,51,42,1,1,1,1,1,1,1,1,1,1,1
208.35846893424036,208.5674485260771,61,42,1,1,1,1,1,1,1,1,1,1,1,1,1,1,1,1,1,1
167.45406077097505,167.77914013605442,72,39,1,1,1,1,1,1,1,1,1,1,1,1,1,1,1,1,1,1,1,1,1,1,1,1,1,1,1,1
208.474568707483,208.67322222222222,70,40,1,1,1,1,1,1,1,1,1,1,1,1,1,1,1,1,1,1
254.95690158730156,255.04978140589566,61,42,-2,1,1,1,1,1,1,1
20.307079365079368,20.492839002267576,60,41,1,1,1,1,1,1,1,1,1,1,1,1,1,1,1,1
210.75269206349208,210.85718185941045,65,41,1,1,1,1,1,1,1,1,1
49.6518566893424,49.734410430839,85,42,1,1,1,1,1,1,1,1
77.82531020408163,78.22004943310658,65,32,1,1,1,1,1,1,1,1,1,1,1,1,1,1,1,1,1,1,1,1,1,1,1,1,1,1,1,1,1,1,1,1,1,1
160.00692970521544,160.12302947845805,63,42,1,1,1,1,1,1,1,1,1,1
218.7571020408163,219.0125215419501,77,38,1,1,1,1,1,1,1,1,1,1,1,1,1,1,1,1,1,1,1,1,1,1
215.25993106575964,215.4340807256236,41,41,1,1,1,1,1,1,1,1,1,1,1,1,1,1,1
232.54713242630385,232.65162222222222,49,42,1,1,1,1,1,1,1,1,1
278.26192290249435,278.4360725623583,68,42,1,1,1,1,1,1,1,1,1,1,1,1,1,1,1
129.02257777777777,129.1399614512472,68,41,1,1,1,1,1,1,1,1,1,1,1
98.20204943310658,98.34136916099774,75,41,1,1,1,1,1,1,1,1,1,1,1,1
217.3974507936508,217.78058004535148,51,37,1,1,1,1,1,1,1,1,1,1,1,1,1,1,1,1,1,1,1,1,1,1,1,1,1,1,1,1,1,1,1,1,1
150.56159863945578,150.66608843537415,68,42,1,1,1,1,1,1,1,1,1
170.07919954648528,170.17207936507938,73,42,-2,-2,1,1,1,1,1,1
173.9594997732426,174.16847936507935,73,37,1,1,1,1,1,1,1,1,1,1,1,1,1,1,1,1,1,1
148.7143283446712,148.86525804988662,54,40,-2,1,1,1,1,1,1,1,1,1,1,-2,-2
146.55358866213152,146.77417823129252,56,41,1,1,1,1,1,1,1,1,1,1,1,1,1,1,1,1,1,1,1
251.1810911564626,251.41329070294785,56,37,1,1,1,1,1,1,1,1,1,1,1,1,1,1,1,1,1,1,1,1
74.75770839002267,74.85058820861678,61,41,1,1,1,1,1,1,1,1
233.2553410430839,233.48754058956916,73,34,1,1,1,1,1,1,1,1,1,1,1,1,1,1,1,1,1,1,1,1
231.77959002267573,232.06983945578233,53,40,1,1,1,1,1,1,1,1,1,1,1,1,1,1,1,1,1,1,1,1,1,1,1,1,1
98.94508798185942,99.04957777777778,60,42,1,1,1,1,1,1,1,1,1
281.3746807256236,281.4907804988662,72,41,1,1,1,1,1,1,1,1,1,1
215.9681396825397,216.36287891156465,68,38,1,1,1,1,1,1,1,1,1,1,1,1,1,1,1,1,1,1,1,1,1,1,1,1,1,1,1,1,1,1,1,1,1,1
108.14660952380953,108.23948934240363,53,42,1,1,1,1,1,1,1,1
117.03337777777779,117.17269750566894,57,42,1,1,1,1,1,1,1,1,1,1,1,1
211.8092,211.9949596371882,51,41,1,1,1,1,1,1,1,1,1,1,1,1,1,1,1,1
110.51632879818594,110.6208185941043,30,42,1,1,1,1,1,1,1,1,1
54.05588979591837,54.34613922902495,70,33,-5,1,1,1,1,1,1,1,1,1,1,1,1,1,1,1,1,1,1,1,1,1,1,1,1
176.80522811791383,177.1199814058957,57,35,1,1,1,1,1,1,1,1,1,1,1,1,1,1,1,1,1,1,1,1,1,1,1,1,1,1,1,1
236.4042126984127,236.60158231292516,56,41,1,1,1,1,1,1,1,1,1,1,1,1,1,1,1,1,1
208.12626938775512,208.23075918367346,70,41,1,1,1,1,1,1,1,1,1
158.90269795918368,159.0084716553288,56,40,1,1,1,1,1,1,1,1,1,1
86.53792879818594,86.65402857142857,68,42,1,1,1,1,1,1,1,1,1,1
301.46117052154193,301.77463990929704,53,38,1,1,1,1,1,1,1,1,1,1,1,1,1,1,1,1,1,1,1,1,1,1,1,1,1,1,1
95.44920090702948,95.55369070294785,68,41,1,1,1,1,1,1,1,1,1
283.57025034013606,283.6863501133787,46,37,1,1,1,1,1,1,1,1,1,1
109.35533106575963,109.459820861678,77,41,1,1,1,1,1,1,1,1,1
142.87065804988663,142.975147845805,53,41,1,1,1,1,1,1,1,1,1
268.3638027210884,268.47990249433104,34,42,1,1,1,1,1,1,1,1,2,2
284.3610126984127,284.5003324263039,46,40,1,1,1,1,1,1,1,1,1,1,1,1
72.36476916099772,72.48086893424036,68,41,1,1,1,1,1,1,1,1,1,1
216.77051201814058,216.8982217687075,65,40,-5,-5,-5,1,1,1,1,1,1,1,1
55.32137732426304,55.42586712018141,63,41,1,1,1,1,1,1,1,1,1
173.75052018140588,173.8666199546485,53,41,1,1,1,1,1,1,1,1,1,1
72.59696870748299,72.75950839002267,42,40,1,1,1,1,1,1,1,1,1,1,1,1,1,1
252.2724290249433,252.41303265306124,70,42,1,1,1,1,1,1,1,1,1,1,1,1,1
169.0110816326531,169.20845124716556,72,38,1,1,1,1,1,1,1,1,1,1,1,1,1,1,1,1,1
122.71450839002267,122.83060816326531,46,40,1,1,1,1,1,1,1,1,1,1
47.28213741496599,47.60721678004535,63,41,1,1,1,1,1,1,1,1,1,1,1,1,1,1,1,1,1,1,1,1,1,1,1,1,1,1,1,1
121.09943764172336,121.19360136054422,85,41,1,1,1,1,1,1,1,1,1
50.62837868480725,50.77930839002267,73,42,1,1,1,1,1,1,1,1,1,1,1,1,1
281.00316145124714,281.1076512471655,68,41,1,1,1,1,1,1,1,1,1
230.36188888888887,230.5373224489796,56,38,1,1,1,1,1,1,1,1,1,1,1,1,1,1,1,1
121.48385079365079,121.58834058956916,80,41,1,1,1,1,1,1,1,1,1
231.73315011337868,232.09305941043084,73,37,1,1,1,1,1,1,1,1,1,1,1,1,1,1,1,1,1,1,1,1,1,1,1,1,1,1,1,1,1,1,1
102.04751972789116,102.14039954648526,72,41,1,1,1,1,1,1,1,1
164.69992834467118,164.7928081632653,58,40,1,1,1,1,1,1,1,1
4.031229931972789,4.124109750566893,46,41,1,1,1,1,1,1,1,1
281.35146077097505,281.4559505668934,63,41,1,1,1,1,1,1,1,1,1
115.1861074829932,115.3963709750567,51,34,1,1,1,1,1,1,1,1,1,1,1,1,1,1,1,1,1,-5,-5
221.6492702947846,221.89307981859412,80,33,1,1,1,1,1,1,1,1,1,1,1,1,1,1,1,1,1,1,1,1,1
94.49589886621315,94.61199863945578,73,41,1,1,1,1,1,1,1,1,1,1
173.7737401360544,173.91305986394556,56,34,1,1,1,1,1,1,1,1,1,1,1,1
275.00856145124715,275.1130512471655,78,40,1,1,1,1,1,1,1,1,1
66.82295827664399,66.9158380952381,42,41,1,1,1,1,1,1,1,1
126.02591972789116,126.20006938775511,58,35,1,1,1,1,1,1,1,-5,-5,1,1,1,1,1,1
126.6412485260771,126.8966680272109,49,40,1,1,1,1,1,1,1,1,1,1,1,1,1,1,1,1,1,1,1,1,1,1
162.2373292517007,162.37664897959183,61,36,-2,1,1,1,1,1,1,-2,-2,-2,-2,-2
292.33059274376416,292.4931324263038,53,40,1,1,1,1,1,1,1,1,1,1,1,1,1,1
210.32183900226755,210.4379387755102,80,40,1,1,1,1,1,1,1,1,1,1
247.40528072562358,247.76519002267574,60,37,1,1,1,1,1,1,1,1,1,1,1,1,1,1,1,1,1,1,1,1,1,1,1,1,1,1,1,1,1,1,1
38.04706984126984,38.139949659863944,34,41,2,2,2,1,1,1,1,1
149.16840136054424,149.40060090702949,81,39,1,1,1,1,1,1,1,1,1,1,1,1,1,1,1,1,1,1,1,1
154.00071972789115,154.18647936507935,70,41,1,1,1,1,1,1,1,1,1,1,1,1,1,1,1,1
205.5011306122449,205.7217201814059,58,38,1,1,1,1,1,1,1,1,1,1,1,1,1,1,-5,-5,-5,-5,-5
143.85879002267572,143.99810975056687,77,37,1,1,1,1,1,1,1,1,1,1,1,1
167.96489977324262,168.10421950113377,70,40,1,1,1,1,1,1,1,1,1,1,1,1
19.0519179138322,19.678856689342403,82,37,1,1,1,1,1,1,1,1,1,1,1,1,1,1,1,1,1,1,1,1,1,1,1,1,1,1,1,1,1,1,1,1,1,1,1,1,1,1,1,1,1,1,1,1,1,1,1,1,1,1,1,1,1,1
183.12619138321995,183.28873106575963,63,33,1,1,1,1,1,1,1,1,1,1,1,1,1,1
259.9053197278912,260.02141950113383,60,40,-5,1,1,1,1,1,1,1,1,1
69.09979773242631,69.23911746031746,51,41,1,1,1,1,1,1,1,1,1,1,1,1
40.614158730158735,40.75347845804989,39,40,1,1,1,1,1,1,1,1,1,1,1,1
122.83060816326531,123.03958775510203,66,39,1,1,1,1,1,1,1,1,1,1,1,1,1,1,1,1,1,1
222.4271387755102,222.55613242630386,58,33,1,1,1,1,1,1,1,1,1,1,1,1
210.3102290249433,210.69464217687076,70,36,1,1,1,1,1,1,1,1,1,1,1,1,1,1,1,1,1,1,1,1,1,1,1,1,1,1,1,1,1,-5,-5,1,1,1
158.53117868480726,158.86786802721087,73,38,1,1,1,1,1,1,1,1,1,1,1,1,1,1,1,1,1,1,1,1,1,1,1,1,1,1,1,1,1
45.36520725623583,45.45808707482993,42,40,1,1,1,1,1,1,1,1
254.23579909297052,254.3183528344671,39,40,1,1,1,1,1,1,1,1
50.372959183673466,50.5819387755102,63,41,-5,-5,-5,-5,-5,-5,-5,-5,-5,-5,-5,-5,-5,-5,-5,-5,-5,-5
89.43138095238095,89.77968027210883,68,37,1,1,1,1,1,1,1,1,1,1,1,1,1,-5,-5,-5,1,1,1,-5,1,1,1,1,1,1,1,1,-5,1
270.8496217687075,270.95411156462586,77,39,1,1,1,1,1,1,1,1,1
185.31015102040817,185.54235056689345,42,39,1,1,1,1,1,1,1,1,1,1,1,1,1,1,1,1,1,1,1,1
163.67825034013603,163.77113015873016,77,41,1,1,1,1,1,1,1,1
118.97352789115646,119.15928752834468,70,40,0,0,1,1,1,1,1,1,1,1,1,1,1,1,1,1
102.2216693877551,102.3145492063492,56,40,1,1,1,1,1,1,1,1
101.27997732426303,101.40897097505669,77,40,1,1,1,1,1,1,1,1,1,1,1,1
151.52651065759636,151.7122702947846,49,36,1,1,1,1,1,1,1,1,1,1,1,0,0,0,0,0
228.9454716553288,229.3169909297052,73,38,1,1,1,1,1,1,1,1,1,1,1,1,1,1,1,1,1,1,1,1,1,1,1,1,1,1,1,1,1,1,1,1
200.38888888888889,200.49337868480725,63,39,1,1,1,1,1,1,1,1,1
145.48547074829932,145.69445034013606,72,38,1,1,1,1,1,1,1,1,1,1,1,1,1,1,1,1,1,1
202.61928843537416,202.70184217687074,65,41,1,1,1,1,1,1,1,1
64.29069931972789,64.40679909297052,53,40,1,1,1,1,1,1,1,1,1,1
160.01853968253968,160.22751927437642,72,39,0,1,1,1,1,1,1,1,1,1,1,1,1,1,1,1,1,1
105.68401043083901,105.9046,53,37,1,1,1,1,1,1,1,1,1,1,1,1,1,1,1,1,1,1,1
263.75079002267574,263.84366984126984,53,40,2,1,1,1,1,1,1,1
183.99693968253968,184.08981950113377,63,40,1,1,1,1,1,1,1,1
7.654826757369615,7.747706575963719,66,39,1,1,1,1,1,1,1,1
152.89648798185942,152.99065170068027,63,39,1,1,1,1,1,1,1,1,1
223.69391020408162,224.03059954648526,54,36,1,1,1,1,1,1,1,1,1,1,1,1,1,1,1,1,1,1,1,1,1,1,1,1,1,1,1,1,1
121.87859002267574,121.99468979591836,82,38,1,1,1,1,1,1,1,1,1,1
111.65539047619048,111.81793015873015,42,38,1,1,1,1,1,1,1,1,1,1,1,1,1,1
169.9398798185941,170.07919954648528,75,39,1,1,1,1,1,1,1,1,1,1,1,1
217.16525124716554,217.40906077097506,80,31,1,0,1,1,1,1,1,1,1,1,1,1,1,1,1,1,1,1,1,1,1
115.07000770975057,115.22222131519274,56,37,1,1,1,1,1,1,1,1,1,1,1,1,1,1
80.2762993197279,80.52010884353741,77,36,1,1,1,1,1,1,1,1,1,1,1,1,1,1,1,1,1,1,-5,-5,-5
178.23453922902493,178.38546893424035,60,39,1,1,1,1,1,1,1,1,1,1,1,1,2
247.16147120181407,247.335620861678,72,37,1,1,1,1,1,1,1,1,1,1,1,1,1,1,1
167.27991111111112,167.63982040816327,75,33,1,1,1,1,1,1,1,1,1,1,1,1,1,1,1,1,1,1,1,1,1,1,1,1,1,1,1,1,1,1,1
208.928641723356,209.17245124716553,60,36,-5,1,1,1,1,1,1,1,1,1,1,1,1,1,1,1,1,1,1,1,1
211.15904126984128,211.43768072562358,72,34,1,1,1,1,1,1,1,1,1,1,1,1,1,4,1,1,1,1,1,1,1,1,1,1
124.34118911564626,124.44567891156463,73,39,1,1,1,1,1,1,1,1,1
115.51247074829932,115.62857052154196,68,35,1,1,1,1,1,1,1,1,1,1
102.55835873015873,102.65123854875283,72,39,1,1,1,1,1,1,1,1
90.66203854875283,90.75491836734693,77,39,1,1,1,1,1,1,1,1
239.00613151927436,239.13384126984127,63,39,1,1,1,1,1,1,1,1,1,1,1
143.35956099773242,143.46405079365078,56,39,-5,-5,1,1,1,1,1,1,1
257.7445800453515,257.8374598639456,62,37,1,1,1,1,1,1,1,1
237.2865709750567,237.39106077097506,68,39,1,1,1,1,1,1,1,1,1
239.6911201814059,239.79560997732426,73,36,1,1,1,1,1,1,1,1,1
212.90182176870746,212.9947015873016,54,39,1,1,1,1,1,1,1,1
148.35441904761905,148.45890884353742,61,39,1,1,1,1,1,1,1,1,1
130.2312993197279,130.324179138322,60,39,1,1,1,1,1,1,1,1
221.50995056689342,221.6144403628118,58,39,0,0,1,1,1,1,1,1,1
203.95571972789116,204.04859954648526,46,39,1,1,1,1,1,1,1,1
81.82171020408163,81.91459002267574,56,39,1,1,1,1,1,1,1,1
94.01988979591836,94.11276961451247,70,39,1,1,1,1,1,1,1,1
40.08009977324264,40.184589569161,39,39,1,1,1,1,1,1,1,1,1
255.87408979591834,255.96696961451244,73,39,1,1,1,1,1,1,1,1
184.00854965986395,184.10142947845804,49,39,1,1,1,1,1,1,1,1
185.32176099773244,185.43786077097508,73,37,1,1,1,1,1,1,1,1,1,1
50.72125850340136,50.88379818594104,51,38,1,1,1,1,1,1,1,1,1,1,1,1,1,1
3.6468167800453513,3.83257641723356,60,38,1,1,1,1,1,1,1,1,1,1,1,1,1,1,1,1
154.55799863945577,154.65087845804987,56,39,1,1,1,1,1,1,1,1
222.68384217687074,222.8231619047619,56,39,1,1,1,1,1,1,1,1,1,1,1,1
154.8946879818594,155.02368163265308,56,38,1,1,1,1,1,1,1,1,1,1,1,1
154.7669782312925,154.8598580498866,63,39,1,1,1,1,1,1,1,1
128.6046185941043,128.6974984126984,80,39,1,1,1,1,1,1,1,1
269.23455102040816,269.33904081632653,46,38,1,1,1,1,1,1,1,1,1
150.9098979591837,150.99245170068028,72,38,1,1,1,1,1,1,1,1
256.9318816326531,257.12925124716554,61,33,1,1,1,1,1,1,1,1,1,1,1,1,1,-2,-2,-2,-2
91.99846984126984,92.137789569161,53,38,1,1,1,1,1,1,1,1,1,1,1,1
125.67762040816326,125.77050022675738,85,38,1,1,1,1,1,1,1,1
159.25228117913832,159.64702040816329,77,35,1,1,1,1,1,1,1,1,1,1,1,1,1,1,1,1,1,1,1,1,1,1,1,1,1,1,1,1,1,1,1,1,1,1
165.37459092970522,165.51391065759637,53,37,1,1,1,1,1,1,1,1,1,1,1,1
131.46324081632653,131.55612063492063,68,39,1,1,1,1,1,1,1,1
299.9273696145125,300.0563632653061,49,38,1,1,1,1,1,1,1,1,1,1,1,1
169.30133106575965,169.40582086167802,56,38,1,1,1,1,1,1,1,1,1
163.2835111111111,163.411220861678,73,32,1,1,1,1,1,1,1,1,1,1,1
79.69580045351475,79.78868027210885,65,38,1,1,1,1,1,1,1,1
112.7467283446712,112.85121814058957,77,38,1,1,1,1,1,1,1,-2,-2
142.77777823129253,142.9054879818594,56,39,1,1,1,1,1,1,1,1,1,1,1
103.36073106575964,103.45361088435374,77,38,1,1,1,1,1,1,1,1
106.57797868480726,106.786958276644,87,35,1,1,1,1,1,1,1,1,1,1,1,1,1,1,1,1,1,1
218.5713424036281,218.67583219954648,80,39,1,1,1,1,1,1,1,1,1
258.66305215419504,258.80237188208616,73,38,1,1,1,1,1,1,1,1,1,1,1,1
92.68345850340135,92.79955827664399,80,38,1,1,1,1,1,1,1,1,1,1
145.82216009070297,145.98469977324262,75,37,1,1,1,1,1,1,1,1,1,1,1,1,1,1
126.21167936507938,126.44387891156462,54,34,1,1,1,1,1,1,1,1,1,1,1,1,1,1,1,1,1,1,1,1
81.78688027210885,81.90298004535147,51,38,1,1,1,1,1,1,1,1,1,1
109.47143083900227,109.71524036281178,53,33,1,1,1,1,1,1,1,1,1,1,1,1,1,1,1,1,1,1,1,1,1
94.87902811791383,95.12283764172335,72,31,1,1,1,1,1,1,1,1,1,1,1,1,1,1,1,1,1,1,1,1,1
208.95186167800452,209.149231292517,65,36,-5,-5,-5,-5,1,1,1,1,1,1,1,1,1,1,1,1,1
210.22895918367345,210.57854240362812,77,36,1,1,1,1,1,1,1,1,1,1,1,1,1,1,1,1,1,1,1,1,1,1,1,1,1,1,1,1,1,1,1
7.411017233560091,7.503897052154195,65,38,1,1,1,1,1,1,1,1
95.9484299319728,96.05291972789117,69,36,1,1,1,1,1,1,-2,-2,-2
45.353597278911565,45.53935691609978,58,39,1,1,1,1,1,1,1,1,1,1,1,1,1,1,1,1
81.05416780045353,81.28636734693879,49,34,1,1,1,1,1,1,1,1,1,1,1,1,1,1,1,1,1,1,1,1
258.2321990929705,258.33797278911567,70,38,-5,-5,1,1,1,1,1,1,1,1
124.29474920634921,124.49211882086168,69,37,1,1,1,1,1,1,1,1,1,1,1,1,1,1,1,1,1
113.70003038548752,113.83935011337869,70,32,1,1,1,1,1,1,1,1,1,1,1,1
223.90288979591836,224.05381950113377,46,37,1,1,1,1,1,1,1,1,1,1,1,1,1
97.23713741496599,97.3777410430839,53,38,1,1,1,1,1,1,1,1,1,1,1,1,1
125.34093106575965,125.43381088435375,49,38,1,1,1,1,1,1,1,1
18.169559637188208,18.274049433106576,68,37,1,1,1,1,1,1,1,1,1
264.02942947845804,264.12230929705214,68,37,1,1,1,1,1,1,1,1
207.26713106575963,207.44128072562359,65,32,1,1,1,1,1,1,1,1,1,1,1,1,1,1,1
152.25793922902494,152.42047891156463,70,38,1,1,1,1,1,1,1,1,1,1,1,1,1,1
115.51247074829932,115.62857052154196,42,34,1,1,1,1,1,1,1,1,1,1
90.9522879818594,91.19609750566893,80,36,1,1,1,1,1,1,1,1,1,1,1,1,1,1,1,1,1,1,1,1,1
230.21095918367345,230.4792725623583,63,33,1,1,1,1,1,1,1,1,1,1,1,1,1,1,1,1,1,1,1,1,1,1,1,1
263.6463002267574,263.75079002267574,49,33,1,1,1,1,1,1,1,1,1
102.56996870748299,102.73250839002267,77,37,1,1,1,1,1,1,1,1,1,1,1,1,1,1
73.95661995464852,74.07271972789115,69,37,1,1,1,1,1,1,1,1,1,1
5.0645179138322,5.203837641723355,51,37,-5,-5,-5,1,1,1,1,1,1,1,1,1
122.27332925170067,122.37781904761904,58,37,1,1,1,1,1,1,1,1,1
242.94448163265307,243.21151111111112,77,35,1,1,1,1,1,1,1,1,1,1,1,1,1,1,1,1,1,1,1,1,1,1,1
79.69580045351475,79.88156009070295,73,38,1,1,1,1,1,1,1,1,1,1,1,1,1,1,1,1
111.22453741496598,111.31870113378685,77,37,1,1,1,1,1,1,1,1,1
130.31256916099775,130.46349886621317,73,33,1,1,1,1,1,1,1,1,1,1,-2,1,1
143.37117097505669,143.46405079365078,49,37,1,1,1,1,1,1,1,1
238.44885260770974,238.65783219954648,81,37,1,1,1,1,1,1,1,1,1,1,1,1,1,1,1,1,1,1
111.2477573696145,111.42319092970521,65,29,1,1,1,1,1,1,1,1,1,1,4,1,4,4,4,4
206.930441723356,207.2090811791383,34,33,1,1,1,1,1,1,1,1,1,1,1,1,1,1,1,1,1,1,1,1,1,1,1,1
215.53857052154197,215.81720997732427,80,36,1,1,1,1,1,1,1,1,1,1,1,1,1,1,1,1,1,1,1,1,1,1,1,1
145.27649115646258,145.39259092970522,46,36,1,1,1,1,1,1,1,1,1,1
120.36800907029478,120.53054875283446,65,32,1,1,1,1,1,1,1,1,1,1,1,3,0,0
15.009078004535148,15.136787755102041,41,36,2,1,1,1,1,1,1,1,1,1,1
288.14843310657596,288.24131292517006,65,37,1,1,1,1,1,1,1,1
153.0719215419501,153.28090113378684,73,36,1,1,1,1,1,1,1,1,1,1,1,1,1,1,1,1,1,1
89.90739002267573,90.0118798185941,57,37,1,1,1,1,1,1,1,1,1
127.05920770975057,127.26947120181406,65,35,1,1,1,1,1,1,1,1,1,1,1,1,1,1,1,1,1,1,1
150.37583900226758,150.48032879818595,73,38,1,1,1,0,1,1,1,1,1
112.32876916099774,112.57257868480725,66,33,1,1,1,1,1,1,1,1,1,1,1,1,1,1,1,1,1,1,1,1,1
254.446062585034,254.5737723356009,70,36,1,1,1,1,1,1,1,1,1,1,1
258.97652154195015,259.10423129251706,63,37,-5,1,1,1,1,1,1,1,1,1,1
222.36908888888888,222.48518866213152,46,37,1,1,1,1,1,1,1,1,1,1
95.66979047619049,95.77428027210884,80,36,1,1,1,1,1,1,1,1,1
25.59218684807256,25.789556462585036,32,37,1,1,1,1,1,1,1,1,1,1,1,1,1,1,1,1,1
172.01934965986393,172.11222947845806,60,36,1,1,1,1,1,1,1,1
217.3045709750567,217.3974507936508,60,37,1,1,1,1,1,1,1,1
235.2535410430839,235.346420861678,77,36,1,1,1,1,1,1,1,1
291.13348117913836,291.24958095238094,46,37,1,1,1,1,1,1,1,1,1,1
161.30853106575964,161.43624081632655,53,37,1,1,1,1,1,1,1,1,1,1,1
235.59023038548753,235.78760000000003,53,35,1,1,1,1,1,1,1,1,1,1,1,1,1,1,1,1,1
286.5681922902494,286.7887818594104,68,32,1,1,1,1,1,1,1,1,1,1,1,1,1,1,1,1,1,1,1
239.38926077097506,239.50536054421767,70,35,1,1,1,1,1,1,1,1,1,1
161.94707981859412,162.03995963718822,77,37,1,1,1,1,1,1,1,1
105.67240045351474,105.78850022675738,68,36,1,1,1,1,1,1,1,1,1,1
123.72586031746032,123.81874013605443,48,37,1,1,1,1,1,1,1,1
122.79577823129252,122.88865804988662,42,36,1,1,1,1,1,1,1,1
119.2650612244898,119.43921088435374,68,36,1,1,1,1,1,1,1,1,1,1,1,1,1,1,1
151.4568507936508,151.70066031746032,65,34,1,1,1,1,1,1,1,1,1,1,1,1,1,1,1,-5,-5,1,1,1,1
70.26207936507937,70.44783900226759,65,32,1,1,1,1,1,1,1,1,1,1,1,1,1,1,1,1
169.24328117913834,169.4174308390023,58,34,1,1,1,1,1,1,1,1,1,1,1,1,1,1,1
147.05410158730157,147.18181133786848,75,37,1,1,1,1,1,1,1,1,1,1,1
105.35893106575963,105.45181088435375,73,36,1,1,1,1,1,1,1,1
205.03673151927438,205.1876612244898,68,35,1,1,1,1,1,1,1,1,1,1,1,1,1
244.0590394557823,244.20996916099773,77,35,0,0,1,1,1,1,1,1,1,1,1,1,1
43.04192789115646,43.18124761904762,68,33,1,1,1,1,1,1,1,1,1,1,1,1
86.09674965986395,86.18962947845804,72,36,1,1,1,1,1,1,1,1
124.4224589569161,124.53855873015873,81,36,1,1,1,1,1,1,1,1,1,1
130.7305283446712,130.84662811791384,63,37,1,1,1,1,1,1,1,1,1,1
43.87913015873016,43.97200997732426,68,35,1,1,1,1,1,1,1,1
99.3411111111111,99.468820861678,73,36,1,1,1,1,1,1,1,1,1,1,1
124.16703945578232,124.27152925170068,32,36,1,1,1,1,1,1,1,1,1
18.773278458049884,18.889378231292515,66,36,1,1,1,1,1,1,1,1,1,1
170.52037868480727,170.70613832199547,72,31,1,1,1,1,1,1,1,1,1,1,1,1,1,1,1,1
172.18188934240362,172.39086893424036,73,32,-2,1,1,-2,1,1,1,1,1,1,1,1,1,1,1,1,1,1
18.227609523809523,18.471419047619047,82,33,1,1,1,1,1,1,1,1,1,1,1,1,1,1,1,1,1,1,1,1,1
155.94086984126986,156.09179954648528,80,36,1,1,1,1,1,1,1,1,1,1,1,1,1
7.794146485260771,7.921856235827665,42,36,1,1,1,1,1,1,1,1,1,1,1
149.3657709750567,149.49348072562358,72,33,1,1,1,1,1,1,1,1,-5,-5,4
104.0341097505669,104.18503945578232,49,27,1,1,1,1,1,1,1,1,1,1,1,1,1
262.2298829931973,262.35759274376414,77,35,1,1,1,1,1,1,1,1,1,1,1
12.976048072562358,13.068927891156463,66,35,-2,1,1,1,1,1,1,1
178.67571836734695,178.79181814058956,58,34,1,1,1,1,1,1,1,1,1,1
293.2245609977324,293.3638807256236,63,29,1,1,1,1,1,1,1,1,1,1,1,1
47.32857732426304,47.42145714285714,78,35,1,1,1,1,1,1,1,1
1.9981999999999998,2.1026897959183675,65,35,1,1,1,1,1,1,1,1,1
110.85301814058957,111.09682766439909,70,31,1,1,1,1,1,1,1,1,1,1,1,1,1,1,1,1,1,1,1,1,1
124.91007800453515,125.01456780045352,49,35,1,1,1,1,1,1,1,1,1
128.90647800453513,128.99935782312926,73,35,1,1,1,1,1,1,1,1
206.0700195011338,206.22094920634922,65,35,1,1,1,1,1,1,1,1,1,1,1,1,1
196.43892879818594,196.53180861678007,65,35,1,1,1,1,1,1,1,1
290.91289160997735,291.0173814058957,63,35,1,1,1,1,1,1,1,1,1
132.62423854875283,132.71711836734693,78,35,1,1,1,1,1,1,1,1
233.68491020408163,233.89388979591837,77,33,1,1,1,1,1,1,1,1,1,1,1,1,1,1,1,1,1,1
217.35101088435374,217.44389070294784,75,35,1,1,1,1,1,1,1,1
127.76870022675737,127.91962993197279,41,30,1,1,1,1,1,1,1,1,1,1,1,1,1
147.85519002267574,147.94806984126984,77,34,1,1,1,1,1,1,1,1
210.82235192743764,210.9965015873016,63,33,-5,1,1,1,1,1,1,1,1,-5,-5,-5,-5,-5,-5
20.875968253968257,20.992068027210887,65,34,1,1,1,1,1,1,1,1,1,1
96.59858866213152,96.71468843537416,75,34,1,1,1,1,1,1,1,1,1,1
98.63161859410431,98.7593283446712,87,33,1,1,1,1,1,1,1,1,1,1,1
236.52031247165533,236.72929206349207,82,32,1,1,1,1,1,1,1,1,1,1,1,1,1,1,1,1,1,1
106.96110793650794,107.10042766439909,87,34,1,1,1,1,1,1,1,1,1,1,1,1
23.559156916099774,23.65203673469388,34,35,1,1,1,1,1,1,1,1
168.11582947845804,168.27836916099773,80,34,1,1,1,1,1,1,1,1,1,1,1,1,1,1
181.6504403628118,181.84780997732426,57,32,1,1,1,0,1,1,1,1,1,1,-2,1,1,1,1,1,1
125.8285501133787,126.03752970521542,70,31,1,1,1,1,-5,-5,1,1,1,1,1,1,1,1,1,1,1,1
154.38384897959182,154.49994875283446,70,33,1,1,1,1,1,1,1,1,1,1
130.37061904761904,130.4751088435374,87,34,1,1,1,1,1,1,1,1,1
128.18665941043082,128.30275918367346,76,34,1,1,1,1,1,1,1,1,1,1
112.119789569161,112.35198911564626,75,32,1,1,1,1,1,1,1,1,1,1,1,1,1,1,1,1,1,1,1,1
162.19088934240364,162.28376916099774,63,29,1,1,1,1,1,1,-5,-5
18.64556870748299,18.738448526077097,42,33,1,1,1,1,1,1,1,1
73.35161723356009,73.51544081632653,51,33,1,1,1,1,1,1,1,1,1,1,1,1,1,1,1
61.50173696145124,61.65395056689343,42,32,1,1,1,1,1,1,1,1,1,1,1,1,1,1
31.20365759637188,31.377807256235826,53,30,1,1,1,1,1,1,1,1,1,-5,-5,-5,1,1,1
217.2697410430839,217.362620861678,53,33,1,1,1,1,1,1,1,1
116.09296961451247,116.2438993197279,68,33,1,1,1,1,1,1,1,1,1,1,1,1,1
210.75269206349208,210.926841723356,80,29,1,1,1,1,1,1,1,1,1,1,1,1,1,1,1
211.3331909297052,211.42607074829934,70,29,1,1,1,1,1,1,1,1
